2026-03-28 09:09:44,775 INFO root Discovering cases for SCOTUS term 2023 via Oyez API…
2026-03-28 09:09:46,006 INFO root Processing Main Document: "Main Document"
2026-03-28 09:09:46,007 INFO root Skipping non-brief document: "Nov 21 2022 Motion to extend the time to file a response from December 14, 2022 "
2026-03-28 09:09:46,007 INFO root Processing Main Document: "Main Document"
2026-03-28 09:09:46,007 INFO root Skipping non-brief document: "Nov 21 2022 Response to motion to extend the time to file a response filed. Main"
2026-03-28 09:09:46,007 INFO root Processing Main Document: "Main Document"
2026-03-28 09:09:46,009 INFO root Filename: "20221214_amici_West_Virginia"
2026-03-28 09:09:46,009 INFO root Processing Main Document: "Main Document"
2026-03-28 09:09:46,010 INFO root Filename: "20221214_amici_New_York"
2026-03-28 09:09:46,010 INFO root Processing Main Document: "Main Document"
2026-03-28 09:09:46,010 INFO root Filename: "20230113_respondent_Community_Financial_Services_Association_America_Limited"
2026-03-28 09:09:46,010 INFO root Processing Main Document: "Main Document"
2026-03-28 09:09:46,010 INFO root Filename: "20230201_reply_Consumer_Financial_Protection_Bureau"
2026-03-28 09:09:46,010 INFO root Processing Main Document: "Main Document"
2026-03-28 09:09:46,010 INFO root Skipping non-brief document: "Mar 10 2023 Motion for an extension of time filed. Main Document"
2026-03-28 09:09:46,010 INFO root Processing Main Document: "Main Document"
2026-03-28 09:09:46,011 INFO root Skipping non-brief document: "Apr 26 2023 Motion to dispense with printing the joint appendix filed by petitio"
2026-03-28 09:09:46,011 INFO root Processing Main Document: "Main Document"
2026-03-28 09:09:46,011 INFO root Filename: "20230508_petitioner_Consumer_Financial_Protection_Bureau"
2026-03-28 09:09:46,011 INFO root Processing Main Document: "Main Document"
2026-03-28 09:09:46,011 INFO root Filename: "20230512_amici_Farm_Action"
2026-03-28 09:09:46,011 INFO root Processing Main Document: "Main Document"
2026-03-28 09:09:46,011 INFO root Filename: "20230515_amici_States_New_York"
2026-03-28 09:09:46,011 INFO root Processing Main Document: "Main Document"
2026-03-28 09:09:46,012 INFO root Filename: "20230515_amici_Community_Development_Credit_Unions_Financial"
2026-03-28 09:09:46,012 INFO root Processing Main Document: "Main Document"
2026-03-28 09:09:46,012 INFO root Filename: "20230515_amici_Professors_History_Constitutional_Law"
2026-03-28 09:09:46,012 INFO root Processing Main Document: "Main Document"
2026-03-28 09:09:46,012 INFO root Filename: "20230515_amici_Lawyersâ_Committee_Civil_Rights_Under"
2026-03-28 09:09:46,012 INFO root Processing Main Document: "Main Document"
2026-03-28 09:09:46,012 INFO root Filename: "20230515_amici_Military_Veterans_Organizations"
2026-03-28 09:09:46,013 INFO root Processing Main Document: "Main Document"
2026-03-28 09:09:46,013 INFO root Filename: "20230515_amicus_National_Treasury_Employees_Union"
2026-03-28 09:09:46,013 INFO root Processing Main Document: "Main Document"
2026-03-28 09:09:46,013 INFO root Filename: "20230515_amici_Current_Former_Members_Congress"
2026-03-28 09:09:46,013 INFO root Processing Main Document: "Main Document"
2026-03-28 09:09:46,013 INFO root Filename: "20230515_amici_Mortgage_Bankers_Association"
2026-03-28 09:09:46,013 INFO root Processing Main Document: "Main Document"
2026-03-28 09:09:46,014 INFO root Filename: "20230515_amici_State_Local_Nonprofit_Organizations"
2026-03-28 09:09:46,014 INFO root Processing Main Document: "Main Document"
2026-03-28 09:09:46,014 INFO root Filename: "20230515_amici_AARP_AARP_Foundation"
2026-03-28 09:09:46,014 INFO root Processing Main Document: "Main Document"
2026-03-28 09:09:46,015 INFO root Filename: "20230515_amici_Ten_Consumer_Advocacy_Organizations"
2026-03-28 09:09:46,015 INFO root Processing Main Document: "Main Document"
2026-03-28 09:09:46,015 INFO root Filename: "20230515_amici_Financial_Regulation_Scholars"
2026-03-28 09:09:46,015 INFO root Processing Main Document: "Main Document"
2026-03-28 09:09:46,015 INFO root Filename: "20230630_amicus_Center_Constitutional_Jurisprudence"
2026-03-28 09:09:46,015 INFO root Processing Main Document: "Main Document"
2026-03-28 09:09:46,016 INFO root Filename: "20230703_respondent_Community_Financial_Services_Association_America_Limited"
2026-03-28 09:09:46,016 INFO root Processing Main Document: "Main Document"
2026-03-28 09:09:46,016 INFO root Filename: "20230706_amicus_Atlantic_Legal_Foundation"
2026-03-28 09:09:46,016 INFO root Processing Main Document: "Main Document"
2026-03-28 09:09:46,016 INFO root Filename: "20230707_amicus_Americans_Prosperity_Foundation"
2026-03-28 09:09:46,016 INFO root Processing Main Document: "Main Document"
2026-03-28 09:09:46,016 INFO root Filename: "20230707_amici_State_West_Virginia_Other"
2026-03-28 09:09:46,016 INFO root Processing Main Document: "Main Document"
2026-03-28 09:09:46,017 INFO root Filename: "20230710_amicus_Landmark_Legal_Foundation"
2026-03-28 09:09:46,017 INFO root Processing Main Document: "Main Document"
2026-03-28 09:09:46,017 INFO root Filename: "20230710_amici_Former_Members_Congress"
2026-03-28 09:09:46,017 INFO root Processing Main Document: "Main Document"
2026-03-28 09:09:46,018 INFO root Filename: "20230710_amici_Credit_Union_National_Association_Inc"
2026-03-28 09:09:46,018 INFO root Processing Main Document: "Main Document"
2026-03-28 09:09:46,018 INFO root Filename: "20230710_amicus_New_England_Legal_Foundation"
2026-03-28 09:09:46,018 INFO root Processing Main Document: "Main Document"
2026-03-28 09:09:46,018 INFO root Filename: "20230710_amici_ACA_International"
2026-03-28 09:09:46,018 INFO root Processing Main Document: "Main Document"
2026-03-28 09:09:46,018 INFO root Filename: "20230710_amicus_Washington_Legal_Foundation"
2026-03-28 09:09:46,019 INFO root Processing Main Document: "Main Document"
2026-03-28 09:09:46,019 INFO root Filename: "20230710_amici_New_Civil_Liberties_Alliance"
2026-03-28 09:09:46,019 INFO root Processing Main Document: "Main Document"
2026-03-28 09:09:46,019 INFO root Filename: "20230710_amicus_Third_Party_Payment_Processors_Association"
2026-03-28 09:09:46,019 INFO root Processing Main Document: "Main Document"
2026-03-28 09:09:46,019 INFO root Filename: "20230710_amici_132_Members_Congress"
2026-03-28 09:09:46,019 INFO root Processing Main Document: "Main Document"
2026-03-28 09:09:46,020 INFO root Filename: "20230710_amici_Chamber_Commerce_US_America"
2026-03-28 09:09:46,020 INFO root Processing Main Document: "Main Document"
2026-03-28 09:09:46,020 INFO root Filename: "20230710_amicus_John_Michael_âMickâ_Mulvaney"
2026-03-28 09:09:46,020 INFO root Processing Main Document: "Main Document"
2026-03-28 09:09:46,020 INFO root Filename: "20230710_amicus_Foundation_Government_Accountability"
2026-03-28 09:09:46,020 INFO root Processing Main Document: "Main Document"
2026-03-28 09:09:46,020 INFO root Filename: "20230710_amici_America's_Future_U.S_Constitutional_Rights"
2026-03-28 09:09:46,020 INFO root Processing Main Document: "Main Document"
2026-03-28 09:09:46,020 INFO root Skipping non-brief document: "Jul 10 2023 Motion of State of West Virginia and 26 Other States for leave to pa"
2026-03-28 09:09:46,021 INFO root Processing Main Document: "Main Document"
2026-03-28 09:09:46,021 INFO root Skipping non-brief document: "Jul 12 2023 Response in opposition to motion from respondents Community Financia"
2026-03-28 09:09:46,021 INFO root Processing Main Document: "Main Document"
2026-03-28 09:09:46,021 INFO root Filename: "20230802_reply_Consumer_Financial_Protection_Bureau"
2026-03-28 09:09:46,021 INFO root Processing Main Document: "Main Document"
2026-03-28 09:09:46,021 INFO root Skipping non-brief document: "Jun 17 2024 Judgment Issued. Main Document"
2026-03-28 09:09:46,021 INFO root Found 37 brief/reply documents for 22-448
2026-03-28 09:09:46,021 INFO root Processing 37 brief/reply documents for case 22-448
2026-03-28 09:09:47,884 WARNING pdfminer.pdfpage CropBox missing from /Page, defaulting to MediaBox
2026-03-28 09:09:47,896 WARNING pdfminer.pdfpage CropBox missing from /Page, defaulting to MediaBox
2026-03-28 09:09:47,899 WARNING pdfminer.pdfpage CropBox missing from /Page, defaulting to MediaBox
2026-03-28 09:09:47,905 WARNING pdfminer.pdfpage CropBox missing from /Page, defaulting to MediaBox
2026-03-28 09:09:47,917 WARNING pdfminer.pdfpage CropBox missing from /Page, defaulting to MediaBox
2026-03-28 09:09:47,928 WARNING pdfminer.pdfpage CropBox missing from /Page, defaulting to MediaBox
2026-03-28 09:09:47,939 WARNING pdfminer.pdfpage CropBox missing from /Page, defaulting to MediaBox
2026-03-28 09:09:47,952 WARNING pdfminer.pdfpage CropBox missing from /Page, defaulting to MediaBox
2026-03-28 09:09:47,964 WARNING pdfminer.pdfpage CropBox missing from /Page, defaulting to MediaBox
2026-03-28 09:09:47,976 WARNING pdfminer.pdfpage CropBox missing from /Page, defaulting to MediaBox
2026-03-28 09:09:47,986 WARNING pdfminer.pdfpage CropBox missing from /Page, defaulting to MediaBox
2026-03-28 09:09:47,997 WARNING pdfminer.pdfpage CropBox missing from /Page, defaulting to MediaBox
2026-03-28 09:09:48,010 WARNING pdfminer.pdfpage CropBox missing from /Page, defaulting to MediaBox
2026-03-28 09:09:48,022 WARNING pdfminer.pdfpage CropBox missing from /Page, defaulting to MediaBox
2026-03-28 09:09:48,034 WARNING pdfminer.pdfpage CropBox missing from /Page, defaulting to MediaBox
2026-03-28 09:09:48,047 WARNING pdfminer.pdfpage CropBox missing from /Page, defaulting to MediaBox
2026-03-28 09:09:48,059 WARNING pdfminer.pdfpage CropBox missing from /Page, defaulting to MediaBox
2026-03-28 09:09:48,073 WARNING pdfminer.pdfpage CropBox missing from /Page, defaulting to MediaBox
2026-03-28 09:09:48,085 WARNING pdfminer.pdfpage CropBox missing from /Page, defaulting to MediaBox
2026-03-28 09:09:48,098 WARNING pdfminer.pdfpage CropBox missing from /Page, defaulting to MediaBox
2026-03-28 09:09:48,111 WARNING pdfminer.pdfpage CropBox missing from /Page, defaulting to MediaBox
2026-03-28 09:09:48,125 WARNING pdfminer.pdfpage CropBox missing from /Page, defaulting to MediaBox
2026-03-28 09:09:48,141 WARNING pdfminer.pdfpage CropBox missing from /Page, defaulting to MediaBox
2026-03-28 09:09:48,156 WARNING pdfminer.pdfpage CropBox missing from /Page, defaulting to MediaBox
2026-03-28 09:09:48,171 WARNING pdfminer.pdfpage CropBox missing from /Page, defaulting to MediaBox
2026-03-28 09:09:48,184 WARNING pdfminer.pdfpage CropBox missing from /Page, defaulting to MediaBox
2026-03-28 09:09:48,198 WARNING pdfminer.pdfpage CropBox missing from /Page, defaulting to MediaBox
2026-03-28 09:09:48,212 WARNING pdfminer.pdfpage CropBox missing from /Page, defaulting to MediaBox
2026-03-28 09:09:48,226 WARNING pdfminer.pdfpage CropBox missing from /Page, defaulting to MediaBox
2026-03-28 09:09:48,239 WARNING pdfminer.pdfpage CropBox missing from /Page, defaulting to MediaBox
2026-03-28 09:09:48,251 WARNING pdfminer.pdfpage CropBox missing from /Page, defaulting to MediaBox
2026-03-28 09:09:48,265 WARNING pdfminer.pdfpage CropBox missing from /Page, defaulting to MediaBox
2026-03-28 09:09:48,290 WARNING pdfminer.pdfpage CropBox missing from /Page, defaulting to MediaBox
2026-03-28 09:09:48,307 WARNING pdfminer.pdfpage CropBox missing from /Page, defaulting to MediaBox
2026-03-28 09:09:48,319 WARNING pdfminer.pdfpage CropBox missing from /Page, defaulting to MediaBox
2026-03-28 09:09:48,325 WARNING pdfminer.pdfpage CropBox missing from /Page, defaulting to MediaBox
2026-03-28 09:09:48,337 INFO root SUCCESS 22-448 [1/37] → data\22-448\json\20221214_amici_West_Virginia_49cbd0.json
2026-03-28 09:09:50,905 INFO root SUCCESS 22-448 [2/37] → data\22-448\json\20221214_amici_New_York_b8272b.json
2026-03-28 09:09:53,007 WARNING pdfminer.pdfpage CropBox missing from /Page, defaulting to MediaBox
2026-03-28 09:09:53,016 WARNING pdfminer.pdfpage CropBox missing from /Page, defaulting to MediaBox
2026-03-28 09:09:53,022 WARNING pdfminer.pdfpage CropBox missing from /Page, defaulting to MediaBox
2026-03-28 09:09:53,024 WARNING pdfminer.pdfpage CropBox missing from /Page, defaulting to MediaBox
2026-03-28 09:09:53,032 WARNING pdfminer.pdfpage CropBox missing from /Page, defaulting to MediaBox
2026-03-28 09:09:53,034 WARNING pdfminer.pdfpage CropBox missing from /Page, defaulting to MediaBox
2026-03-28 09:09:53,040 WARNING pdfminer.pdfpage CropBox missing from /Page, defaulting to MediaBox
2026-03-28 09:09:53,047 WARNING pdfminer.pdfpage CropBox missing from /Page, defaulting to MediaBox
2026-03-28 09:09:53,054 WARNING pdfminer.pdfpage CropBox missing from /Page, defaulting to MediaBox
2026-03-28 09:09:53,063 WARNING pdfminer.pdfpage CropBox missing from /Page, defaulting to MediaBox
2026-03-28 09:09:53,068 WARNING pdfminer.pdfpage CropBox missing from /Page, defaulting to MediaBox
2026-03-28 09:09:53,075 WARNING pdfminer.pdfpage CropBox missing from /Page, defaulting to MediaBox
2026-03-28 09:09:53,082 WARNING pdfminer.pdfpage CropBox missing from /Page, defaulting to MediaBox
2026-03-28 09:09:53,089 WARNING pdfminer.pdfpage CropBox missing from /Page, defaulting to MediaBox
2026-03-28 09:09:53,095 WARNING pdfminer.pdfpage CropBox missing from /Page, defaulting to MediaBox
2026-03-28 09:09:53,103 WARNING pdfminer.pdfpage CropBox missing from /Page, defaulting to MediaBox
2026-03-28 09:09:53,110 WARNING pdfminer.pdfpage CropBox missing from /Page, defaulting to MediaBox
2026-03-28 09:09:53,117 WARNING pdfminer.pdfpage CropBox missing from /Page, defaulting to MediaBox
2026-03-28 09:09:53,124 WARNING pdfminer.pdfpage CropBox missing from /Page, defaulting to MediaBox
2026-03-28 09:09:53,131 WARNING pdfminer.pdfpage CropBox missing from /Page, defaulting to MediaBox
2026-03-28 09:09:53,137 WARNING pdfminer.pdfpage CropBox missing from /Page, defaulting to MediaBox
2026-03-28 09:09:53,144 WARNING pdfminer.pdfpage CropBox missing from /Page, defaulting to MediaBox
2026-03-28 09:09:53,153 WARNING pdfminer.pdfpage CropBox missing from /Page, defaulting to MediaBox
2026-03-28 09:09:53,160 WARNING pdfminer.pdfpage CropBox missing from /Page, defaulting to MediaBox
2026-03-28 09:09:53,167 WARNING pdfminer.pdfpage CropBox missing from /Page, defaulting to MediaBox
2026-03-28 09:09:53,174 WARNING pdfminer.pdfpage CropBox missing from /Page, defaulting to MediaBox
2026-03-28 09:09:53,181 WARNING pdfminer.pdfpage CropBox missing from /Page, defaulting to MediaBox
2026-03-28 09:09:53,189 WARNING pdfminer.pdfpage CropBox missing from /Page, defaulting to MediaBox
2026-03-28 09:09:53,195 WARNING pdfminer.pdfpage CropBox missing from /Page, defaulting to MediaBox
2026-03-28 09:09:53,203 WARNING pdfminer.pdfpage CropBox missing from /Page, defaulting to MediaBox
2026-03-28 09:09:53,211 WARNING pdfminer.pdfpage CropBox missing from /Page, defaulting to MediaBox
2026-03-28 09:09:53,218 WARNING pdfminer.pdfpage CropBox missing from /Page, defaulting to MediaBox
2026-03-28 09:09:53,226 WARNING pdfminer.pdfpage CropBox missing from /Page, defaulting to MediaBox
2026-03-28 09:09:53,234 WARNING pdfminer.pdfpage CropBox missing from /Page, defaulting to MediaBox
2026-03-28 09:09:53,242 WARNING pdfminer.pdfpage CropBox missing from /Page, defaulting to MediaBox
2026-03-28 09:09:53,250 WARNING pdfminer.pdfpage CropBox missing from /Page, defaulting to MediaBox
2026-03-28 09:09:53,257 WARNING pdfminer.pdfpage CropBox missing from /Page, defaulting to MediaBox
2026-03-28 09:09:53,264 WARNING pdfminer.pdfpage CropBox missing from /Page, defaulting to MediaBox
2026-03-28 09:09:53,273 WARNING pdfminer.pdfpage CropBox missing from /Page, defaulting to MediaBox
2026-03-28 09:09:53,280 WARNING pdfminer.pdfpage CropBox missing from /Page, defaulting to MediaBox
2026-03-28 09:09:53,288 WARNING pdfminer.pdfpage CropBox missing from /Page, defaulting to MediaBox
2026-03-28 09:09:53,295 WARNING pdfminer.pdfpage CropBox missing from /Page, defaulting to MediaBox
2026-03-28 09:09:53,302 WARNING pdfminer.pdfpage CropBox missing from /Page, defaulting to MediaBox
2026-03-28 09:09:53,310 WARNING pdfminer.pdfpage CropBox missing from /Page, defaulting to MediaBox
2026-03-28 09:09:53,317 WARNING pdfminer.pdfpage CropBox missing from /Page, defaulting to MediaBox
2026-03-28 09:09:53,325 WARNING pdfminer.pdfpage CropBox missing from /Page, defaulting to MediaBox
2026-03-28 09:09:53,330 INFO root SUCCESS 22-448 [3/37] → data\22-448\json\20230113_respondent_Community_Financial_Services_Association_America_Limited_49a6af.json
2026-03-28 09:09:55,783 INFO root SUCCESS 22-448 [4/37] → data\22-448\json\20230201_reply_Consumer_Financial_Protection_Bureau_3d9241.json
2026-03-28 09:09:59,330 INFO root SUCCESS 22-448 [5/37] → data\22-448\json\20230508_petitioner_Consumer_Financial_Protection_Bureau_793e61.json
2026-03-28 09:10:01,724 INFO root SUCCESS 22-448 [6/37] → data\22-448\json\20230512_amici_Farm_Action_6f9827.json
2026-03-28 09:10:04,266 INFO root SUCCESS 22-448 [7/37] → data\22-448\json\20230515_amici_States_New_York_a06bea.json
2026-03-28 09:10:07,058 INFO root SUCCESS 22-448 [8/37] → data\22-448\json\20230515_amici_Community_Development_Credit_Unions_Financial_0ad3cd.json
2026-03-28 09:10:09,234 WARNING pdfminer.pdfpage CropBox missing from /Page, defaulting to MediaBox
2026-03-28 09:10:09,252 WARNING pdfminer.pdfpage CropBox missing from /Page, defaulting to MediaBox
2026-03-28 09:10:09,266 WARNING pdfminer.pdfpage CropBox missing from /Page, defaulting to MediaBox
2026-03-28 09:10:09,284 WARNING pdfminer.pdfpage CropBox missing from /Page, defaulting to MediaBox
2026-03-28 09:10:09,306 WARNING pdfminer.pdfpage CropBox missing from /Page, defaulting to MediaBox
2026-03-28 09:10:09,328 WARNING pdfminer.pdfpage CropBox missing from /Page, defaulting to MediaBox
2026-03-28 09:10:09,347 WARNING pdfminer.pdfpage CropBox missing from /Page, defaulting to MediaBox
2026-03-28 09:10:09,365 WARNING pdfminer.pdfpage CropBox missing from /Page, defaulting to MediaBox
2026-03-28 09:10:09,385 WARNING pdfminer.pdfpage CropBox missing from /Page, defaulting to MediaBox
2026-03-28 09:10:09,406 WARNING pdfminer.pdfpage CropBox missing from /Page, defaulting to MediaBox
2026-03-28 09:10:09,413 WARNING pdfminer.pdfpage CropBox missing from /Page, defaulting to MediaBox
2026-03-28 09:10:09,431 WARNING pdfminer.pdfpage CropBox missing from /Page, defaulting to MediaBox
2026-03-28 09:10:09,453 WARNING pdfminer.pdfpage CropBox missing from /Page, defaulting to MediaBox
2026-03-28 09:10:09,478 WARNING pdfminer.pdfpage CropBox missing from /Page, defaulting to MediaBox
2026-03-28 09:10:09,501 WARNING pdfminer.pdfpage CropBox missing from /Page, defaulting to MediaBox
2026-03-28 09:10:09,518 WARNING pdfminer.pdfpage CropBox missing from /Page, defaulting to MediaBox
2026-03-28 09:10:09,542 WARNING pdfminer.pdfpage CropBox missing from /Page, defaulting to MediaBox
2026-03-28 09:10:09,565 WARNING pdfminer.pdfpage CropBox missing from /Page, defaulting to MediaBox
2026-03-28 09:10:09,591 WARNING pdfminer.pdfpage CropBox missing from /Page, defaulting to MediaBox
2026-03-28 09:10:09,616 WARNING pdfminer.pdfpage CropBox missing from /Page, defaulting to MediaBox
2026-03-28 09:10:09,637 WARNING pdfminer.pdfpage CropBox missing from /Page, defaulting to MediaBox
2026-03-28 09:10:09,659 WARNING pdfminer.pdfpage CropBox missing from /Page, defaulting to MediaBox
2026-03-28 09:10:09,681 WARNING pdfminer.pdfpage CropBox missing from /Page, defaulting to MediaBox
2026-03-28 09:10:09,705 WARNING pdfminer.pdfpage CropBox missing from /Page, defaulting to MediaBox
2026-03-28 09:10:09,734 WARNING pdfminer.pdfpage CropBox missing from /Page, defaulting to MediaBox
2026-03-28 09:10:09,758 WARNING pdfminer.pdfpage CropBox missing from /Page, defaulting to MediaBox
2026-03-28 09:10:09,779 WARNING pdfminer.pdfpage CropBox missing from /Page, defaulting to MediaBox
2026-03-28 09:10:09,796 WARNING pdfminer.pdfpage CropBox missing from /Page, defaulting to MediaBox
2026-03-28 09:10:09,815 WARNING pdfminer.pdfpage CropBox missing from /Page, defaulting to MediaBox
2026-03-28 09:10:09,833 WARNING pdfminer.pdfpage CropBox missing from /Page, defaulting to MediaBox
2026-03-28 09:10:09,855 WARNING pdfminer.pdfpage CropBox missing from /Page, defaulting to MediaBox
2026-03-28 09:10:09,877 WARNING pdfminer.pdfpage CropBox missing from /Page, defaulting to MediaBox
2026-03-28 09:10:09,896 WARNING pdfminer.pdfpage CropBox missing from /Page, defaulting to MediaBox
2026-03-28 09:10:09,921 WARNING pdfminer.pdfpage CropBox missing from /Page, defaulting to MediaBox
2026-03-28 09:10:09,944 WARNING pdfminer.pdfpage CropBox missing from /Page, defaulting to MediaBox
2026-03-28 09:10:09,964 WARNING pdfminer.pdfpage CropBox missing from /Page, defaulting to MediaBox
2026-03-28 09:10:09,981 WARNING pdfminer.pdfpage CropBox missing from /Page, defaulting to MediaBox
2026-03-28 09:10:10,004 WARNING pdfminer.pdfpage CropBox missing from /Page, defaulting to MediaBox
2026-03-28 09:10:10,030 WARNING pdfminer.pdfpage CropBox missing from /Page, defaulting to MediaBox
2026-03-28 09:10:10,043 WARNING pdfminer.pdfpage CropBox missing from /Page, defaulting to MediaBox
2026-03-28 09:10:10,054 INFO root SUCCESS 22-448 [9/37] → data\22-448\json\20230515_amici_Professors_History_Constitutional_Law_02b4bc.json
2026-03-28 09:10:12,329 INFO root SUCCESS 22-448 [10/37] → data\22-448\json\20230515_amici_Lawyersâ_Committee_Civil_Rights_Under_aa2161.json
2026-03-28 09:10:14,684 WARNING pdfminer.pdfpage CropBox missing from /Page, defaulting to MediaBox
2026-03-28 09:10:14,694 WARNING pdfminer.pdfpage CropBox missing from /Page, defaulting to MediaBox
2026-03-28 09:10:14,701 WARNING pdfminer.pdfpage CropBox missing from /Page, defaulting to MediaBox
2026-03-28 09:10:14,707 WARNING pdfminer.pdfpage CropBox missing from /Page, defaulting to MediaBox
2026-03-28 09:10:14,715 WARNING pdfminer.pdfpage CropBox missing from /Page, defaulting to MediaBox
2026-03-28 09:10:14,722 WARNING pdfminer.pdfpage CropBox missing from /Page, defaulting to MediaBox
2026-03-28 09:10:14,729 WARNING pdfminer.pdfpage CropBox missing from /Page, defaulting to MediaBox
2026-03-28 09:10:14,736 WARNING pdfminer.pdfpage CropBox missing from /Page, defaulting to MediaBox
2026-03-28 09:10:14,738 WARNING pdfminer.pdfpage CropBox missing from /Page, defaulting to MediaBox
2026-03-28 09:10:14,747 WARNING pdfminer.pdfpage CropBox missing from /Page, defaulting to MediaBox
2026-03-28 09:10:14,754 WARNING pdfminer.pdfpage CropBox missing from /Page, defaulting to MediaBox
2026-03-28 09:10:14,760 WARNING pdfminer.pdfpage CropBox missing from /Page, defaulting to MediaBox
2026-03-28 09:10:14,766 WARNING pdfminer.pdfpage CropBox missing from /Page, defaulting to MediaBox
2026-03-28 09:10:14,772 WARNING pdfminer.pdfpage CropBox missing from /Page, defaulting to MediaBox
2026-03-28 09:10:14,779 WARNING pdfminer.pdfpage CropBox missing from /Page, defaulting to MediaBox
2026-03-28 09:10:14,787 WARNING pdfminer.pdfpage CropBox missing from /Page, defaulting to MediaBox
2026-03-28 09:10:14,794 WARNING pdfminer.pdfpage CropBox missing from /Page, defaulting to MediaBox
2026-03-28 09:10:14,801 WARNING pdfminer.pdfpage CropBox missing from /Page, defaulting to MediaBox
2026-03-28 09:10:14,807 WARNING pdfminer.pdfpage CropBox missing from /Page, defaulting to MediaBox
2026-03-28 09:10:14,815 WARNING pdfminer.pdfpage CropBox missing from /Page, defaulting to MediaBox
2026-03-28 09:10:14,822 WARNING pdfminer.pdfpage CropBox missing from /Page, defaulting to MediaBox
2026-03-28 09:10:14,828 WARNING pdfminer.pdfpage CropBox missing from /Page, defaulting to MediaBox
2026-03-28 09:10:14,836 WARNING pdfminer.pdfpage CropBox missing from /Page, defaulting to MediaBox
2026-03-28 09:10:14,844 WARNING pdfminer.pdfpage CropBox missing from /Page, defaulting to MediaBox
2026-03-28 09:10:14,851 WARNING pdfminer.pdfpage CropBox missing from /Page, defaulting to MediaBox
2026-03-28 09:10:14,857 WARNING pdfminer.pdfpage CropBox missing from /Page, defaulting to MediaBox
2026-03-28 09:10:14,864 WARNING pdfminer.pdfpage CropBox missing from /Page, defaulting to MediaBox
2026-03-28 09:10:14,872 WARNING pdfminer.pdfpage CropBox missing from /Page, defaulting to MediaBox
2026-03-28 09:10:14,879 WARNING pdfminer.pdfpage CropBox missing from /Page, defaulting to MediaBox
2026-03-28 09:10:14,886 WARNING pdfminer.pdfpage CropBox missing from /Page, defaulting to MediaBox
2026-03-28 09:10:14,893 WARNING pdfminer.pdfpage CropBox missing from /Page, defaulting to MediaBox
2026-03-28 09:10:14,900 WARNING pdfminer.pdfpage CropBox missing from /Page, defaulting to MediaBox
2026-03-28 09:10:14,907 WARNING pdfminer.pdfpage CropBox missing from /Page, defaulting to MediaBox
2026-03-28 09:10:14,913 WARNING pdfminer.pdfpage CropBox missing from /Page, defaulting to MediaBox
2026-03-28 09:10:14,920 WARNING pdfminer.pdfpage CropBox missing from /Page, defaulting to MediaBox
2026-03-28 09:10:14,927 WARNING pdfminer.pdfpage CropBox missing from /Page, defaulting to MediaBox
2026-03-28 09:10:14,934 WARNING pdfminer.pdfpage CropBox missing from /Page, defaulting to MediaBox
2026-03-28 09:10:14,941 WARNING pdfminer.pdfpage CropBox missing from /Page, defaulting to MediaBox
2026-03-28 09:10:14,949 WARNING pdfminer.pdfpage CropBox missing from /Page, defaulting to MediaBox
2026-03-28 09:10:14,956 WARNING pdfminer.pdfpage CropBox missing from /Page, defaulting to MediaBox
2026-03-28 09:10:14,963 WARNING pdfminer.pdfpage CropBox missing from /Page, defaulting to MediaBox
2026-03-28 09:10:14,969 INFO root SUCCESS 22-448 [11/37] → data\22-448\json\20230515_amici_Military_Veterans_Organizations_46cc06.json
2026-03-28 09:10:17,211 INFO root SUCCESS 22-448 [12/37] → data\22-448\json\20230515_amicus_National_Treasury_Employees_Union_0ae485.json
2026-03-28 09:10:19,329 INFO root SUCCESS 22-448 [13/37] → data\22-448\json\20230515_amici_Current_Former_Members_Congress_6a495e.json
2026-03-28 09:10:21,923 INFO root SUCCESS 22-448 [14/37] → data\22-448\json\20230515_amici_Mortgage_Bankers_Association_f8ee10.json
2026-03-28 09:10:24,436 INFO root SUCCESS 22-448 [15/37] → data\22-448\json\20230515_amici_State_Local_Nonprofit_Organizations_6c713c.json
2026-03-28 09:10:27,004 INFO root SUCCESS 22-448 [16/37] → data\22-448\json\20230515_amici_AARP_AARP_Foundation_0f27f2.json
2026-03-28 09:10:29,368 INFO root SUCCESS 22-448 [17/37] → data\22-448\json\20230515_amici_Ten_Consumer_Advocacy_Organizations_7aa08d.json
2026-03-28 09:10:31,176 WARNING pdfminer.pdfpage CropBox missing from /Page, defaulting to MediaBox
2026-03-28 09:10:31,197 WARNING pdfminer.pdfpage CropBox missing from /Page, defaulting to MediaBox
2026-03-28 09:10:31,214 WARNING pdfminer.pdfpage CropBox missing from /Page, defaulting to MediaBox
2026-03-28 09:10:31,233 WARNING pdfminer.pdfpage CropBox missing from /Page, defaulting to MediaBox
2026-03-28 09:10:31,253 WARNING pdfminer.pdfpage CropBox missing from /Page, defaulting to MediaBox
2026-03-28 09:10:31,274 WARNING pdfminer.pdfpage CropBox missing from /Page, defaulting to MediaBox
2026-03-28 09:10:31,293 WARNING pdfminer.pdfpage CropBox missing from /Page, defaulting to MediaBox
2026-03-28 09:10:31,308 WARNING pdfminer.pdfpage CropBox missing from /Page, defaulting to MediaBox
2026-03-28 09:10:31,326 WARNING pdfminer.pdfpage CropBox missing from /Page, defaulting to MediaBox
2026-03-28 09:10:31,343 WARNING pdfminer.pdfpage CropBox missing from /Page, defaulting to MediaBox
2026-03-28 09:10:31,374 WARNING pdfminer.pdfpage CropBox missing from /Page, defaulting to MediaBox
2026-03-28 09:10:31,398 WARNING pdfminer.pdfpage CropBox missing from /Page, defaulting to MediaBox
2026-03-28 09:10:31,420 WARNING pdfminer.pdfpage CropBox missing from /Page, defaulting to MediaBox
2026-03-28 09:10:31,442 WARNING pdfminer.pdfpage CropBox missing from /Page, defaulting to MediaBox
2026-03-28 09:10:31,465 WARNING pdfminer.pdfpage CropBox missing from /Page, defaulting to MediaBox
2026-03-28 09:10:31,485 WARNING pdfminer.pdfpage CropBox missing from /Page, defaulting to MediaBox
2026-03-28 09:10:31,506 WARNING pdfminer.pdfpage CropBox missing from /Page, defaulting to MediaBox
2026-03-28 09:10:31,527 WARNING pdfminer.pdfpage CropBox missing from /Page, defaulting to MediaBox
2026-03-28 09:10:31,550 WARNING pdfminer.pdfpage CropBox missing from /Page, defaulting to MediaBox
2026-03-28 09:10:31,572 WARNING pdfminer.pdfpage CropBox missing from /Page, defaulting to MediaBox
2026-03-28 09:10:31,592 WARNING pdfminer.pdfpage CropBox missing from /Page, defaulting to MediaBox
2026-03-28 09:10:31,614 WARNING pdfminer.pdfpage CropBox missing from /Page, defaulting to MediaBox
2026-03-28 09:10:31,634 WARNING pdfminer.pdfpage CropBox missing from /Page, defaulting to MediaBox
2026-03-28 09:10:31,654 WARNING pdfminer.pdfpage CropBox missing from /Page, defaulting to MediaBox
2026-03-28 09:10:31,675 WARNING pdfminer.pdfpage CropBox missing from /Page, defaulting to MediaBox
2026-03-28 09:10:31,689 WARNING pdfminer.pdfpage CropBox missing from /Page, defaulting to MediaBox
2026-03-28 09:10:31,706 WARNING pdfminer.pdfpage CropBox missing from /Page, defaulting to MediaBox
2026-03-28 09:10:31,725 WARNING pdfminer.pdfpage CropBox missing from /Page, defaulting to MediaBox
2026-03-28 09:10:31,749 WARNING pdfminer.pdfpage CropBox missing from /Page, defaulting to MediaBox
2026-03-28 09:10:31,770 INFO root SUCCESS 22-448 [18/37] → data\22-448\json\20230515_amici_Financial_Regulation_Scholars_f11f3e.json
2026-03-28 09:10:34,008 WARNING pdfminer.pdfpage CropBox missing from /Page, defaulting to MediaBox
2026-03-28 09:10:34,030 WARNING pdfminer.pdfpage CropBox missing from /Page, defaulting to MediaBox
2026-03-28 09:10:34,045 WARNING pdfminer.pdfpage CropBox missing from /Page, defaulting to MediaBox
2026-03-28 09:10:34,065 WARNING pdfminer.pdfpage CropBox missing from /Page, defaulting to MediaBox
2026-03-28 09:10:34,085 WARNING pdfminer.pdfpage CropBox missing from /Page, defaulting to MediaBox
2026-03-28 09:10:34,105 WARNING pdfminer.pdfpage CropBox missing from /Page, defaulting to MediaBox
2026-03-28 09:10:34,123 WARNING pdfminer.pdfpage CropBox missing from /Page, defaulting to MediaBox
2026-03-28 09:10:34,141 WARNING pdfminer.pdfpage CropBox missing from /Page, defaulting to MediaBox
2026-03-28 09:10:34,157 WARNING pdfminer.pdfpage CropBox missing from /Page, defaulting to MediaBox
2026-03-28 09:10:34,171 WARNING pdfminer.pdfpage CropBox missing from /Page, defaulting to MediaBox
2026-03-28 09:10:34,191 WARNING pdfminer.pdfpage CropBox missing from /Page, defaulting to MediaBox
2026-03-28 09:10:34,211 WARNING pdfminer.pdfpage CropBox missing from /Page, defaulting to MediaBox
2026-03-28 09:10:34,230 WARNING pdfminer.pdfpage CropBox missing from /Page, defaulting to MediaBox
2026-03-28 09:10:34,249 WARNING pdfminer.pdfpage CropBox missing from /Page, defaulting to MediaBox
2026-03-28 09:10:34,266 WARNING pdfminer.pdfpage CropBox missing from /Page, defaulting to MediaBox
2026-03-28 09:10:34,287 WARNING pdfminer.pdfpage CropBox missing from /Page, defaulting to MediaBox
2026-03-28 09:10:34,306 WARNING pdfminer.pdfpage CropBox missing from /Page, defaulting to MediaBox
2026-03-28 09:10:34,325 WARNING pdfminer.pdfpage CropBox missing from /Page, defaulting to MediaBox
2026-03-28 09:10:34,341 WARNING pdfminer.pdfpage CropBox missing from /Page, defaulting to MediaBox
2026-03-28 09:10:34,355 INFO root SUCCESS 22-448 [19/37] → data\22-448\json\20230630_amicus_Center_Constitutional_Jurisprudence_c0de9d.json
2026-03-28 09:10:36,460 WARNING pdfminer.pdfpage CropBox missing from /Page, defaulting to MediaBox
2026-03-28 09:10:36,474 WARNING pdfminer.pdfpage CropBox missing from /Page, defaulting to MediaBox
2026-03-28 09:10:36,484 WARNING pdfminer.pdfpage CropBox missing from /Page, defaulting to MediaBox
2026-03-28 09:10:36,488 WARNING pdfminer.pdfpage CropBox missing from /Page, defaulting to MediaBox
2026-03-28 09:10:36,501 WARNING pdfminer.pdfpage CropBox missing from /Page, defaulting to MediaBox
2026-03-28 09:10:36,518 WARNING pdfminer.pdfpage CropBox missing from /Page, defaulting to MediaBox
2026-03-28 09:10:36,530 WARNING pdfminer.pdfpage CropBox missing from /Page, defaulting to MediaBox
2026-03-28 09:10:36,550 WARNING pdfminer.pdfpage CropBox missing from /Page, defaulting to MediaBox
2026-03-28 09:10:36,565 WARNING pdfminer.pdfpage CropBox missing from /Page, defaulting to MediaBox
2026-03-28 09:10:36,579 WARNING pdfminer.pdfpage CropBox missing from /Page, defaulting to MediaBox
2026-03-28 09:10:36,592 WARNING pdfminer.pdfpage CropBox missing from /Page, defaulting to MediaBox
2026-03-28 09:10:36,607 WARNING pdfminer.pdfpage CropBox missing from /Page, defaulting to MediaBox
2026-03-28 09:10:36,615 WARNING pdfminer.pdfpage CropBox missing from /Page, defaulting to MediaBox
2026-03-28 09:10:36,634 WARNING pdfminer.pdfpage CropBox missing from /Page, defaulting to MediaBox
2026-03-28 09:10:36,653 WARNING pdfminer.pdfpage CropBox missing from /Page, defaulting to MediaBox
2026-03-28 09:10:36,669 WARNING pdfminer.pdfpage CropBox missing from /Page, defaulting to MediaBox
2026-03-28 09:10:36,691 WARNING pdfminer.pdfpage CropBox missing from /Page, defaulting to MediaBox
2026-03-28 09:10:36,711 WARNING pdfminer.pdfpage CropBox missing from /Page, defaulting to MediaBox
2026-03-28 09:10:36,730 WARNING pdfminer.pdfpage CropBox missing from /Page, defaulting to MediaBox
2026-03-28 09:10:36,751 WARNING pdfminer.pdfpage CropBox missing from /Page, defaulting to MediaBox
2026-03-28 09:10:36,771 WARNING pdfminer.pdfpage CropBox missing from /Page, defaulting to MediaBox
2026-03-28 09:10:36,788 WARNING pdfminer.pdfpage CropBox missing from /Page, defaulting to MediaBox
2026-03-28 09:10:36,807 WARNING pdfminer.pdfpage CropBox missing from /Page, defaulting to MediaBox
2026-03-28 09:10:36,827 WARNING pdfminer.pdfpage CropBox missing from /Page, defaulting to MediaBox
2026-03-28 09:10:36,847 WARNING pdfminer.pdfpage CropBox missing from /Page, defaulting to MediaBox
2026-03-28 09:10:36,868 WARNING pdfminer.pdfpage CropBox missing from /Page, defaulting to MediaBox
2026-03-28 09:10:36,889 WARNING pdfminer.pdfpage CropBox missing from /Page, defaulting to MediaBox
2026-03-28 09:10:36,910 WARNING pdfminer.pdfpage CropBox missing from /Page, defaulting to MediaBox
2026-03-28 09:10:36,933 WARNING pdfminer.pdfpage CropBox missing from /Page, defaulting to MediaBox
2026-03-28 09:10:36,957 WARNING pdfminer.pdfpage CropBox missing from /Page, defaulting to MediaBox
2026-03-28 09:10:36,978 WARNING pdfminer.pdfpage CropBox missing from /Page, defaulting to MediaBox
2026-03-28 09:10:37,002 WARNING pdfminer.pdfpage CropBox missing from /Page, defaulting to MediaBox
2026-03-28 09:10:37,026 WARNING pdfminer.pdfpage CropBox missing from /Page, defaulting to MediaBox
2026-03-28 09:10:37,047 WARNING pdfminer.pdfpage CropBox missing from /Page, defaulting to MediaBox
2026-03-28 09:10:37,069 WARNING pdfminer.pdfpage CropBox missing from /Page, defaulting to MediaBox
2026-03-28 09:10:37,090 WARNING pdfminer.pdfpage CropBox missing from /Page, defaulting to MediaBox
2026-03-28 09:10:37,112 WARNING pdfminer.pdfpage CropBox missing from /Page, defaulting to MediaBox
2026-03-28 09:10:37,134 WARNING pdfminer.pdfpage CropBox missing from /Page, defaulting to MediaBox
2026-03-28 09:10:37,156 WARNING pdfminer.pdfpage CropBox missing from /Page, defaulting to MediaBox
2026-03-28 09:10:37,178 WARNING pdfminer.pdfpage CropBox missing from /Page, defaulting to MediaBox
2026-03-28 09:10:37,199 WARNING pdfminer.pdfpage CropBox missing from /Page, defaulting to MediaBox
2026-03-28 09:10:37,222 WARNING pdfminer.pdfpage CropBox missing from /Page, defaulting to MediaBox
2026-03-28 09:10:37,244 WARNING pdfminer.pdfpage CropBox missing from /Page, defaulting to MediaBox
2026-03-28 09:10:37,269 WARNING pdfminer.pdfpage CropBox missing from /Page, defaulting to MediaBox
2026-03-28 09:10:37,291 WARNING pdfminer.pdfpage CropBox missing from /Page, defaulting to MediaBox
2026-03-28 09:10:37,315 WARNING pdfminer.pdfpage CropBox missing from /Page, defaulting to MediaBox
2026-03-28 09:10:37,337 WARNING pdfminer.pdfpage CropBox missing from /Page, defaulting to MediaBox
2026-03-28 09:10:37,358 WARNING pdfminer.pdfpage CropBox missing from /Page, defaulting to MediaBox
2026-03-28 09:10:37,385 WARNING pdfminer.pdfpage CropBox missing from /Page, defaulting to MediaBox
2026-03-28 09:10:37,405 WARNING pdfminer.pdfpage CropBox missing from /Page, defaulting to MediaBox
2026-03-28 09:10:37,424 WARNING pdfminer.pdfpage CropBox missing from /Page, defaulting to MediaBox
2026-03-28 09:10:37,444 WARNING pdfminer.pdfpage CropBox missing from /Page, defaulting to MediaBox
2026-03-28 09:10:37,466 WARNING pdfminer.pdfpage CropBox missing from /Page, defaulting to MediaBox
2026-03-28 09:10:37,487 WARNING pdfminer.pdfpage CropBox missing from /Page, defaulting to MediaBox
2026-03-28 09:10:37,511 WARNING pdfminer.pdfpage CropBox missing from /Page, defaulting to MediaBox
2026-03-28 09:10:37,531 WARNING pdfminer.pdfpage CropBox missing from /Page, defaulting to MediaBox
2026-03-28 09:10:37,554 WARNING pdfminer.pdfpage CropBox missing from /Page, defaulting to MediaBox
2026-03-28 09:10:37,574 WARNING pdfminer.pdfpage CropBox missing from /Page, defaulting to MediaBox
2026-03-28 09:10:37,598 WARNING pdfminer.pdfpage CropBox missing from /Page, defaulting to MediaBox
2026-03-28 09:10:37,620 WARNING pdfminer.pdfpage CropBox missing from /Page, defaulting to MediaBox
2026-03-28 09:10:37,640 WARNING pdfminer.pdfpage CropBox missing from /Page, defaulting to MediaBox
2026-03-28 09:10:37,661 WARNING pdfminer.pdfpage CropBox missing from /Page, defaulting to MediaBox
2026-03-28 09:10:37,680 WARNING pdfminer.pdfpage CropBox missing from /Page, defaulting to MediaBox
2026-03-28 09:10:37,702 WARNING pdfminer.pdfpage CropBox missing from /Page, defaulting to MediaBox
2026-03-28 09:10:37,712 INFO root SUCCESS 22-448 [20/37] → data\22-448\json\20230703_respondent_Community_Financial_Services_Association_America_Limited_4f8c87.json
2026-03-28 09:10:40,378 INFO root SUCCESS 22-448 [21/37] → data\22-448\json\20230706_amicus_Atlantic_Legal_Foundation_8f78f1.json
2026-03-28 09:10:42,178 WARNING pdfminer.pdfpage CropBox missing from /Page, defaulting to MediaBox
2026-03-28 09:10:42,198 WARNING pdfminer.pdfpage CropBox missing from /Page, defaulting to MediaBox
2026-03-28 09:10:42,218 WARNING pdfminer.pdfpage CropBox missing from /Page, defaulting to MediaBox
2026-03-28 09:10:42,236 WARNING pdfminer.pdfpage CropBox missing from /Page, defaulting to MediaBox
2026-03-28 09:10:42,254 WARNING pdfminer.pdfpage CropBox missing from /Page, defaulting to MediaBox
2026-03-28 09:10:42,271 WARNING pdfminer.pdfpage CropBox missing from /Page, defaulting to MediaBox
2026-03-28 09:10:42,288 WARNING pdfminer.pdfpage CropBox missing from /Page, defaulting to MediaBox
2026-03-28 09:10:42,306 WARNING pdfminer.pdfpage CropBox missing from /Page, defaulting to MediaBox
2026-03-28 09:10:42,325 WARNING pdfminer.pdfpage CropBox missing from /Page, defaulting to MediaBox
2026-03-28 09:10:42,342 WARNING pdfminer.pdfpage CropBox missing from /Page, defaulting to MediaBox
2026-03-28 09:10:42,357 WARNING pdfminer.pdfpage CropBox missing from /Page, defaulting to MediaBox
2026-03-28 09:10:42,373 WARNING pdfminer.pdfpage CropBox missing from /Page, defaulting to MediaBox
2026-03-28 09:10:42,389 WARNING pdfminer.pdfpage CropBox missing from /Page, defaulting to MediaBox
2026-03-28 09:10:42,407 WARNING pdfminer.pdfpage CropBox missing from /Page, defaulting to MediaBox
2026-03-28 09:10:42,420 WARNING pdfminer.pdfpage CropBox missing from /Page, defaulting to MediaBox
2026-03-28 09:10:42,442 WARNING pdfminer.pdfpage CropBox missing from /Page, defaulting to MediaBox
2026-03-28 09:10:42,468 WARNING pdfminer.pdfpage CropBox missing from /Page, defaulting to MediaBox
2026-03-28 09:10:42,503 WARNING pdfminer.pdfpage CropBox missing from /Page, defaulting to MediaBox
2026-03-28 09:10:42,522 WARNING pdfminer.pdfpage CropBox missing from /Page, defaulting to MediaBox
2026-03-28 09:10:42,541 WARNING pdfminer.pdfpage CropBox missing from /Page, defaulting to MediaBox
2026-03-28 09:10:42,557 WARNING pdfminer.pdfpage CropBox missing from /Page, defaulting to MediaBox
2026-03-28 09:10:42,579 WARNING pdfminer.pdfpage CropBox missing from /Page, defaulting to MediaBox
2026-03-28 09:10:42,604 WARNING pdfminer.pdfpage CropBox missing from /Page, defaulting to MediaBox
2026-03-28 09:10:42,624 WARNING pdfminer.pdfpage CropBox missing from /Page, defaulting to MediaBox
2026-03-28 09:10:42,646 WARNING pdfminer.pdfpage CropBox missing from /Page, defaulting to MediaBox
2026-03-28 09:10:42,667 WARNING pdfminer.pdfpage CropBox missing from /Page, defaulting to MediaBox
2026-03-28 09:10:42,686 WARNING pdfminer.pdfpage CropBox missing from /Page, defaulting to MediaBox
2026-03-28 09:10:42,705 WARNING pdfminer.pdfpage CropBox missing from /Page, defaulting to MediaBox
2026-03-28 09:10:42,725 WARNING pdfminer.pdfpage CropBox missing from /Page, defaulting to MediaBox
2026-03-28 09:10:42,743 WARNING pdfminer.pdfpage CropBox missing from /Page, defaulting to MediaBox
2026-03-28 09:10:42,765 WARNING pdfminer.pdfpage CropBox missing from /Page, defaulting to MediaBox
2026-03-28 09:10:42,784 WARNING pdfminer.pdfpage CropBox missing from /Page, defaulting to MediaBox
2026-03-28 09:10:42,804 WARNING pdfminer.pdfpage CropBox missing from /Page, defaulting to MediaBox
2026-03-28 09:10:42,825 WARNING pdfminer.pdfpage CropBox missing from /Page, defaulting to MediaBox
2026-03-28 09:10:42,843 WARNING pdfminer.pdfpage CropBox missing from /Page, defaulting to MediaBox
2026-03-28 09:10:42,863 WARNING pdfminer.pdfpage CropBox missing from /Page, defaulting to MediaBox
2026-03-28 09:10:42,879 WARNING pdfminer.pdfpage CropBox missing from /Page, defaulting to MediaBox
2026-03-28 09:10:42,902 WARNING pdfminer.pdfpage CropBox missing from /Page, defaulting to MediaBox
2026-03-28 09:10:42,924 WARNING pdfminer.pdfpage CropBox missing from /Page, defaulting to MediaBox
2026-03-28 09:10:42,947 WARNING pdfminer.pdfpage CropBox missing from /Page, defaulting to MediaBox
2026-03-28 09:10:42,971 WARNING pdfminer.pdfpage CropBox missing from /Page, defaulting to MediaBox
2026-03-28 09:10:42,988 WARNING pdfminer.pdfpage CropBox missing from /Page, defaulting to MediaBox
2026-03-28 09:10:43,010 WARNING pdfminer.pdfpage CropBox missing from /Page, defaulting to MediaBox
2026-03-28 09:10:43,022 INFO root SUCCESS 22-448 [22/37] → data\22-448\json\20230707_amicus_Americans_Prosperity_Foundation_a87a79.json
2026-03-28 09:10:44,968 WARNING pdfminer.pdfpage CropBox missing from /Page, defaulting to MediaBox
2026-03-28 09:10:44,981 WARNING pdfminer.pdfpage CropBox missing from /Page, defaulting to MediaBox
2026-03-28 09:10:44,984 WARNING pdfminer.pdfpage CropBox missing from /Page, defaulting to MediaBox
2026-03-28 09:10:44,990 WARNING pdfminer.pdfpage CropBox missing from /Page, defaulting to MediaBox
2026-03-28 09:10:45,002 WARNING pdfminer.pdfpage CropBox missing from /Page, defaulting to MediaBox
2026-03-28 09:10:45,014 WARNING pdfminer.pdfpage CropBox missing from /Page, defaulting to MediaBox
2026-03-28 09:10:45,025 WARNING pdfminer.pdfpage CropBox missing from /Page, defaulting to MediaBox
2026-03-28 09:10:45,034 WARNING pdfminer.pdfpage CropBox missing from /Page, defaulting to MediaBox
2026-03-28 09:10:45,046 WARNING pdfminer.pdfpage CropBox missing from /Page, defaulting to MediaBox
2026-03-28 09:10:45,057 WARNING pdfminer.pdfpage CropBox missing from /Page, defaulting to MediaBox
2026-03-28 09:10:45,066 WARNING pdfminer.pdfpage CropBox missing from /Page, defaulting to MediaBox
2026-03-28 09:10:45,076 WARNING pdfminer.pdfpage CropBox missing from /Page, defaulting to MediaBox
2026-03-28 09:10:45,087 WARNING pdfminer.pdfpage CropBox missing from /Page, defaulting to MediaBox
2026-03-28 09:10:45,097 WARNING pdfminer.pdfpage CropBox missing from /Page, defaulting to MediaBox
2026-03-28 09:10:45,107 WARNING pdfminer.pdfpage CropBox missing from /Page, defaulting to MediaBox
2026-03-28 09:10:45,117 WARNING pdfminer.pdfpage CropBox missing from /Page, defaulting to MediaBox
2026-03-28 09:10:45,127 WARNING pdfminer.pdfpage CropBox missing from /Page, defaulting to MediaBox
2026-03-28 09:10:45,137 WARNING pdfminer.pdfpage CropBox missing from /Page, defaulting to MediaBox
2026-03-28 09:10:45,148 WARNING pdfminer.pdfpage CropBox missing from /Page, defaulting to MediaBox
2026-03-28 09:10:45,160 WARNING pdfminer.pdfpage CropBox missing from /Page, defaulting to MediaBox
2026-03-28 09:10:45,170 WARNING pdfminer.pdfpage CropBox missing from /Page, defaulting to MediaBox
2026-03-28 09:10:45,186 WARNING pdfminer.pdfpage CropBox missing from /Page, defaulting to MediaBox
2026-03-28 09:10:45,199 WARNING pdfminer.pdfpage CropBox missing from /Page, defaulting to MediaBox
2026-03-28 09:10:45,211 WARNING pdfminer.pdfpage CropBox missing from /Page, defaulting to MediaBox
2026-03-28 09:10:45,222 WARNING pdfminer.pdfpage CropBox missing from /Page, defaulting to MediaBox
2026-03-28 09:10:45,234 WARNING pdfminer.pdfpage CropBox missing from /Page, defaulting to MediaBox
2026-03-28 09:10:45,249 WARNING pdfminer.pdfpage CropBox missing from /Page, defaulting to MediaBox
2026-03-28 09:10:45,265 WARNING pdfminer.pdfpage CropBox missing from /Page, defaulting to MediaBox
2026-03-28 09:10:45,279 WARNING pdfminer.pdfpage CropBox missing from /Page, defaulting to MediaBox
2026-03-28 09:10:45,293 WARNING pdfminer.pdfpage CropBox missing from /Page, defaulting to MediaBox
2026-03-28 09:10:45,309 WARNING pdfminer.pdfpage CropBox missing from /Page, defaulting to MediaBox
2026-03-28 09:10:45,323 WARNING pdfminer.pdfpage CropBox missing from /Page, defaulting to MediaBox
2026-03-28 09:10:45,337 WARNING pdfminer.pdfpage CropBox missing from /Page, defaulting to MediaBox
2026-03-28 09:10:45,352 WARNING pdfminer.pdfpage CropBox missing from /Page, defaulting to MediaBox
2026-03-28 09:10:45,368 WARNING pdfminer.pdfpage CropBox missing from /Page, defaulting to MediaBox
2026-03-28 09:10:45,381 WARNING pdfminer.pdfpage CropBox missing from /Page, defaulting to MediaBox
2026-03-28 09:10:45,396 WARNING pdfminer.pdfpage CropBox missing from /Page, defaulting to MediaBox
2026-03-28 09:10:45,410 WARNING pdfminer.pdfpage CropBox missing from /Page, defaulting to MediaBox
2026-03-28 09:10:45,423 WARNING pdfminer.pdfpage CropBox missing from /Page, defaulting to MediaBox
2026-03-28 09:10:45,435 WARNING pdfminer.pdfpage CropBox missing from /Page, defaulting to MediaBox
2026-03-28 09:10:45,449 WARNING pdfminer.pdfpage CropBox missing from /Page, defaulting to MediaBox
2026-03-28 09:10:45,463 WARNING pdfminer.pdfpage CropBox missing from /Page, defaulting to MediaBox
2026-03-28 09:10:45,478 WARNING pdfminer.pdfpage CropBox missing from /Page, defaulting to MediaBox
2026-03-28 09:10:45,491 WARNING pdfminer.pdfpage CropBox missing from /Page, defaulting to MediaBox
2026-03-28 09:10:45,505 WARNING pdfminer.pdfpage CropBox missing from /Page, defaulting to MediaBox
2026-03-28 09:10:45,519 WARNING pdfminer.pdfpage CropBox missing from /Page, defaulting to MediaBox
2026-03-28 09:10:45,533 WARNING pdfminer.pdfpage CropBox missing from /Page, defaulting to MediaBox
2026-03-28 09:10:45,546 WARNING pdfminer.pdfpage CropBox missing from /Page, defaulting to MediaBox
2026-03-28 09:10:45,560 WARNING pdfminer.pdfpage CropBox missing from /Page, defaulting to MediaBox
2026-03-28 09:10:45,574 WARNING pdfminer.pdfpage CropBox missing from /Page, defaulting to MediaBox
2026-03-28 09:10:45,588 WARNING pdfminer.pdfpage CropBox missing from /Page, defaulting to MediaBox
2026-03-28 09:10:45,602 WARNING pdfminer.pdfpage CropBox missing from /Page, defaulting to MediaBox
2026-03-28 09:10:45,614 WARNING pdfminer.pdfpage CropBox missing from /Page, defaulting to MediaBox
2026-03-28 09:10:45,626 WARNING pdfminer.pdfpage CropBox missing from /Page, defaulting to MediaBox
2026-03-28 09:10:45,631 WARNING pdfminer.pdfpage CropBox missing from /Page, defaulting to MediaBox
2026-03-28 09:10:45,642 WARNING pdfminer.pdfpage CropBox missing from /Page, defaulting to MediaBox
2026-03-28 09:10:45,650 INFO root SUCCESS 22-448 [23/37] → data\22-448\json\20230707_amici_State_West_Virginia_Other_edb89c.json
2026-03-28 09:10:47,966 INFO root SUCCESS 22-448 [24/37] → data\22-448\json\20230710_amicus_Landmark_Legal_Foundation_ce9597.json
2026-03-28 09:10:50,294 INFO root SUCCESS 22-448 [25/37] → data\22-448\json\20230710_amici_Former_Members_Congress_8c5eee.json
2026-03-28 09:10:52,106 WARNING pdfminer.pdfpage CropBox missing from /Page, defaulting to MediaBox
2026-03-28 09:10:52,116 WARNING pdfminer.pdfpage CropBox missing from /Page, defaulting to MediaBox
2026-03-28 09:10:52,118 WARNING pdfminer.pdfpage CropBox missing from /Page, defaulting to MediaBox
2026-03-28 09:10:52,124 WARNING pdfminer.pdfpage CropBox missing from /Page, defaulting to MediaBox
2026-03-28 09:10:52,131 WARNING pdfminer.pdfpage CropBox missing from /Page, defaulting to MediaBox
2026-03-28 09:10:52,138 WARNING pdfminer.pdfpage CropBox missing from /Page, defaulting to MediaBox
2026-03-28 09:10:52,145 WARNING pdfminer.pdfpage CropBox missing from /Page, defaulting to MediaBox
2026-03-28 09:10:52,153 WARNING pdfminer.pdfpage CropBox missing from /Page, defaulting to MediaBox
2026-03-28 09:10:52,159 WARNING pdfminer.pdfpage CropBox missing from /Page, defaulting to MediaBox
2026-03-28 09:10:52,166 WARNING pdfminer.pdfpage CropBox missing from /Page, defaulting to MediaBox
2026-03-28 09:10:52,171 WARNING pdfminer.pdfpage CropBox missing from /Page, defaulting to MediaBox
2026-03-28 09:10:52,178 WARNING pdfminer.pdfpage CropBox missing from /Page, defaulting to MediaBox
2026-03-28 09:10:52,185 WARNING pdfminer.pdfpage CropBox missing from /Page, defaulting to MediaBox
2026-03-28 09:10:52,191 WARNING pdfminer.pdfpage CropBox missing from /Page, defaulting to MediaBox
2026-03-28 09:10:52,198 WARNING pdfminer.pdfpage CropBox missing from /Page, defaulting to MediaBox
2026-03-28 09:10:52,205 WARNING pdfminer.pdfpage CropBox missing from /Page, defaulting to MediaBox
2026-03-28 09:10:52,211 WARNING pdfminer.pdfpage CropBox missing from /Page, defaulting to MediaBox
2026-03-28 09:10:52,218 WARNING pdfminer.pdfpage CropBox missing from /Page, defaulting to MediaBox
2026-03-28 09:10:52,225 WARNING pdfminer.pdfpage CropBox missing from /Page, defaulting to MediaBox
2026-03-28 09:10:52,233 WARNING pdfminer.pdfpage CropBox missing from /Page, defaulting to MediaBox
2026-03-28 09:10:52,240 WARNING pdfminer.pdfpage CropBox missing from /Page, defaulting to MediaBox
2026-03-28 09:10:52,247 WARNING pdfminer.pdfpage CropBox missing from /Page, defaulting to MediaBox
2026-03-28 09:10:52,254 WARNING pdfminer.pdfpage CropBox missing from /Page, defaulting to MediaBox
2026-03-28 09:10:52,262 WARNING pdfminer.pdfpage CropBox missing from /Page, defaulting to MediaBox
2026-03-28 09:10:52,270 WARNING pdfminer.pdfpage CropBox missing from /Page, defaulting to MediaBox
2026-03-28 09:10:52,276 WARNING pdfminer.pdfpage CropBox missing from /Page, defaulting to MediaBox
2026-03-28 09:10:52,284 WARNING pdfminer.pdfpage CropBox missing from /Page, defaulting to MediaBox
2026-03-28 09:10:52,292 WARNING pdfminer.pdfpage CropBox missing from /Page, defaulting to MediaBox
2026-03-28 09:10:52,300 WARNING pdfminer.pdfpage CropBox missing from /Page, defaulting to MediaBox
2026-03-28 09:10:52,306 WARNING pdfminer.pdfpage CropBox missing from /Page, defaulting to MediaBox
2026-03-28 09:10:52,314 WARNING pdfminer.pdfpage CropBox missing from /Page, defaulting to MediaBox
2026-03-28 09:10:52,320 WARNING pdfminer.pdfpage CropBox missing from /Page, defaulting to MediaBox
2026-03-28 09:10:52,327 WARNING pdfminer.pdfpage CropBox missing from /Page, defaulting to MediaBox
2026-03-28 09:10:52,335 WARNING pdfminer.pdfpage CropBox missing from /Page, defaulting to MediaBox
2026-03-28 09:10:52,344 WARNING pdfminer.pdfpage CropBox missing from /Page, defaulting to MediaBox
2026-03-28 09:10:52,351 WARNING pdfminer.pdfpage CropBox missing from /Page, defaulting to MediaBox
2026-03-28 09:10:52,359 WARNING pdfminer.pdfpage CropBox missing from /Page, defaulting to MediaBox
2026-03-28 09:10:52,364 WARNING pdfminer.pdfpage CropBox missing from /Page, defaulting to MediaBox
2026-03-28 09:10:52,372 INFO root SUCCESS 22-448 [26/37] → data\22-448\json\20230710_amici_Credit_Union_National_Association_Inc_fe8bb9.json
2026-03-28 09:10:54,684 INFO root SUCCESS 22-448 [27/37] → data\22-448\json\20230710_amicus_New_England_Legal_Foundation_cb9221.json
2026-03-28 09:10:56,603 WARNING pdfminer.pdfpage CropBox missing from /Page, defaulting to MediaBox
2026-03-28 09:10:56,610 WARNING pdfminer.pdfpage CropBox missing from /Page, defaulting to MediaBox
2026-03-28 09:10:56,612 WARNING pdfminer.pdfpage CropBox missing from /Page, defaulting to MediaBox
2026-03-28 09:10:56,617 WARNING pdfminer.pdfpage CropBox missing from /Page, defaulting to MediaBox
2026-03-28 09:10:56,624 WARNING pdfminer.pdfpage CropBox missing from /Page, defaulting to MediaBox
2026-03-28 09:10:56,631 WARNING pdfminer.pdfpage CropBox missing from /Page, defaulting to MediaBox
2026-03-28 09:10:56,634 WARNING pdfminer.pdfpage CropBox missing from /Page, defaulting to MediaBox
2026-03-28 09:10:56,641 WARNING pdfminer.pdfpage CropBox missing from /Page, defaulting to MediaBox
2026-03-28 09:10:56,648 WARNING pdfminer.pdfpage CropBox missing from /Page, defaulting to MediaBox
2026-03-28 09:10:56,655 WARNING pdfminer.pdfpage CropBox missing from /Page, defaulting to MediaBox
2026-03-28 09:10:56,662 WARNING pdfminer.pdfpage CropBox missing from /Page, defaulting to MediaBox
2026-03-28 09:10:56,669 WARNING pdfminer.pdfpage CropBox missing from /Page, defaulting to MediaBox
2026-03-28 09:10:56,676 WARNING pdfminer.pdfpage CropBox missing from /Page, defaulting to MediaBox
2026-03-28 09:10:56,683 WARNING pdfminer.pdfpage CropBox missing from /Page, defaulting to MediaBox
2026-03-28 09:10:56,691 WARNING pdfminer.pdfpage CropBox missing from /Page, defaulting to MediaBox
2026-03-28 09:10:56,698 WARNING pdfminer.pdfpage CropBox missing from /Page, defaulting to MediaBox
2026-03-28 09:10:56,705 WARNING pdfminer.pdfpage CropBox missing from /Page, defaulting to MediaBox
2026-03-28 09:10:56,712 WARNING pdfminer.pdfpage CropBox missing from /Page, defaulting to MediaBox
2026-03-28 09:10:56,718 INFO root SUCCESS 22-448 [28/37] → data\22-448\json\20230710_amici_ACA_International_dbac0f.json
2026-03-28 09:10:58,805 WARNING pdfminer.pdfpage CropBox missing from /Page, defaulting to MediaBox
2026-03-28 09:10:58,820 WARNING pdfminer.pdfpage CropBox missing from /Page, defaulting to MediaBox
2026-03-28 09:10:58,823 WARNING pdfminer.pdfpage CropBox missing from /Page, defaulting to MediaBox
2026-03-28 09:10:58,847 WARNING pdfminer.pdfpage CropBox missing from /Page, defaulting to MediaBox
2026-03-28 09:10:58,866 WARNING pdfminer.pdfpage CropBox missing from /Page, defaulting to MediaBox
2026-03-28 09:10:58,890 WARNING pdfminer.pdfpage CropBox missing from /Page, defaulting to MediaBox
2026-03-28 09:10:58,908 WARNING pdfminer.pdfpage CropBox missing from /Page, defaulting to MediaBox
2026-03-28 09:10:58,917 WARNING pdfminer.pdfpage CropBox missing from /Page, defaulting to MediaBox
2026-03-28 09:10:58,933 WARNING pdfminer.pdfpage CropBox missing from /Page, defaulting to MediaBox
2026-03-28 09:10:58,948 WARNING pdfminer.pdfpage CropBox missing from /Page, defaulting to MediaBox
2026-03-28 09:10:58,972 WARNING pdfminer.pdfpage CropBox missing from /Page, defaulting to MediaBox
2026-03-28 09:10:58,991 WARNING pdfminer.pdfpage CropBox missing from /Page, defaulting to MediaBox
2026-03-28 09:10:59,009 WARNING pdfminer.pdfpage CropBox missing from /Page, defaulting to MediaBox
2026-03-28 09:10:59,026 WARNING pdfminer.pdfpage CropBox missing from /Page, defaulting to MediaBox
2026-03-28 09:10:59,046 WARNING pdfminer.pdfpage CropBox missing from /Page, defaulting to MediaBox
2026-03-28 09:10:59,062 WARNING pdfminer.pdfpage CropBox missing from /Page, defaulting to MediaBox
2026-03-28 09:10:59,079 WARNING pdfminer.pdfpage CropBox missing from /Page, defaulting to MediaBox
2026-03-28 09:10:59,096 WARNING pdfminer.pdfpage CropBox missing from /Page, defaulting to MediaBox
2026-03-28 09:10:59,114 WARNING pdfminer.pdfpage CropBox missing from /Page, defaulting to MediaBox
2026-03-28 09:10:59,129 WARNING pdfminer.pdfpage CropBox missing from /Page, defaulting to MediaBox
2026-03-28 09:10:59,146 WARNING pdfminer.pdfpage CropBox missing from /Page, defaulting to MediaBox
2026-03-28 09:10:59,162 WARNING pdfminer.pdfpage CropBox missing from /Page, defaulting to MediaBox
2026-03-28 09:10:59,179 WARNING pdfminer.pdfpage CropBox missing from /Page, defaulting to MediaBox
2026-03-28 09:10:59,195 WARNING pdfminer.pdfpage CropBox missing from /Page, defaulting to MediaBox
2026-03-28 09:10:59,211 WARNING pdfminer.pdfpage CropBox missing from /Page, defaulting to MediaBox
2026-03-28 09:10:59,226 WARNING pdfminer.pdfpage CropBox missing from /Page, defaulting to MediaBox
2026-03-28 09:10:59,244 WARNING pdfminer.pdfpage CropBox missing from /Page, defaulting to MediaBox
2026-03-28 09:10:59,261 WARNING pdfminer.pdfpage CropBox missing from /Page, defaulting to MediaBox
2026-03-28 09:10:59,278 WARNING pdfminer.pdfpage CropBox missing from /Page, defaulting to MediaBox
2026-03-28 09:10:59,295 WARNING pdfminer.pdfpage CropBox missing from /Page, defaulting to MediaBox
2026-03-28 09:10:59,310 INFO root SUCCESS 22-448 [29/37] → data\22-448\json\20230710_amicus_Washington_Legal_Foundation_3f9c5c.json
2026-03-28 09:11:01,343 INFO root SUCCESS 22-448 [30/37] → data\22-448\json\20230710_amici_New_Civil_Liberties_Alliance_f51208.json
2026-03-28 09:11:03,760 INFO root SUCCESS 22-448 [31/37] → data\22-448\json\20230710_amicus_Third_Party_Payment_Processors_Association_9751d9.json
2026-03-28 09:11:05,776 WARNING pdfminer.pdfpage CropBox missing from /Page, defaulting to MediaBox
2026-03-28 09:11:05,786 WARNING pdfminer.pdfpage CropBox missing from /Page, defaulting to MediaBox
2026-03-28 09:11:05,793 WARNING pdfminer.pdfpage CropBox missing from /Page, defaulting to MediaBox
2026-03-28 09:11:05,799 WARNING pdfminer.pdfpage CropBox missing from /Page, defaulting to MediaBox
2026-03-28 09:11:05,805 WARNING pdfminer.pdfpage CropBox missing from /Page, defaulting to MediaBox
2026-03-28 09:11:05,811 WARNING pdfminer.pdfpage CropBox missing from /Page, defaulting to MediaBox
2026-03-28 09:11:05,816 WARNING pdfminer.pdfpage CropBox missing from /Page, defaulting to MediaBox
2026-03-28 09:11:05,822 WARNING pdfminer.pdfpage CropBox missing from /Page, defaulting to MediaBox
2026-03-28 09:11:05,826 WARNING pdfminer.pdfpage CropBox missing from /Page, defaulting to MediaBox
2026-03-28 09:11:05,833 WARNING pdfminer.pdfpage CropBox missing from /Page, defaulting to MediaBox
2026-03-28 09:11:05,839 WARNING pdfminer.pdfpage CropBox missing from /Page, defaulting to MediaBox
2026-03-28 09:11:05,845 WARNING pdfminer.pdfpage CropBox missing from /Page, defaulting to MediaBox
2026-03-28 09:11:05,852 WARNING pdfminer.pdfpage CropBox missing from /Page, defaulting to MediaBox
2026-03-28 09:11:05,860 WARNING pdfminer.pdfpage CropBox missing from /Page, defaulting to MediaBox
2026-03-28 09:11:05,868 WARNING pdfminer.pdfpage CropBox missing from /Page, defaulting to MediaBox
2026-03-28 09:11:05,875 WARNING pdfminer.pdfpage CropBox missing from /Page, defaulting to MediaBox
2026-03-28 09:11:05,883 WARNING pdfminer.pdfpage CropBox missing from /Page, defaulting to MediaBox
2026-03-28 09:11:05,890 WARNING pdfminer.pdfpage CropBox missing from /Page, defaulting to MediaBox
2026-03-28 09:11:05,898 WARNING pdfminer.pdfpage CropBox missing from /Page, defaulting to MediaBox
2026-03-28 09:11:05,906 WARNING pdfminer.pdfpage CropBox missing from /Page, defaulting to MediaBox
2026-03-28 09:11:05,914 WARNING pdfminer.pdfpage CropBox missing from /Page, defaulting to MediaBox
2026-03-28 09:11:05,922 WARNING pdfminer.pdfpage CropBox missing from /Page, defaulting to MediaBox
2026-03-28 09:11:05,931 WARNING pdfminer.pdfpage CropBox missing from /Page, defaulting to MediaBox
2026-03-28 09:11:05,938 WARNING pdfminer.pdfpage CropBox missing from /Page, defaulting to MediaBox
2026-03-28 09:11:05,947 WARNING pdfminer.pdfpage CropBox missing from /Page, defaulting to MediaBox
2026-03-28 09:11:05,954 WARNING pdfminer.pdfpage CropBox missing from /Page, defaulting to MediaBox
2026-03-28 09:11:05,963 WARNING pdfminer.pdfpage CropBox missing from /Page, defaulting to MediaBox
2026-03-28 09:11:05,972 WARNING pdfminer.pdfpage CropBox missing from /Page, defaulting to MediaBox
2026-03-28 09:11:05,980 WARNING pdfminer.pdfpage CropBox missing from /Page, defaulting to MediaBox
2026-03-28 09:11:05,988 WARNING pdfminer.pdfpage CropBox missing from /Page, defaulting to MediaBox
2026-03-28 09:11:05,997 WARNING pdfminer.pdfpage CropBox missing from /Page, defaulting to MediaBox
2026-03-28 09:11:06,005 WARNING pdfminer.pdfpage CropBox missing from /Page, defaulting to MediaBox
2026-03-28 09:11:06,014 WARNING pdfminer.pdfpage CropBox missing from /Page, defaulting to MediaBox
2026-03-28 09:11:06,021 WARNING pdfminer.pdfpage CropBox missing from /Page, defaulting to MediaBox
2026-03-28 09:11:06,028 INFO root SUCCESS 22-448 [32/37] → data\22-448\json\20230710_amici_132_Members_Congress_bfa1fb.json
2026-03-28 09:11:08,600 INFO root SUCCESS 22-448 [33/37] → data\22-448\json\20230710_amici_Chamber_Commerce_US_America_a09e6a.json
2026-03-28 09:11:10,761 INFO root SUCCESS 22-448 [34/37] → data\22-448\json\20230710_amicus_John_Michael_âMickâ_Mulvaney_6a812c.json
2026-03-28 09:11:13,072 INFO root SUCCESS 22-448 [35/37] → data\22-448\json\20230710_amicus_Foundation_Government_Accountability_b5c04d.json
2026-03-28 09:11:15,287 WARNING pdfminer.pdfpage CropBox missing from /Page, defaulting to MediaBox
2026-03-28 09:11:15,295 WARNING pdfminer.pdfpage CropBox missing from /Page, defaulting to MediaBox
2026-03-28 09:11:15,303 WARNING pdfminer.pdfpage CropBox missing from /Page, defaulting to MediaBox
2026-03-28 09:11:15,306 WARNING pdfminer.pdfpage CropBox missing from /Page, defaulting to MediaBox
2026-03-28 09:11:15,312 WARNING pdfminer.pdfpage CropBox missing from /Page, defaulting to MediaBox
2026-03-28 09:11:15,318 WARNING pdfminer.pdfpage CropBox missing from /Page, defaulting to MediaBox
2026-03-28 09:11:15,324 WARNING pdfminer.pdfpage CropBox missing from /Page, defaulting to MediaBox
2026-03-28 09:11:15,328 WARNING pdfminer.pdfpage CropBox missing from /Page, defaulting to MediaBox
2026-03-28 09:11:15,333 WARNING pdfminer.pdfpage CropBox missing from /Page, defaulting to MediaBox
2026-03-28 09:11:15,339 WARNING pdfminer.pdfpage CropBox missing from /Page, defaulting to MediaBox
2026-03-28 09:11:15,345 WARNING pdfminer.pdfpage CropBox missing from /Page, defaulting to MediaBox
2026-03-28 09:11:15,351 WARNING pdfminer.pdfpage CropBox missing from /Page, defaulting to MediaBox
2026-03-28 09:11:15,356 WARNING pdfminer.pdfpage CropBox missing from /Page, defaulting to MediaBox
2026-03-28 09:11:15,363 WARNING pdfminer.pdfpage CropBox missing from /Page, defaulting to MediaBox
2026-03-28 09:11:15,369 WARNING pdfminer.pdfpage CropBox missing from /Page, defaulting to MediaBox
2026-03-28 09:11:15,375 WARNING pdfminer.pdfpage CropBox missing from /Page, defaulting to MediaBox
2026-03-28 09:11:15,380 WARNING pdfminer.pdfpage CropBox missing from /Page, defaulting to MediaBox
2026-03-28 09:11:15,386 WARNING pdfminer.pdfpage CropBox missing from /Page, defaulting to MediaBox
2026-03-28 09:11:15,392 WARNING pdfminer.pdfpage CropBox missing from /Page, defaulting to MediaBox
2026-03-28 09:11:15,398 WARNING pdfminer.pdfpage CropBox missing from /Page, defaulting to MediaBox
2026-03-28 09:11:15,404 WARNING pdfminer.pdfpage CropBox missing from /Page, defaulting to MediaBox
2026-03-28 09:11:15,410 WARNING pdfminer.pdfpage CropBox missing from /Page, defaulting to MediaBox
2026-03-28 09:11:15,416 WARNING pdfminer.pdfpage CropBox missing from /Page, defaulting to MediaBox
2026-03-28 09:11:15,422 WARNING pdfminer.pdfpage CropBox missing from /Page, defaulting to MediaBox
2026-03-28 09:11:15,427 WARNING pdfminer.pdfpage CropBox missing from /Page, defaulting to MediaBox
2026-03-28 09:11:15,434 WARNING pdfminer.pdfpage CropBox missing from /Page, defaulting to MediaBox
2026-03-28 09:11:15,440 WARNING pdfminer.pdfpage CropBox missing from /Page, defaulting to MediaBox
2026-03-28 09:11:15,447 WARNING pdfminer.pdfpage CropBox missing from /Page, defaulting to MediaBox
2026-03-28 09:11:15,453 WARNING pdfminer.pdfpage CropBox missing from /Page, defaulting to MediaBox
2026-03-28 09:11:15,460 WARNING pdfminer.pdfpage CropBox missing from /Page, defaulting to MediaBox
2026-03-28 09:11:15,465 WARNING pdfminer.pdfpage CropBox missing from /Page, defaulting to MediaBox
2026-03-28 09:11:15,470 WARNING pdfminer.pdfpage CropBox missing from /Page, defaulting to MediaBox
2026-03-28 09:11:15,477 WARNING pdfminer.pdfpage CropBox missing from /Page, defaulting to MediaBox
2026-03-28 09:11:15,483 WARNING pdfminer.pdfpage CropBox missing from /Page, defaulting to MediaBox
2026-03-28 09:11:15,490 WARNING pdfminer.pdfpage CropBox missing from /Page, defaulting to MediaBox
2026-03-28 09:11:15,493 INFO root SUCCESS 22-448 [36/37] → data\22-448\json\20230710_amici_America's_Future_U.S_Constitutional_Rights_ea6620.json
2026-03-28 09:11:17,849 INFO root SUCCESS 22-448 [37/37] → data\22-448\json\20230802_reply_Consumer_Financial_Protection_Bureau_1f7176.json
2026-03-28 09:11:18,100 INFO root Processing Main Document: "Main Document"
2026-03-28 09:11:18,100 INFO root Skipping non-brief document: "Nov 09 2022 Motion to extend the time to file a response from November 14, 2022 "
2026-03-28 09:11:18,100 INFO root Processing Main Document: "Main Document"
2026-03-28 09:11:18,100 INFO root Skipping non-brief document: "Dec 07 2022 Motion to extend the time to file a response from December 14, 2022 "
2026-03-28 09:11:18,101 INFO root Processing Main Document: "Main Document"
2026-03-28 09:11:18,101 INFO root Skipping non-brief document: "Jan 13 2023 Brief for the United States filed. Main Document Proof of Service"
2026-03-28 09:11:18,101 INFO root Processing Main Document: "Main Document"
2026-03-28 09:11:18,101 INFO root Filename: "20230202_reply_Mark_E._Pulsifer"
2026-03-28 09:11:18,101 INFO root Processing Main Document: "Main Document"
2026-03-28 09:11:18,101 INFO root Filename: "20230222_petitioner_Mark_E._Pulsifer"
2026-03-28 09:11:18,101 INFO root Processing Main Document: "Main Document"
2026-03-28 09:11:18,101 INFO root Skipping non-brief document: "Mar 21 2023 Motion for an extension of time to file the briefs on the merits fil"
2026-03-28 09:11:18,102 INFO root Processing Main Document: "Main Document"
2026-03-28 09:11:18,102 INFO root Skipping non-brief document: "May 11 2023 Motion to dispense with printing the joint appendix filed by petitio"
2026-03-28 09:11:18,102 INFO root Processing Main Document: "Main Document"
2026-03-28 09:11:18,102 INFO root Filename: "20230519_petitioner_Mark_E._Pulsifer"
2026-03-28 09:11:18,102 INFO root Processing Main Document: "Main Document"
2026-03-28 09:11:18,103 INFO root Filename: "20230526_amicus_Americans_Prosperity_Foundation"
2026-03-28 09:11:18,103 INFO root Processing Main Document: "Main Document"
2026-03-28 09:11:18,103 INFO root Filename: "20230526_amici_FAMM"
2026-03-28 09:11:18,103 INFO root Processing Main Document: "Main Document"
2026-03-28 09:11:18,103 INFO root Filename: "20230526_amicus_National_Association_Federal_Defenders"
2026-03-28 09:11:18,103 INFO root Processing Main Document: "Main Document"
2026-03-28 09:11:18,103 INFO root Filename: "20230526_amici_Professors_Thomas_Lee"
2026-03-28 09:11:18,104 INFO root Processing Main Document: "Main Document"
2026-03-28 09:11:18,104 INFO root Skipping non-brief document: "Jul 19 2023 Motion of petitioner for leave to proceed further herein in forma pa"
2026-03-28 09:11:18,104 INFO root Processing Main Document: "Main Document"
2026-03-28 09:11:18,104 INFO root Filename: "20230724_respondent_US"
2026-03-28 09:11:18,104 INFO root Processing Main Document: "Main Document"
2026-03-28 09:11:18,104 INFO root Filename: "20230823_reply_Mark_E._Pulsifer"
2026-03-28 09:11:18,104 INFO root Processing Main Document: "Main Document"
2026-03-28 09:11:18,104 INFO root Skipping non-brief document: "Apr 16 2024 Judgment Issued. Main Document"
2026-03-28 09:11:18,105 INFO root Found 9 brief/reply documents for 22-340
2026-03-28 09:11:18,105 INFO root Processing 9 brief/reply documents for case 22-340
2026-03-28 09:11:20,142 INFO root SUCCESS 22-340 [1/9] → data\22-340\json\20230202_reply_Mark_E._Pulsifer_5e0b31.json
2026-03-28 09:11:22,420 INFO root SUCCESS 22-340 [2/9] → data\22-340\json\20230222_petitioner_Mark_E._Pulsifer_6b4f64.json
2026-03-28 09:11:25,872 INFO root SUCCESS 22-340 [3/9] → data\22-340\json\20230519_petitioner_Mark_E._Pulsifer_8e7ce8.json
2026-03-28 09:11:27,730 WARNING pdfminer.pdfpage CropBox missing from /Page, defaulting to MediaBox
2026-03-28 09:11:27,748 WARNING pdfminer.pdfpage CropBox missing from /Page, defaulting to MediaBox
2026-03-28 09:11:27,764 WARNING pdfminer.pdfpage CropBox missing from /Page, defaulting to MediaBox
2026-03-28 09:11:27,780 WARNING pdfminer.pdfpage CropBox missing from /Page, defaulting to MediaBox
2026-03-28 09:11:27,798 WARNING pdfminer.pdfpage CropBox missing from /Page, defaulting to MediaBox
2026-03-28 09:11:27,815 WARNING pdfminer.pdfpage CropBox missing from /Page, defaulting to MediaBox
2026-03-28 09:11:27,834 WARNING pdfminer.pdfpage CropBox missing from /Page, defaulting to MediaBox
2026-03-28 09:11:27,852 WARNING pdfminer.pdfpage CropBox missing from /Page, defaulting to MediaBox
2026-03-28 09:11:27,871 WARNING pdfminer.pdfpage CropBox missing from /Page, defaulting to MediaBox
2026-03-28 09:11:27,889 WARNING pdfminer.pdfpage CropBox missing from /Page, defaulting to MediaBox
2026-03-28 09:11:27,904 WARNING pdfminer.pdfpage CropBox missing from /Page, defaulting to MediaBox
2026-03-28 09:11:27,918 WARNING pdfminer.pdfpage CropBox missing from /Page, defaulting to MediaBox
2026-03-28 09:11:27,934 WARNING pdfminer.pdfpage CropBox missing from /Page, defaulting to MediaBox
2026-03-28 09:11:27,951 WARNING pdfminer.pdfpage CropBox missing from /Page, defaulting to MediaBox
2026-03-28 09:11:27,974 WARNING pdfminer.pdfpage CropBox missing from /Page, defaulting to MediaBox
2026-03-28 09:11:27,993 WARNING pdfminer.pdfpage CropBox missing from /Page, defaulting to MediaBox
2026-03-28 09:11:28,017 WARNING pdfminer.pdfpage CropBox missing from /Page, defaulting to MediaBox
2026-03-28 09:11:28,037 WARNING pdfminer.pdfpage CropBox missing from /Page, defaulting to MediaBox
2026-03-28 09:11:28,060 WARNING pdfminer.pdfpage CropBox missing from /Page, defaulting to MediaBox
2026-03-28 09:11:28,083 WARNING pdfminer.pdfpage CropBox missing from /Page, defaulting to MediaBox
2026-03-28 09:11:28,104 WARNING pdfminer.pdfpage CropBox missing from /Page, defaulting to MediaBox
2026-03-28 09:11:28,123 WARNING pdfminer.pdfpage CropBox missing from /Page, defaulting to MediaBox
2026-03-28 09:11:28,145 WARNING pdfminer.pdfpage CropBox missing from /Page, defaulting to MediaBox
2026-03-28 09:11:28,162 WARNING pdfminer.pdfpage CropBox missing from /Page, defaulting to MediaBox
2026-03-28 09:11:28,190 WARNING pdfminer.pdfpage CropBox missing from /Page, defaulting to MediaBox
2026-03-28 09:11:28,218 WARNING pdfminer.pdfpage CropBox missing from /Page, defaulting to MediaBox
2026-03-28 09:11:28,233 WARNING pdfminer.pdfpage CropBox missing from /Page, defaulting to MediaBox
2026-03-28 09:11:28,250 WARNING pdfminer.pdfpage CropBox missing from /Page, defaulting to MediaBox
2026-03-28 09:11:28,269 WARNING pdfminer.pdfpage CropBox missing from /Page, defaulting to MediaBox
2026-03-28 09:11:28,289 WARNING pdfminer.pdfpage CropBox missing from /Page, defaulting to MediaBox
2026-03-28 09:11:28,310 WARNING pdfminer.pdfpage CropBox missing from /Page, defaulting to MediaBox
2026-03-28 09:11:28,332 WARNING pdfminer.pdfpage CropBox missing from /Page, defaulting to MediaBox
2026-03-28 09:11:28,351 WARNING pdfminer.pdfpage CropBox missing from /Page, defaulting to MediaBox
2026-03-28 09:11:28,371 WARNING pdfminer.pdfpage CropBox missing from /Page, defaulting to MediaBox
2026-03-28 09:11:28,393 WARNING pdfminer.pdfpage CropBox missing from /Page, defaulting to MediaBox
2026-03-28 09:11:28,416 WARNING pdfminer.pdfpage CropBox missing from /Page, defaulting to MediaBox
2026-03-28 09:11:28,434 WARNING pdfminer.pdfpage CropBox missing from /Page, defaulting to MediaBox
2026-03-28 09:11:28,453 WARNING pdfminer.pdfpage CropBox missing from /Page, defaulting to MediaBox
2026-03-28 09:11:28,475 WARNING pdfminer.pdfpage CropBox missing from /Page, defaulting to MediaBox
2026-03-28 09:11:28,488 INFO root SUCCESS 22-340 [4/9] → data\22-340\json\20230526_amicus_Americans_Prosperity_Foundation_4b3a52.json
2026-03-28 09:11:30,847 INFO root SUCCESS 22-340 [5/9] → data\22-340\json\20230526_amici_FAMM_6bc3da.json
2026-03-28 09:11:33,278 INFO root SUCCESS 22-340 [6/9] → data\22-340\json\20230526_amicus_National_Association_Federal_Defenders_50e0cf.json
2026-03-28 09:11:35,663 INFO root SUCCESS 22-340 [7/9] → data\22-340\json\20230526_amici_Professors_Thomas_Lee_6f0f6b.json
2026-03-28 09:11:39,422 INFO root SUCCESS 22-340 [8/9] → data\22-340\json\20230724_respondent_US_5238c1.json
2026-03-28 09:11:41,758 INFO root SUCCESS 22-340 [9/9] → data\22-340\json\20230823_reply_Mark_E._Pulsifer_5de377.json
2026-03-28 09:11:42,170 INFO root Processing Main Document: "Main Document"
2026-03-28 09:11:42,170 INFO root Skipping non-brief document: "Dec 01 2022 Waiver of right of respondent Raiders Retreat Realty Co., LLC to res"
2026-03-28 09:11:42,170 INFO root Processing Main Document: "Main Document"
2026-03-28 09:11:42,171 INFO root Filename: "20230106_respondent_Raiders_Retreat_Realty_Co._LLC_opposition"
2026-03-28 09:11:42,171 INFO root Processing Main Document: "Main Document"
2026-03-28 09:11:42,171 INFO root Filename: "20230124_reply_Great_Lakes_Insurance_SE"
2026-03-28 09:11:42,171 INFO root Processing Main Document: "Main Document"
2026-03-28 09:11:42,171 INFO root Skipping non-brief document: "Mar 24 2023 Motion for an extension of time to file the briefs on the merits fil"
2026-03-28 09:11:42,171 INFO root Processing Main Document: "Main Document"
2026-03-28 09:11:42,171 INFO root Skipping non-brief document: "May 12 2023 Motion to dispense with printing the joint appendix filed by petitio"
2026-03-28 09:11:42,171 INFO root Processing Main Document: "Main Document"
2026-03-28 09:11:42,172 INFO root Filename: "20230525_amicus_New_England_Legal_Foundation_(June"
2026-03-28 09:11:42,172 INFO root Processing Main Document: "Main Document"
2026-03-28 09:11:42,172 INFO root Filename: "20230526_petitioner_Great_Lakes_Insurance_SE"
2026-03-28 09:11:42,172 INFO root Processing Main Document: "Main Document"
2026-03-28 09:11:42,172 INFO root Filename: "20230531_amici_Professors_John_Coyle"
2026-03-28 09:11:42,172 INFO root Processing Main Document: "Main Document"
2026-03-28 09:11:42,172 INFO root Filename: "20230602_amici_American_Institute_Marine_Underwriters"
2026-03-28 09:11:42,172 INFO root Processing Main Document: "Main Document"
2026-03-28 09:11:42,172 INFO root Filename: "20230602_amici_Chamber_Commerce_US_America"
2026-03-28 09:11:42,173 INFO root Processing Main Document: "Main Document"
2026-03-28 09:11:42,173 INFO root Filename: "20230731_respondent_Raiders_Retreat_Realty_Co._LLC"
2026-03-28 09:11:42,173 INFO root Processing Main Document: "Main Document"
2026-03-28 09:11:42,173 INFO root Filename: "20230807_amicus_United_Policyholders_(Distributed)"
2026-03-28 09:11:42,173 INFO root Processing Main Document: "Main Document"
2026-03-28 09:11:42,173 INFO root Filename: "20230807_amici_Louisiana_(Distributed)"
2026-03-28 09:11:42,173 INFO root Processing Main Document: "Main Document"
2026-03-28 09:11:42,173 INFO root Filename: "20230807_amicus_American_Association_Justice_(Distributed)"
2026-03-28 09:11:42,173 INFO root Processing Main Document: "Main Document"
2026-03-28 09:11:42,174 INFO root Filename: "20230830_reply_Great_Lakes_Insurance_SE"
2026-03-28 09:11:42,174 INFO root Processing Main Document: "Main Document"
2026-03-28 09:11:42,174 INFO root Skipping non-brief document: "Mar 25 2024 Judgment Issued. Main Document"
2026-03-28 09:11:42,174 INFO root Found 12 brief/reply documents for 22-500
2026-03-28 09:11:42,174 INFO root Processing 12 brief/reply documents for case 22-500
2026-03-28 09:11:44,242 INFO root SUCCESS 22-500 [1/12] → data\22-500\json\20230106_respondent_Raiders_Retreat_Realty_Co._LLC_opposition_697400.json
2026-03-28 09:11:46,258 INFO root SUCCESS 22-500 [2/12] → data\22-500\json\20230124_reply_Great_Lakes_Insurance_SE_a3779c.json
2026-03-28 09:11:48,700 INFO root SUCCESS 22-500 [3/12] → data\22-500\json\20230525_amicus_New_England_Legal_Foundation_(June_bb669a.json
2026-03-28 09:11:51,533 INFO root SUCCESS 22-500 [4/12] → data\22-500\json\20230526_petitioner_Great_Lakes_Insurance_SE_9a764e.json
2026-03-28 09:11:54,168 INFO root SUCCESS 22-500 [5/12] → data\22-500\json\20230531_amici_Professors_John_Coyle_435fbc.json
2026-03-28 09:11:56,500 INFO root SUCCESS 22-500 [6/12] → data\22-500\json\20230602_amici_American_Institute_Marine_Underwriters_a854c8.json
2026-03-28 09:11:58,622 INFO root SUCCESS 22-500 [7/12] → data\22-500\json\20230602_amici_Chamber_Commerce_US_America_cf5b43.json
2026-03-28 09:12:01,148 INFO root SUCCESS 22-500 [8/12] → data\22-500\json\20230731_respondent_Raiders_Retreat_Realty_Co._LLC_6abd27.json
2026-03-28 09:12:03,278 INFO root SUCCESS 22-500 [9/12] → data\22-500\json\20230807_amicus_United_Policyholders_(Distributed)_22f0c2.json
2026-03-28 09:12:05,840 INFO root SUCCESS 22-500 [10/12] → data\22-500\json\20230807_amici_Louisiana_(Distributed)_25e934.json
2026-03-28 09:12:08,196 INFO root SUCCESS 22-500 [11/12] → data\22-500\json\20230807_amicus_American_Association_Justice_(Distributed)_f12be0.json
2026-03-28 09:12:10,934 INFO root SUCCESS 22-500 [12/12] → data\22-500\json\20230830_reply_Great_Lakes_Insurance_SE_83832f.json
2026-03-28 09:12:11,266 INFO root Processing Main Document: "Main Document"
2026-03-28 09:12:11,266 INFO root Skipping non-brief document: "Dec 07 2022 Waiver of right of respondent Deborah Laufer to respond filed. Main "
2026-03-28 09:12:11,266 INFO root Processing Main Document: "Main Document"
2026-03-28 09:12:11,266 INFO root Filename: "20221208_amici_Restaurant_Law_Center"
2026-03-28 09:12:11,267 INFO root Processing Main Document: "Main Document"
2026-03-28 09:12:11,267 INFO root Filename: "20221208_amicus_DRI_Center_Law_Public_Policy"
2026-03-28 09:12:11,267 INFO root Processing Main Document: "Main Document"
2026-03-28 09:12:11,267 INFO root Filename: "20221208_amici_Retail_Litigation_Center_Inc"
2026-03-28 09:12:11,267 INFO root Processing Main Document: "Main Document"
2026-03-28 09:12:11,267 INFO root Filename: "20221208_amicus_Center_Constitutional_Responsibility"
2026-03-28 09:12:11,267 INFO root Processing Main Document: "Main Document"
2026-03-28 09:12:11,267 INFO root Filename: "20221208_amici_Chamber_Commerce_US_America"
2026-03-28 09:12:11,267 INFO root Processing Main Document: "Main Document"
2026-03-28 09:12:11,268 INFO root Skipping non-brief document: "Jan 03 2023 Motion to extend the time to file a response from January 18, 2023 t"
2026-03-28 09:12:11,268 INFO root Processing Main Document: "Main Document"
2026-03-28 09:12:11,268 INFO root Skipping non-brief document: "Feb 06 2023 Motion to extend the time to file a response from February 17, 2023 "
2026-03-28 09:12:11,268 INFO root Processing Main Document: "Main Document"
2026-03-28 09:12:11,268 INFO root Skipping non-brief document: "Feb 24 2023 Waiver of the 14-day waiting period for the distribution of the peti"
2026-03-28 09:12:11,268 INFO root Processing Main Document: "Main Document"
2026-03-28 09:12:11,268 INFO root Filename: "20230224_respondent_Deborah_Laufer_opposition"
2026-03-28 09:12:11,268 INFO root Processing Main Document: "Main Document"
2026-03-28 09:12:11,268 INFO root Filename: "20230228_reply_Acheson_Hotels_LLC"
2026-03-28 09:12:11,268 INFO root Processing Main Document: "Main Document"
2026-03-28 09:12:11,269 INFO root Skipping non-brief document: "Apr 14 2023 Motion for an extension of time to file the briefs on the merits fil"
2026-03-28 09:12:11,269 INFO root Processing Main Document: "Main Document"
2026-03-28 09:12:11,269 INFO root Filename: "20230605_petitioner_Acheson_Hotels_LLC"
2026-03-28 09:12:11,269 INFO root Processing Main Document: "Main Document"
2026-03-28 09:12:11,269 INFO root Skipping non-brief document: "Jun 05 2023 Joint appendix filed.  (Statement of costs filed) Main Document Proo"
2026-03-28 09:12:11,269 INFO root Processing Main Document: "Main Document"
2026-03-28 09:12:11,269 INFO root Filename: "20230612_amici_Retail_Litigation_Center_Inc"
2026-03-28 09:12:11,269 INFO root Processing Main Document: "Main Document"
2026-03-28 09:12:11,269 INFO root Filename: "20230612_amici_Chamber_Commerce_US_America"
2026-03-28 09:12:11,270 INFO root Processing Main Document: "Main Document"
2026-03-28 09:12:11,270 INFO root Filename: "20230612_amici_Atlantic_Legal_Foundation"
2026-03-28 09:12:11,270 INFO root Processing Main Document: "Main Document"
2026-03-28 09:12:11,270 INFO root Filename: "20230612_amici_Restaurant_Law_Center"
2026-03-28 09:12:11,270 INFO root Processing Main Document: "Main Document"
2026-03-28 09:12:11,270 INFO root Filename: "20230612_amicus_Center_Constitutional_Responsibility"
2026-03-28 09:12:11,271 INFO root Processing Main Document: "Main Document"
2026-03-28 09:12:11,271 INFO root Filename: "20230612_amicus_US_support_neither"
2026-03-28 09:12:11,271 INFO root Processing Main Document: "Main Document"
2026-03-28 09:12:11,271 INFO root Filename: "20230612_amici_Buckeye_Institute"
2026-03-28 09:12:11,271 INFO root Processing Main Document: "Main Document"
2026-03-28 09:12:11,271 INFO root Filename: "20230612_amicus_National_Association_Homebuilders"
2026-03-28 09:12:11,272 INFO root Processing Main Document: "Main Document"
2026-03-28 09:12:11,272 INFO root Skipping non-brief document: "Jul 24 2023 Suggestion of mootness filed by respondent Deborah Laufer. Main Docu"
2026-03-28 09:12:11,272 INFO root Processing Main Document: "Main Document"
2026-03-28 09:12:11,272 INFO root Skipping non-brief document: "Jul 28 2023 Petitionerâs Opposition to Suggestion of Mootness filed.  (Distrib"
2026-03-28 09:12:11,272 INFO root Processing Main Document: "Main Document"
2026-03-28 09:12:11,272 INFO root Filename: "20230802_respondent_Deborah_Laufer"
2026-03-28 09:12:11,272 INFO root Processing Main Document: "Main Document"
2026-03-28 09:12:11,272 INFO root Skipping non-brief document: "Aug 07 2023 Motion of the Solicitor General for leave to participate in oral arg"
2026-03-28 09:12:11,272 INFO root Processing Main Document: "Main Document"
2026-03-28 09:12:11,273 INFO root Filename: "20230809_amici_NAACP_Legal_Defense_Educational_Fund"
2026-03-28 09:12:11,273 INFO root Processing Main Document: "Main Document"
2026-03-28 09:12:11,273 INFO root Filename: "20230809_amicus_Constitutional_Accountability_Center_(Distributed)"
2026-03-28 09:12:11,273 INFO root Processing Main Document: "Main Document"
2026-03-28 09:12:11,273 INFO root Filename: "20230809_amici_Fair_Housing_Organizations_Testers"
2026-03-28 09:12:11,273 INFO root Processing Main Document: "Main Document"
2026-03-28 09:12:11,274 INFO root Filename: "20230809_amici_Disability_Antidiscrimination_Law_Scholars_(Distributed)"
2026-03-28 09:12:11,274 INFO root Processing Main Document: "Main Document"
2026-03-28 09:12:11,274 INFO root Filename: "20230809_amicus_Public_Citizen_(Distributed)"
2026-03-28 09:12:11,274 INFO root Processing Main Document: "Main Document"
2026-03-28 09:12:11,274 INFO root Filename: "20230809_amici_Massachusetts_(Distributed)"
2026-03-28 09:12:11,274 INFO root Processing Main Document: "Main Document"
2026-03-28 09:12:11,274 INFO root Filename: "20230809_amici_Disability_Rights_Education_Defense_Fund"
2026-03-28 09:12:11,274 INFO root Processing Main Document: "Main Document"
2026-03-28 09:12:11,275 INFO root Filename: "20230809_amici_Philip_Schuler"
2026-03-28 09:12:11,275 INFO root Processing Main Document: "Main Document"
2026-03-28 09:12:11,275 INFO root Skipping non-brief document: "Aug 25 2023 Letter of respondent Deborah Laufer updating the Clerk on status of "
2026-03-28 09:12:11,275 INFO root Processing Main Document: "Main Document"
2026-03-28 09:12:11,275 INFO root Filename: "20230901_reply_Acheson_Hotels_LLC"
2026-03-28 09:12:11,275 INFO root Processing Main Document: "Main Document"
2026-03-28 09:12:11,275 INFO root Skipping non-brief document: "Nov 16 2023 Letter and attached opinion of lower court in related litigation bef"
2026-03-28 09:12:11,275 INFO root Processing Main Document: "Main Document"
2026-03-28 09:12:11,275 INFO root Skipping non-brief document: "Jan 08 2024 Judgment issued. Main Document"
2026-03-28 09:12:11,275 INFO root Found 26 brief/reply documents for 22-429
2026-03-28 09:12:11,276 INFO root Processing 26 brief/reply documents for case 22-429
2026-03-28 09:12:13,562 INFO root SUCCESS 22-429 [1/26] → data\22-429\json\20221208_amici_Restaurant_Law_Center_e7365a.json
2026-03-28 09:12:15,679 INFO root SUCCESS 22-429 [2/26] → data\22-429\json\20221208_amicus_DRI_Center_Law_Public_Policy_4f632e.json
2026-03-28 09:12:18,535 INFO root SUCCESS 22-429 [3/26] → data\22-429\json\20221208_amici_Retail_Litigation_Center_Inc_2978fc.json
2026-03-28 09:12:20,818 INFO root SUCCESS 22-429 [4/26] → data\22-429\json\20221208_amicus_Center_Constitutional_Responsibility_d71fc8.json
2026-03-28 09:12:23,500 INFO root SUCCESS 22-429 [5/26] → data\22-429\json\20221208_amici_Chamber_Commerce_US_America_465e2a.json
2026-03-28 09:12:26,196 INFO root SUCCESS 22-429 [6/26] → data\22-429\json\20230224_respondent_Deborah_Laufer_opposition_d769bc.json
2026-03-28 09:12:28,256 INFO root SUCCESS 22-429 [7/26] → data\22-429\json\20230228_reply_Acheson_Hotels_LLC_af087e.json
2026-03-28 09:12:30,803 INFO root SUCCESS 22-429 [8/26] → data\22-429\json\20230605_petitioner_Acheson_Hotels_LLC_d59fc7.json
2026-03-28 09:12:33,429 INFO root SUCCESS 22-429 [9/26] → data\22-429\json\20230612_amici_Retail_Litigation_Center_Inc_ad031e.json
2026-03-28 09:12:36,109 INFO root SUCCESS 22-429 [10/26] → data\22-429\json\20230612_amici_Chamber_Commerce_US_America_8d1342.json
2026-03-28 09:12:38,119 INFO root SUCCESS 22-429 [11/26] → data\22-429\json\20230612_amici_Atlantic_Legal_Foundation_aa261c.json
2026-03-28 09:12:40,271 INFO root SUCCESS 22-429 [12/26] → data\22-429\json\20230612_amici_Restaurant_Law_Center_fcbaa6.json
2026-03-28 09:12:42,745 INFO root SUCCESS 22-429 [13/26] → data\22-429\json\20230612_amicus_Center_Constitutional_Responsibility_6c9f63.json
2026-03-28 09:12:45,436 INFO root SUCCESS 22-429 [14/26] → data\22-429\json\20230612_amicus_US_support_neither_d23d4e.json
2026-03-28 09:12:47,868 INFO root SUCCESS 22-429 [15/26] → data\22-429\json\20230612_amici_Buckeye_Institute_a6c734.json
2026-03-28 09:12:49,986 INFO root SUCCESS 22-429 [16/26] → data\22-429\json\20230612_amicus_National_Association_Homebuilders_ff67c4.json
2026-03-28 09:12:52,787 INFO root SUCCESS 22-429 [17/26] → data\22-429\json\20230802_respondent_Deborah_Laufer_ffab5a.json
2026-03-28 09:12:55,521 INFO root SUCCESS 22-429 [18/26] → data\22-429\json\20230809_amici_NAACP_Legal_Defense_Educational_Fund_527e6f.json
2026-03-28 09:12:57,807 WARNING pdfminer.pdfpage CropBox missing from /Page, defaulting to MediaBox
2026-03-28 09:12:57,824 WARNING pdfminer.pdfpage CropBox missing from /Page, defaulting to MediaBox
2026-03-28 09:12:57,838 WARNING pdfminer.pdfpage CropBox missing from /Page, defaulting to MediaBox
2026-03-28 09:12:57,855 WARNING pdfminer.pdfpage CropBox missing from /Page, defaulting to MediaBox
2026-03-28 09:12:57,875 WARNING pdfminer.pdfpage CropBox missing from /Page, defaulting to MediaBox
2026-03-28 09:12:57,896 WARNING pdfminer.pdfpage CropBox missing from /Page, defaulting to MediaBox
2026-03-28 09:12:57,917 WARNING pdfminer.pdfpage CropBox missing from /Page, defaulting to MediaBox
2026-03-28 09:12:57,938 WARNING pdfminer.pdfpage CropBox missing from /Page, defaulting to MediaBox
2026-03-28 09:12:57,957 WARNING pdfminer.pdfpage CropBox missing from /Page, defaulting to MediaBox
2026-03-28 09:12:57,974 WARNING pdfminer.pdfpage CropBox missing from /Page, defaulting to MediaBox
2026-03-28 09:12:57,978 WARNING pdfminer.pdfpage CropBox missing from /Page, defaulting to MediaBox
2026-03-28 09:12:57,998 WARNING pdfminer.pdfpage CropBox missing from /Page, defaulting to MediaBox
2026-03-28 09:12:58,021 WARNING pdfminer.pdfpage CropBox missing from /Page, defaulting to MediaBox
2026-03-28 09:12:58,041 WARNING pdfminer.pdfpage CropBox missing from /Page, defaulting to MediaBox
2026-03-28 09:12:58,061 WARNING pdfminer.pdfpage CropBox missing from /Page, defaulting to MediaBox
2026-03-28 09:12:58,082 WARNING pdfminer.pdfpage CropBox missing from /Page, defaulting to MediaBox
2026-03-28 09:12:58,104 WARNING pdfminer.pdfpage CropBox missing from /Page, defaulting to MediaBox
2026-03-28 09:12:58,126 WARNING pdfminer.pdfpage CropBox missing from /Page, defaulting to MediaBox
2026-03-28 09:12:58,149 WARNING pdfminer.pdfpage CropBox missing from /Page, defaulting to MediaBox
2026-03-28 09:12:58,173 WARNING pdfminer.pdfpage CropBox missing from /Page, defaulting to MediaBox
2026-03-28 09:12:58,198 WARNING pdfminer.pdfpage CropBox missing from /Page, defaulting to MediaBox
2026-03-28 09:12:58,221 WARNING pdfminer.pdfpage CropBox missing from /Page, defaulting to MediaBox
2026-03-28 09:12:58,244 WARNING pdfminer.pdfpage CropBox missing from /Page, defaulting to MediaBox
2026-03-28 09:12:58,267 WARNING pdfminer.pdfpage CropBox missing from /Page, defaulting to MediaBox
2026-03-28 09:12:58,291 WARNING pdfminer.pdfpage CropBox missing from /Page, defaulting to MediaBox
2026-03-28 09:12:58,312 WARNING pdfminer.pdfpage CropBox missing from /Page, defaulting to MediaBox
2026-03-28 09:12:58,333 WARNING pdfminer.pdfpage CropBox missing from /Page, defaulting to MediaBox
2026-03-28 09:12:58,353 WARNING pdfminer.pdfpage CropBox missing from /Page, defaulting to MediaBox
2026-03-28 09:12:58,372 WARNING pdfminer.pdfpage CropBox missing from /Page, defaulting to MediaBox
2026-03-28 09:12:58,393 WARNING pdfminer.pdfpage CropBox missing from /Page, defaulting to MediaBox
2026-03-28 09:12:58,414 WARNING pdfminer.pdfpage CropBox missing from /Page, defaulting to MediaBox
2026-03-28 09:12:58,436 WARNING pdfminer.pdfpage CropBox missing from /Page, defaulting to MediaBox
2026-03-28 09:12:58,457 WARNING pdfminer.pdfpage CropBox missing from /Page, defaulting to MediaBox
2026-03-28 09:12:58,478 WARNING pdfminer.pdfpage CropBox missing from /Page, defaulting to MediaBox
2026-03-28 09:12:58,490 INFO root SUCCESS 22-429 [19/26] → data\22-429\json\20230809_amicus_Constitutional_Accountability_Center_(Distributed)_d6a88e.json
2026-03-28 09:13:01,239 INFO root SUCCESS 22-429 [20/26] → data\22-429\json\20230809_amici_Fair_Housing_Organizations_Testers_ab90d7.json
2026-03-28 09:13:03,553 INFO root SUCCESS 22-429 [21/26] → data\22-429\json\20230809_amici_Disability_Antidiscrimination_Law_Scholars_(Distributed)_63ed04.json
2026-03-28 09:13:05,839 INFO root SUCCESS 22-429 [22/26] → data\22-429\json\20230809_amicus_Public_Citizen_(Distributed)_6373f2.json
2026-03-28 09:13:08,427 INFO root SUCCESS 22-429 [23/26] → data\22-429\json\20230809_amici_Massachusetts_(Distributed)_eec897.json
2026-03-28 09:13:11,418 INFO root SUCCESS 22-429 [24/26] → data\22-429\json\20230809_amici_Disability_Rights_Education_Defense_Fund_bb523c.json
2026-03-28 09:13:13,490 WARNING pdfminer.pdfpage CropBox missing from /Page, defaulting to MediaBox
2026-03-28 09:13:13,512 WARNING pdfminer.pdfpage CropBox missing from /Page, defaulting to MediaBox
2026-03-28 09:13:13,520 WARNING pdfminer.pdfpage CropBox missing from /Page, defaulting to MediaBox
2026-03-28 09:13:13,537 WARNING pdfminer.pdfpage CropBox missing from /Page, defaulting to MediaBox
2026-03-28 09:13:13,548 WARNING pdfminer.pdfpage CropBox missing from /Page, defaulting to MediaBox
2026-03-28 09:13:13,568 WARNING pdfminer.pdfpage CropBox missing from /Page, defaulting to MediaBox
2026-03-28 09:13:13,587 WARNING pdfminer.pdfpage CropBox missing from /Page, defaulting to MediaBox
2026-03-28 09:13:13,610 WARNING pdfminer.pdfpage CropBox missing from /Page, defaulting to MediaBox
2026-03-28 09:13:13,636 WARNING pdfminer.pdfpage CropBox missing from /Page, defaulting to MediaBox
2026-03-28 09:13:13,663 WARNING pdfminer.pdfpage CropBox missing from /Page, defaulting to MediaBox
2026-03-28 09:13:13,671 WARNING pdfminer.pdfpage CropBox missing from /Page, defaulting to MediaBox
2026-03-28 09:13:13,689 WARNING pdfminer.pdfpage CropBox missing from /Page, defaulting to MediaBox
2026-03-28 09:13:13,711 WARNING pdfminer.pdfpage CropBox missing from /Page, defaulting to MediaBox
2026-03-28 09:13:13,732 WARNING pdfminer.pdfpage CropBox missing from /Page, defaulting to MediaBox
2026-03-28 09:13:13,752 WARNING pdfminer.pdfpage CropBox missing from /Page, defaulting to MediaBox
2026-03-28 09:13:13,773 WARNING pdfminer.pdfpage CropBox missing from /Page, defaulting to MediaBox
2026-03-28 09:13:13,790 WARNING pdfminer.pdfpage CropBox missing from /Page, defaulting to MediaBox
2026-03-28 09:13:13,808 WARNING pdfminer.pdfpage CropBox missing from /Page, defaulting to MediaBox
2026-03-28 09:13:13,830 WARNING pdfminer.pdfpage CropBox missing from /Page, defaulting to MediaBox
2026-03-28 09:13:13,852 WARNING pdfminer.pdfpage CropBox missing from /Page, defaulting to MediaBox
2026-03-28 09:13:13,870 WARNING pdfminer.pdfpage CropBox missing from /Page, defaulting to MediaBox
2026-03-28 09:13:13,890 WARNING pdfminer.pdfpage CropBox missing from /Page, defaulting to MediaBox
2026-03-28 09:13:13,913 WARNING pdfminer.pdfpage CropBox missing from /Page, defaulting to MediaBox
2026-03-28 09:13:13,937 WARNING pdfminer.pdfpage CropBox missing from /Page, defaulting to MediaBox
2026-03-28 09:13:13,960 WARNING pdfminer.pdfpage CropBox missing from /Page, defaulting to MediaBox
2026-03-28 09:13:13,982 WARNING pdfminer.pdfpage CropBox missing from /Page, defaulting to MediaBox
2026-03-28 09:13:14,006 WARNING pdfminer.pdfpage CropBox missing from /Page, defaulting to MediaBox
2026-03-28 09:13:14,025 WARNING pdfminer.pdfpage CropBox missing from /Page, defaulting to MediaBox
2026-03-28 09:13:14,049 WARNING pdfminer.pdfpage CropBox missing from /Page, defaulting to MediaBox
2026-03-28 09:13:14,068 WARNING pdfminer.pdfpage CropBox missing from /Page, defaulting to MediaBox
2026-03-28 09:13:14,088 WARNING pdfminer.pdfpage CropBox missing from /Page, defaulting to MediaBox
2026-03-28 09:13:14,110 WARNING pdfminer.pdfpage CropBox missing from /Page, defaulting to MediaBox
2026-03-28 09:13:14,133 WARNING pdfminer.pdfpage CropBox missing from /Page, defaulting to MediaBox
2026-03-28 09:13:14,152 WARNING pdfminer.pdfpage CropBox missing from /Page, defaulting to MediaBox
2026-03-28 09:13:14,172 WARNING pdfminer.pdfpage CropBox missing from /Page, defaulting to MediaBox
2026-03-28 09:13:14,198 WARNING pdfminer.pdfpage CropBox missing from /Page, defaulting to MediaBox
2026-03-28 09:13:14,212 WARNING pdfminer.pdfpage CropBox missing from /Page, defaulting to MediaBox
2026-03-28 09:13:14,228 INFO root SUCCESS 22-429 [25/26] → data\22-429\json\20230809_amici_Philip_Schuler_450918.json
2026-03-28 09:13:16,364 INFO root SUCCESS 22-429 [26/26] → data\22-429\json\20230901_reply_Acheson_Hotels_LLC_b6cbb9.json
2026-03-28 09:13:16,680 INFO root Processing Main Document: "Main Document"
2026-03-28 09:13:16,681 INFO root Skipping non-brief document: "Oct 04 2022 Application (22A291) to extend the time to file a petition for a wri"
2026-03-28 09:13:16,681 INFO root Processing Main Document: "Main Document"
2026-03-28 09:13:16,681 INFO root Skipping non-brief document: "Jan 18 2023 Motion to extend the time to file a response from February 3, 2023 t"
2026-03-28 09:13:16,681 INFO root Processing Main Document: "Main Document"
2026-03-28 09:13:16,681 INFO root Filename: "20230303_respondent_James_R._Freed_opposition"
2026-03-28 09:13:16,681 INFO root Processing Main Document: "Main Document"
2026-03-28 09:13:16,681 INFO root Filename: "20230320_reply_Kevin_Lindke"
2026-03-28 09:13:16,682 INFO root Processing Main Document: "Main Document"
2026-03-28 09:13:16,682 INFO root Skipping non-brief document: "May 01 2023 Motion for an extension of time to file the briefs on the merits fil"
2026-03-28 09:13:16,682 INFO root Processing Main Document: "Main Document"
2026-03-28 09:13:16,682 INFO root Filename: "20230623_petitioner_Kevin_Lindke"
2026-03-28 09:13:16,682 INFO root Processing Main Document: "Main Document"
2026-03-28 09:13:16,682 INFO root Skipping non-brief document: "Jun 23 2023 Joint appendix filed.  (Statement of costs filed) Main Document Main"
2026-03-28 09:13:16,682 INFO root Processing Main Document: "Main Document"
2026-03-28 09:13:16,682 INFO root Skipping non-brief document: "Jun 23 2023 Joint appendix filed.  (Statement of costs filed) Main Document Main"
2026-03-28 09:13:16,682 INFO root Processing Main Document: "Main Document"
2026-03-28 09:13:16,682 INFO root Filename: "20230630_amicus_NRSC_(also_22-324)_VIDED"
2026-03-28 09:13:16,682 INFO root Processing Main Document: "Main Document"
2026-03-28 09:13:16,683 INFO root Filename: "20230630_amici_First_Amendment_Clinics_Citizens_Journalists"
2026-03-28 09:13:16,683 INFO root Processing Main Document: "Main Document"
2026-03-28 09:13:16,683 INFO root Filename: "20230630_amici_ACLU_ACLU"
2026-03-28 09:13:16,683 INFO root Processing Main Document: "Main Document"
2026-03-28 09:13:16,683 INFO root Filename: "20230630_amici_NetChoice"
2026-03-28 09:13:16,683 INFO root Processing Main Document: "Main Document"
2026-03-28 09:13:16,683 INFO root Filename: "20230630_amicus_American_Atheists_Inc"
2026-03-28 09:13:16,683 INFO root Processing Main Document: "Main Document"
2026-03-28 09:13:16,683 INFO root Filename: "20230630_amicus_Foundation_Individual_Rights_Expression"
2026-03-28 09:13:16,683 INFO root Processing Main Document: "Main Document"
2026-03-28 09:13:16,684 INFO root Filename: "20230630_amici_Local_Government_Legal_Center"
2026-03-28 09:13:16,684 INFO root Processing Main Document: "Main Document"
2026-03-28 09:13:16,684 INFO root Filename: "20230630_amici_Electronic_Frontier_Foundation"
2026-03-28 09:13:16,684 INFO root Processing Main Document: "Main Document"
2026-03-28 09:13:16,684 INFO root Filename: "20230808_respondent_James_R._Freed"
2026-03-28 09:13:16,684 INFO root Processing Main Document: "Main Document"
2026-03-28 09:13:16,684 INFO root Filename: "20230809_amici_Tennessee"
2026-03-28 09:13:16,684 INFO root Processing Main Document: "Main Document"
2026-03-28 09:13:16,684 INFO root Filename: "20230815_amicus_US"
2026-03-28 09:13:16,684 INFO root Processing Main Document: "Main Document"
2026-03-28 09:13:16,684 INFO root Filename: "20230815_amicus_Texas"
2026-03-28 09:13:16,685 INFO root Processing Main Document: "Main Document"
2026-03-28 09:13:16,685 INFO root Skipping non-brief document: "Aug 15 2023 Motion of the Solicitor General for leave to participate in oral arg"
2026-03-28 09:13:16,685 INFO root Processing Main Document: "Main Document"
2026-03-28 09:13:16,685 INFO root Filename: "20230907_reply_Kevin_Lindke"
2026-03-28 09:13:16,685 INFO root Processing Main Document: "Main Document"
2026-03-28 09:13:16,685 INFO root Skipping non-brief document: "Apr 16 2024 Judgment Issued. Main Document"
2026-03-28 09:13:16,685 INFO root Found 16 brief/reply documents for 22-611
2026-03-28 09:13:16,685 INFO root Processing 16 brief/reply documents for case 22-611
2026-03-28 09:13:19,243 INFO root SUCCESS 22-611 [1/16] → data\22-611\json\20230303_respondent_James_R._Freed_opposition_3f0982.json
2026-03-28 09:13:21,557 INFO root SUCCESS 22-611 [2/16] → data\22-611\json\20230320_reply_Kevin_Lindke_e3270d.json
2026-03-28 09:13:24,766 INFO root SUCCESS 22-611 [3/16] → data\22-611\json\20230623_petitioner_Kevin_Lindke_f094c9.json
2026-03-28 09:13:27,352 INFO root SUCCESS 22-611 [4/16] → data\22-611\json\20230630_amicus_NRSC_(also_22-324)_VIDED_128522.json
2026-03-28 09:13:29,820 INFO root SUCCESS 22-611 [5/16] → data\22-611\json\20230630_amici_First_Amendment_Clinics_Citizens_Journalists_152808.json
2026-03-28 09:13:31,922 INFO root SUCCESS 22-611 [6/16] → data\22-611\json\20230630_amici_ACLU_ACLU_0b1119.json
2026-03-28 09:13:34,399 INFO root SUCCESS 22-611 [7/16] → data\22-611\json\20230630_amici_NetChoice_e469de.json
2026-03-28 09:13:36,669 INFO root SUCCESS 22-611 [8/16] → data\22-611\json\20230630_amicus_American_Atheists_Inc_d99bb7.json
2026-03-28 09:13:38,677 WARNING pdfminer.pdfpage CropBox missing from /Page, defaulting to MediaBox
2026-03-28 09:13:38,695 WARNING pdfminer.pdfpage CropBox missing from /Page, defaulting to MediaBox
2026-03-28 09:13:38,699 WARNING pdfminer.pdfpage CropBox missing from /Page, defaulting to MediaBox
2026-03-28 09:13:38,714 WARNING pdfminer.pdfpage CropBox missing from /Page, defaulting to MediaBox
2026-03-28 09:13:38,719 WARNING pdfminer.pdfpage CropBox missing from /Page, defaulting to MediaBox
2026-03-28 09:13:38,744 WARNING pdfminer.pdfpage CropBox missing from /Page, defaulting to MediaBox
2026-03-28 09:13:38,759 WARNING pdfminer.pdfpage CropBox missing from /Page, defaulting to MediaBox
2026-03-28 09:13:38,774 WARNING pdfminer.pdfpage CropBox missing from /Page, defaulting to MediaBox
2026-03-28 09:13:38,779 WARNING pdfminer.pdfpage CropBox missing from /Page, defaulting to MediaBox
2026-03-28 09:13:38,795 WARNING pdfminer.pdfpage CropBox missing from /Page, defaulting to MediaBox
2026-03-28 09:13:38,814 WARNING pdfminer.pdfpage CropBox missing from /Page, defaulting to MediaBox
2026-03-28 09:13:38,834 WARNING pdfminer.pdfpage CropBox missing from /Page, defaulting to MediaBox
2026-03-28 09:13:38,846 WARNING pdfminer.pdfpage CropBox missing from /Page, defaulting to MediaBox
2026-03-28 09:13:38,861 WARNING pdfminer.pdfpage CropBox missing from /Page, defaulting to MediaBox
2026-03-28 09:13:38,876 WARNING pdfminer.pdfpage CropBox missing from /Page, defaulting to MediaBox
2026-03-28 09:13:38,893 WARNING pdfminer.pdfpage CropBox missing from /Page, defaulting to MediaBox
2026-03-28 09:13:38,918 WARNING pdfminer.pdfpage CropBox missing from /Page, defaulting to MediaBox
2026-03-28 09:13:38,953 WARNING pdfminer.pdfpage CropBox missing from /Page, defaulting to MediaBox
2026-03-28 09:13:38,973 WARNING pdfminer.pdfpage CropBox missing from /Page, defaulting to MediaBox
2026-03-28 09:13:39,001 WARNING pdfminer.pdfpage CropBox missing from /Page, defaulting to MediaBox
2026-03-28 09:13:39,020 WARNING pdfminer.pdfpage CropBox missing from /Page, defaulting to MediaBox
2026-03-28 09:13:39,040 WARNING pdfminer.pdfpage CropBox missing from /Page, defaulting to MediaBox
2026-03-28 09:13:39,056 WARNING pdfminer.pdfpage CropBox missing from /Page, defaulting to MediaBox
2026-03-28 09:13:39,073 WARNING pdfminer.pdfpage CropBox missing from /Page, defaulting to MediaBox
2026-03-28 09:13:39,091 WARNING pdfminer.pdfpage CropBox missing from /Page, defaulting to MediaBox
2026-03-28 09:13:39,108 WARNING pdfminer.pdfpage CropBox missing from /Page, defaulting to MediaBox
2026-03-28 09:13:39,126 WARNING pdfminer.pdfpage CropBox missing from /Page, defaulting to MediaBox
2026-03-28 09:13:39,142 WARNING pdfminer.pdfpage CropBox missing from /Page, defaulting to MediaBox
2026-03-28 09:13:39,159 WARNING pdfminer.pdfpage CropBox missing from /Page, defaulting to MediaBox
2026-03-28 09:13:39,177 WARNING pdfminer.pdfpage CropBox missing from /Page, defaulting to MediaBox
2026-03-28 09:13:39,193 WARNING pdfminer.pdfpage CropBox missing from /Page, defaulting to MediaBox
2026-03-28 09:13:39,206 WARNING pdfminer.pdfpage CropBox missing from /Page, defaulting to MediaBox
2026-03-28 09:13:39,216 INFO root SUCCESS 22-611 [9/16] → data\22-611\json\20230630_amicus_Foundation_Individual_Rights_Expression_2e292a.json
2026-03-28 09:13:41,398 INFO root SUCCESS 22-611 [10/16] → data\22-611\json\20230630_amici_Local_Government_Legal_Center_787470.json
2026-03-28 09:13:44,516 INFO root SUCCESS 22-611 [11/16] → data\22-611\json\20230630_amici_Electronic_Frontier_Foundation_3b233f.json
2026-03-28 09:13:47,200 INFO root SUCCESS 22-611 [12/16] → data\22-611\json\20230808_respondent_James_R._Freed_d1058e.json
2026-03-28 09:13:49,516 INFO root SUCCESS 22-611 [13/16] → data\22-611\json\20230809_amici_Tennessee_a3bb8b.json
2026-03-28 09:13:52,254 INFO root SUCCESS 22-611 [14/16] → data\22-611\json\20230815_amicus_US_2e4a50.json
2026-03-28 09:13:54,792 INFO root SUCCESS 22-611 [15/16] → data\22-611\json\20230815_amicus_Texas_b2e7e9.json
2026-03-28 09:13:57,214 INFO root SUCCESS 22-611 [16/16] → data\22-611\json\20230907_reply_Kevin_Lindke_855f51.json
2026-03-28 09:13:57,466 INFO root Processing Main Document: "Main Document"
2026-03-28 09:13:57,466 INFO root Skipping non-brief document: "Nov 02 2022 Motion to extend the time to file a response from November 7, 2022 t"
2026-03-28 09:13:57,466 INFO root Processing Main Document: "Main Document"
2026-03-28 09:13:57,467 INFO root Skipping non-brief document: "Nov 29 2022 Motion to extend the time to file a response from December 7, 2022 t"
2026-03-28 09:13:57,467 INFO root Processing Main Document: "Main Document"
2026-03-28 09:13:57,467 INFO root Filename: "20221213_respondent_Christopher_Garnier_ux._opposition"
2026-03-28 09:13:57,467 INFO root Processing Main Document: "Main Document"
2026-03-28 09:13:57,467 INFO root Skipping non-brief document: "Dec 16 2022 Waiver of the 14-day waiting period for the distribution of the peti"
2026-03-28 09:13:57,467 INFO root Processing Main Document: "Main Document"
2026-03-28 09:13:57,468 INFO root Filename: "20221220_reply_Michelle_OâConnor-Ratcliff"
2026-03-28 09:13:57,468 INFO root Processing Main Document: "Main Document"
2026-03-28 09:13:57,468 INFO root Filename: "20230314_petitioner_Michelle_OâConnor-Ratcliff_and_T.J._Zane"
2026-03-28 09:13:57,468 INFO root Processing Main Document: "Main Document"
2026-03-28 09:13:57,468 INFO root Skipping non-brief document: "May 01 2023 Motion for an extension of time filed. Main Document"
2026-03-28 09:13:57,468 INFO root Processing Main Document: "Main Document"
2026-03-28 09:13:57,468 INFO root Filename: "20230623_petitioner_Michelle_OâConnor-Ratcliff_and_T.J._Zane"
2026-03-28 09:13:57,468 INFO root Processing Main Document: "Main Document"
2026-03-28 09:13:57,468 INFO root Skipping non-brief document: "Jun 23 2023 Joint appendix filed.  (Statement of costs filed) Main Document Proo"
2026-03-28 09:13:57,468 INFO root Processing Main Document: "Main Document"
2026-03-28 09:13:57,468 INFO root Filename: "20230630_amicus_US"
2026-03-28 09:13:57,469 INFO root Processing Main Document: "Main Document"
2026-03-28 09:13:57,469 INFO root Filename: "20230630_amici_State_Tennessee"
2026-03-28 09:13:57,469 INFO root Processing Main Document: "Main Document"
2026-03-28 09:13:57,469 INFO root Filename: "20230630_amicus_California_School_Boards_Association"
2026-03-28 09:13:57,469 INFO root Processing Main Document: "Main Document"
2026-03-28 09:13:57,469 INFO root Filename: "20230630_amici_NetChoice_supporting_neither"
2026-03-28 09:13:57,469 INFO root Processing Main Document: "Main Document"
2026-03-28 09:13:57,469 INFO root Filename: "20230630_amicus_State_Texas"
2026-03-28 09:13:57,469 INFO root Processing Main Document: "Main Document"
2026-03-28 09:13:57,469 INFO root Filename: "20230630_amicus_NRSC_(also_22-611)_VIDED"
2026-03-28 09:13:57,469 INFO root Processing Main Document: "Main Document"
2026-03-28 09:13:57,470 INFO root Filename: "20230630_amici_Local_Government_Legal_Center"
2026-03-28 09:13:57,470 INFO root Processing Main Document: "Main Document"
2026-03-28 09:13:57,470 INFO root Filename: "20230630_amici_Electronic_Frontier_Foundation"
2026-03-28 09:13:57,470 INFO root Processing Main Document: "Main Document"
2026-03-28 09:13:57,470 INFO root Filename: "20230808_respondent_Christopher_Garnier_and_Kimberly_Garnier"
2026-03-28 09:13:57,470 INFO root Processing Main Document: "Main Document"
2026-03-28 09:13:57,470 INFO root Filename: "20230815_amicus_Manhattan_Institute"
2026-03-28 09:13:57,470 INFO root Processing Main Document: "Main Document"
2026-03-28 09:13:57,470 INFO root Filename: "20230815_amicus_American_Atheists_Inc"
2026-03-28 09:13:57,470 INFO root Processing Main Document: "Main Document"
2026-03-28 09:13:57,471 INFO root Filename: "20230815_amicus_Foundation_Individual_Rights_Expression"
2026-03-28 09:13:57,471 INFO root Processing Main Document: "Main Document"
2026-03-28 09:13:57,471 INFO root Filename: "20230815_amici_ACLU_Foundation"
2026-03-28 09:13:57,471 INFO root Processing Main Document: "Main Document"
2026-03-28 09:13:57,471 INFO root Filename: "20230815_amicus_Protect_First_Foundation"
2026-03-28 09:13:57,471 INFO root Processing Main Document: "Main Document"
2026-03-28 09:13:57,471 INFO root Filename: "20230815_amici_First_Amendment_Clinics_Citizens_Journalists"
2026-03-28 09:13:57,471 INFO root Processing Main Document: "Main Document"
2026-03-28 09:13:57,471 INFO root Skipping non-brief document: "Aug 15 2023 Motion of the Solicitor General for leave to participate in oral arg"
2026-03-28 09:13:57,472 INFO root Processing Main Document: "Main Document"
2026-03-28 09:13:57,472 INFO root Filename: "20230907_reply_Michelle_OâConnor-Ratcliff"
2026-03-28 09:13:57,472 INFO root Processing Main Document: "Main Document"
2026-03-28 09:13:57,472 INFO root Skipping non-brief document: "Apr 16 2024 Judgment Issued. Main Document"
2026-03-28 09:13:57,472 INFO root Found 20 brief/reply documents for 22-324
2026-03-28 09:13:57,472 INFO root Processing 20 brief/reply documents for case 22-324
2026-03-28 09:13:59,831 INFO root SUCCESS 22-324 [1/20] → data\22-324\json\20221213_respondent_Christopher_Garnier_ux._opposition_46f4a8.json
2026-03-28 09:14:01,625 WARNING pdfminer.pdfpage CropBox missing from /Page, defaulting to MediaBox
2026-03-28 09:14:01,634 WARNING pdfminer.pdfpage CropBox missing from /Page, defaulting to MediaBox
2026-03-28 09:14:01,638 WARNING pdfminer.pdfpage CropBox missing from /Page, defaulting to MediaBox
2026-03-28 09:14:01,644 WARNING pdfminer.pdfpage CropBox missing from /Page, defaulting to MediaBox
2026-03-28 09:14:01,651 WARNING pdfminer.pdfpage CropBox missing from /Page, defaulting to MediaBox
2026-03-28 09:14:01,657 WARNING pdfminer.pdfpage CropBox missing from /Page, defaulting to MediaBox
2026-03-28 09:14:01,664 WARNING pdfminer.pdfpage CropBox missing from /Page, defaulting to MediaBox
2026-03-28 09:14:01,671 WARNING pdfminer.pdfpage CropBox missing from /Page, defaulting to MediaBox
2026-03-28 09:14:01,679 WARNING pdfminer.pdfpage CropBox missing from /Page, defaulting to MediaBox
2026-03-28 09:14:01,687 WARNING pdfminer.pdfpage CropBox missing from /Page, defaulting to MediaBox
2026-03-28 09:14:01,694 WARNING pdfminer.pdfpage CropBox missing from /Page, defaulting to MediaBox
2026-03-28 09:14:01,703 WARNING pdfminer.pdfpage CropBox missing from /Page, defaulting to MediaBox
2026-03-28 09:14:01,710 WARNING pdfminer.pdfpage CropBox missing from /Page, defaulting to MediaBox
2026-03-28 09:14:01,717 WARNING pdfminer.pdfpage CropBox missing from /Page, defaulting to MediaBox
2026-03-28 09:14:01,725 WARNING pdfminer.pdfpage CropBox missing from /Page, defaulting to MediaBox
2026-03-28 09:14:01,733 WARNING pdfminer.pdfpage CropBox missing from /Page, defaulting to MediaBox
2026-03-28 09:14:01,739 INFO root SUCCESS 22-324 [2/20] → data\22-324\json\20221220_reply_Michelle_OâConnor-Ratcliff_467857.json
2026-03-28 09:14:04,153 WARNING pdfminer.pdfpage CropBox missing from /Page, defaulting to MediaBox
2026-03-28 09:14:04,162 WARNING pdfminer.pdfpage CropBox missing from /Page, defaulting to MediaBox
2026-03-28 09:14:04,167 WARNING pdfminer.pdfpage CropBox missing from /Page, defaulting to MediaBox
2026-03-28 09:14:04,174 WARNING pdfminer.pdfpage CropBox missing from /Page, defaulting to MediaBox
2026-03-28 09:14:04,175 WARNING pdfminer.pdfpage CropBox missing from /Page, defaulting to MediaBox
2026-03-28 09:14:04,182 WARNING pdfminer.pdfpage CropBox missing from /Page, defaulting to MediaBox
2026-03-28 09:14:04,188 WARNING pdfminer.pdfpage CropBox missing from /Page, defaulting to MediaBox
2026-03-28 09:14:04,198 WARNING pdfminer.pdfpage CropBox missing from /Page, defaulting to MediaBox
2026-03-28 09:14:04,205 WARNING pdfminer.pdfpage CropBox missing from /Page, defaulting to MediaBox
2026-03-28 09:14:04,214 WARNING pdfminer.pdfpage CropBox missing from /Page, defaulting to MediaBox
2026-03-28 09:14:04,223 WARNING pdfminer.pdfpage CropBox missing from /Page, defaulting to MediaBox
2026-03-28 09:14:04,230 WARNING pdfminer.pdfpage CropBox missing from /Page, defaulting to MediaBox
2026-03-28 09:14:04,238 WARNING pdfminer.pdfpage CropBox missing from /Page, defaulting to MediaBox
2026-03-28 09:14:04,246 WARNING pdfminer.pdfpage CropBox missing from /Page, defaulting to MediaBox
2026-03-28 09:14:04,253 WARNING pdfminer.pdfpage CropBox missing from /Page, defaulting to MediaBox
2026-03-28 09:14:04,258 INFO root SUCCESS 22-324 [3/20] → data\22-324\json\20230314_petitioner_Michelle_OâConnor-Ratcliff_and_T.J._Zane_34a733.json
2026-03-28 09:14:06,496 WARNING pdfminer.pdfpage CropBox missing from /Page, defaulting to MediaBox
2026-03-28 09:14:06,507 WARNING pdfminer.pdfpage CropBox missing from /Page, defaulting to MediaBox
2026-03-28 09:14:06,509 WARNING pdfminer.pdfpage CropBox missing from /Page, defaulting to MediaBox
2026-03-28 09:14:06,515 WARNING pdfminer.pdfpage CropBox missing from /Page, defaulting to MediaBox
2026-03-28 09:14:06,522 WARNING pdfminer.pdfpage CropBox missing from /Page, defaulting to MediaBox
2026-03-28 09:14:06,531 WARNING pdfminer.pdfpage CropBox missing from /Page, defaulting to MediaBox
2026-03-28 09:14:06,539 WARNING pdfminer.pdfpage CropBox missing from /Page, defaulting to MediaBox
2026-03-28 09:14:06,547 WARNING pdfminer.pdfpage CropBox missing from /Page, defaulting to MediaBox
2026-03-28 09:14:06,554 WARNING pdfminer.pdfpage CropBox missing from /Page, defaulting to MediaBox
2026-03-28 09:14:06,560 WARNING pdfminer.pdfpage CropBox missing from /Page, defaulting to MediaBox
2026-03-28 09:14:06,565 WARNING pdfminer.pdfpage CropBox missing from /Page, defaulting to MediaBox
2026-03-28 09:14:06,574 WARNING pdfminer.pdfpage CropBox missing from /Page, defaulting to MediaBox
2026-03-28 09:14:06,583 WARNING pdfminer.pdfpage CropBox missing from /Page, defaulting to MediaBox
2026-03-28 09:14:06,592 WARNING pdfminer.pdfpage CropBox missing from /Page, defaulting to MediaBox
2026-03-28 09:14:06,600 WARNING pdfminer.pdfpage CropBox missing from /Page, defaulting to MediaBox
2026-03-28 09:14:06,609 WARNING pdfminer.pdfpage CropBox missing from /Page, defaulting to MediaBox
2026-03-28 09:14:06,619 WARNING pdfminer.pdfpage CropBox missing from /Page, defaulting to MediaBox
2026-03-28 09:14:06,628 WARNING pdfminer.pdfpage CropBox missing from /Page, defaulting to MediaBox
2026-03-28 09:14:06,637 WARNING pdfminer.pdfpage CropBox missing from /Page, defaulting to MediaBox
2026-03-28 09:14:06,646 WARNING pdfminer.pdfpage CropBox missing from /Page, defaulting to MediaBox
2026-03-28 09:14:06,654 WARNING pdfminer.pdfpage CropBox missing from /Page, defaulting to MediaBox
2026-03-28 09:14:06,663 WARNING pdfminer.pdfpage CropBox missing from /Page, defaulting to MediaBox
2026-03-28 09:14:06,668 WARNING pdfminer.pdfpage CropBox missing from /Page, defaulting to MediaBox
2026-03-28 09:14:06,681 WARNING pdfminer.pdfpage CropBox missing from /Page, defaulting to MediaBox
2026-03-28 09:14:06,694 WARNING pdfminer.pdfpage CropBox missing from /Page, defaulting to MediaBox
2026-03-28 09:14:06,706 WARNING pdfminer.pdfpage CropBox missing from /Page, defaulting to MediaBox
2026-03-28 09:14:06,716 WARNING pdfminer.pdfpage CropBox missing from /Page, defaulting to MediaBox
2026-03-28 09:14:06,726 WARNING pdfminer.pdfpage CropBox missing from /Page, defaulting to MediaBox
2026-03-28 09:14:06,735 WARNING pdfminer.pdfpage CropBox missing from /Page, defaulting to MediaBox
2026-03-28 09:14:06,744 WARNING pdfminer.pdfpage CropBox missing from /Page, defaulting to MediaBox
2026-03-28 09:14:06,753 WARNING pdfminer.pdfpage CropBox missing from /Page, defaulting to MediaBox
2026-03-28 09:14:06,763 WARNING pdfminer.pdfpage CropBox missing from /Page, defaulting to MediaBox
2026-03-28 09:14:06,772 WARNING pdfminer.pdfpage CropBox missing from /Page, defaulting to MediaBox
2026-03-28 09:14:06,780 WARNING pdfminer.pdfpage CropBox missing from /Page, defaulting to MediaBox
2026-03-28 09:14:06,790 WARNING pdfminer.pdfpage CropBox missing from /Page, defaulting to MediaBox
2026-03-28 09:14:06,799 WARNING pdfminer.pdfpage CropBox missing from /Page, defaulting to MediaBox
2026-03-28 09:14:06,808 WARNING pdfminer.pdfpage CropBox missing from /Page, defaulting to MediaBox
2026-03-28 09:14:06,818 WARNING pdfminer.pdfpage CropBox missing from /Page, defaulting to MediaBox
2026-03-28 09:14:06,827 WARNING pdfminer.pdfpage CropBox missing from /Page, defaulting to MediaBox
2026-03-28 09:14:06,836 WARNING pdfminer.pdfpage CropBox missing from /Page, defaulting to MediaBox
2026-03-28 09:14:06,847 WARNING pdfminer.pdfpage CropBox missing from /Page, defaulting to MediaBox
2026-03-28 09:14:06,857 WARNING pdfminer.pdfpage CropBox missing from /Page, defaulting to MediaBox
2026-03-28 09:14:06,866 WARNING pdfminer.pdfpage CropBox missing from /Page, defaulting to MediaBox
2026-03-28 09:14:06,876 WARNING pdfminer.pdfpage CropBox missing from /Page, defaulting to MediaBox
2026-03-28 09:14:06,885 WARNING pdfminer.pdfpage CropBox missing from /Page, defaulting to MediaBox
2026-03-28 09:14:06,895 WARNING pdfminer.pdfpage CropBox missing from /Page, defaulting to MediaBox
2026-03-28 09:14:06,904 WARNING pdfminer.pdfpage CropBox missing from /Page, defaulting to MediaBox
2026-03-28 09:14:06,914 WARNING pdfminer.pdfpage CropBox missing from /Page, defaulting to MediaBox
2026-03-28 09:14:06,924 WARNING pdfminer.pdfpage CropBox missing from /Page, defaulting to MediaBox
2026-03-28 09:14:06,933 WARNING pdfminer.pdfpage CropBox missing from /Page, defaulting to MediaBox
2026-03-28 09:14:06,942 WARNING pdfminer.pdfpage CropBox missing from /Page, defaulting to MediaBox
2026-03-28 09:14:06,952 WARNING pdfminer.pdfpage CropBox missing from /Page, defaulting to MediaBox
2026-03-28 09:14:06,962 WARNING pdfminer.pdfpage CropBox missing from /Page, defaulting to MediaBox
2026-03-28 09:14:06,971 WARNING pdfminer.pdfpage CropBox missing from /Page, defaulting to MediaBox
2026-03-28 09:14:06,980 WARNING pdfminer.pdfpage CropBox missing from /Page, defaulting to MediaBox
2026-03-28 09:14:06,989 WARNING pdfminer.pdfpage CropBox missing from /Page, defaulting to MediaBox
2026-03-28 09:14:06,998 WARNING pdfminer.pdfpage CropBox missing from /Page, defaulting to MediaBox
2026-03-28 09:14:07,009 WARNING pdfminer.pdfpage CropBox missing from /Page, defaulting to MediaBox
2026-03-28 09:14:07,019 WARNING pdfminer.pdfpage CropBox missing from /Page, defaulting to MediaBox
2026-03-28 09:14:07,028 WARNING pdfminer.pdfpage CropBox missing from /Page, defaulting to MediaBox
2026-03-28 09:14:07,038 WARNING pdfminer.pdfpage CropBox missing from /Page, defaulting to MediaBox
2026-03-28 09:14:07,042 WARNING pdfminer.pdfpage CropBox missing from /Page, defaulting to MediaBox
2026-03-28 09:14:07,043 WARNING pdfminer.pdfpage CropBox missing from /Page, defaulting to MediaBox
2026-03-28 09:14:07,045 WARNING pdfminer.pdfpage CropBox missing from /Page, defaulting to MediaBox
2026-03-28 09:14:07,050 WARNING pdfminer.pdfpage CropBox missing from /Page, defaulting to MediaBox
2026-03-28 09:14:07,057 INFO root SUCCESS 22-324 [4/20] → data\22-324\json\20230623_petitioner_Michelle_OâConnor-Ratcliff_and_T.J._Zane_93ea4c.json
2026-03-28 09:14:09,945 INFO root SUCCESS 22-324 [5/20] → data\22-324\json\20230630_amicus_US_a8ccd6.json
2026-03-28 09:14:11,848 INFO root SUCCESS 22-324 [6/20] → data\22-324\json\20230630_amici_State_Tennessee_a42d81.json
2026-03-28 09:14:14,212 INFO root SUCCESS 22-324 [7/20] → data\22-324\json\20230630_amicus_California_School_Boards_Association_81a398.json
2026-03-28 09:14:16,355 INFO root SUCCESS 22-324 [8/20] → data\22-324\json\20230630_amici_NetChoice_supporting_neither_460d2b.json
2026-03-28 09:14:18,356 WARNING pdfminer.pdfpage CropBox missing from /Page, defaulting to MediaBox
2026-03-28 09:14:18,375 WARNING pdfminer.pdfpage CropBox missing from /Page, defaulting to MediaBox
2026-03-28 09:14:18,380 WARNING pdfminer.pdfpage CropBox missing from /Page, defaulting to MediaBox
2026-03-28 09:14:18,404 WARNING pdfminer.pdfpage CropBox missing from /Page, defaulting to MediaBox
2026-03-28 09:14:18,408 WARNING pdfminer.pdfpage CropBox missing from /Page, defaulting to MediaBox
2026-03-28 09:14:18,427 WARNING pdfminer.pdfpage CropBox missing from /Page, defaulting to MediaBox
2026-03-28 09:14:18,452 WARNING pdfminer.pdfpage CropBox missing from /Page, defaulting to MediaBox
2026-03-28 09:14:18,474 WARNING pdfminer.pdfpage CropBox missing from /Page, defaulting to MediaBox
2026-03-28 09:14:18,494 WARNING pdfminer.pdfpage CropBox missing from /Page, defaulting to MediaBox
2026-03-28 09:14:18,520 WARNING pdfminer.pdfpage CropBox missing from /Page, defaulting to MediaBox
2026-03-28 09:14:18,544 WARNING pdfminer.pdfpage CropBox missing from /Page, defaulting to MediaBox
2026-03-28 09:14:18,570 WARNING pdfminer.pdfpage CropBox missing from /Page, defaulting to MediaBox
2026-03-28 09:14:18,594 WARNING pdfminer.pdfpage CropBox missing from /Page, defaulting to MediaBox
2026-03-28 09:14:18,620 WARNING pdfminer.pdfpage CropBox missing from /Page, defaulting to MediaBox
2026-03-28 09:14:18,644 WARNING pdfminer.pdfpage CropBox missing from /Page, defaulting to MediaBox
2026-03-28 09:14:18,668 WARNING pdfminer.pdfpage CropBox missing from /Page, defaulting to MediaBox
2026-03-28 09:14:18,694 WARNING pdfminer.pdfpage CropBox missing from /Page, defaulting to MediaBox
2026-03-28 09:14:18,719 WARNING pdfminer.pdfpage CropBox missing from /Page, defaulting to MediaBox
2026-03-28 09:14:18,742 WARNING pdfminer.pdfpage CropBox missing from /Page, defaulting to MediaBox
2026-03-28 09:14:18,768 WARNING pdfminer.pdfpage CropBox missing from /Page, defaulting to MediaBox
2026-03-28 09:14:18,792 WARNING pdfminer.pdfpage CropBox missing from /Page, defaulting to MediaBox
2026-03-28 09:14:18,817 WARNING pdfminer.pdfpage CropBox missing from /Page, defaulting to MediaBox
2026-03-28 09:14:18,839 WARNING pdfminer.pdfpage CropBox missing from /Page, defaulting to MediaBox
2026-03-28 09:14:18,863 WARNING pdfminer.pdfpage CropBox missing from /Page, defaulting to MediaBox
2026-03-28 09:14:18,887 WARNING pdfminer.pdfpage CropBox missing from /Page, defaulting to MediaBox
2026-03-28 09:14:18,909 WARNING pdfminer.pdfpage CropBox missing from /Page, defaulting to MediaBox
2026-03-28 09:14:18,933 WARNING pdfminer.pdfpage CropBox missing from /Page, defaulting to MediaBox
2026-03-28 09:14:18,956 WARNING pdfminer.pdfpage CropBox missing from /Page, defaulting to MediaBox
2026-03-28 09:14:18,979 WARNING pdfminer.pdfpage CropBox missing from /Page, defaulting to MediaBox
2026-03-28 09:14:19,003 WARNING pdfminer.pdfpage CropBox missing from /Page, defaulting to MediaBox
2026-03-28 09:14:19,022 WARNING pdfminer.pdfpage CropBox missing from /Page, defaulting to MediaBox
2026-03-28 09:14:19,046 WARNING pdfminer.pdfpage CropBox missing from /Page, defaulting to MediaBox
2026-03-28 09:14:19,071 WARNING pdfminer.pdfpage CropBox missing from /Page, defaulting to MediaBox
2026-03-28 09:14:19,094 WARNING pdfminer.pdfpage CropBox missing from /Page, defaulting to MediaBox
2026-03-28 09:14:19,116 WARNING pdfminer.pdfpage CropBox missing from /Page, defaulting to MediaBox
2026-03-28 09:14:19,137 WARNING pdfminer.pdfpage CropBox missing from /Page, defaulting to MediaBox
2026-03-28 09:14:19,151 WARNING pdfminer.pdfpage CropBox missing from /Page, defaulting to MediaBox
2026-03-28 09:14:19,164 INFO root SUCCESS 22-324 [9/20] → data\22-324\json\20230630_amicus_State_Texas_388173.json
2026-03-28 09:14:21,518 INFO root SUCCESS 22-324 [10/20] → data\22-324\json\20230630_amicus_NRSC_(also_22-611)_VIDED_128522.json
2026-03-28 09:14:23,875 INFO root SUCCESS 22-324 [11/20] → data\22-324\json\20230630_amici_Local_Government_Legal_Center_5ff97c.json
2026-03-28 09:14:27,312 INFO root SUCCESS 22-324 [12/20] → data\22-324\json\20230630_amici_Electronic_Frontier_Foundation_3b233f.json
2026-03-28 09:14:29,783 INFO root SUCCESS 22-324 [13/20] → data\22-324\json\20230808_respondent_Christopher_Garnier_and_Kimberly_Garnier_52d257.json
2026-03-28 09:14:32,048 INFO root SUCCESS 22-324 [14/20] → data\22-324\json\20230815_amicus_Manhattan_Institute_4120d1.json
2026-03-28 09:14:34,473 INFO root SUCCESS 22-324 [15/20] → data\22-324\json\20230815_amicus_American_Atheists_Inc_c27790.json
2026-03-28 09:14:36,882 WARNING pdfminer.pdfpage CropBox missing from /Page, defaulting to MediaBox
2026-03-28 09:14:36,902 WARNING pdfminer.pdfpage CropBox missing from /Page, defaulting to MediaBox
2026-03-28 09:14:36,906 WARNING pdfminer.pdfpage CropBox missing from /Page, defaulting to MediaBox
2026-03-28 09:14:36,920 WARNING pdfminer.pdfpage CropBox missing from /Page, defaulting to MediaBox
2026-03-28 09:14:36,937 WARNING pdfminer.pdfpage CropBox missing from /Page, defaulting to MediaBox
2026-03-28 09:14:36,952 WARNING pdfminer.pdfpage CropBox missing from /Page, defaulting to MediaBox
2026-03-28 09:14:36,967 WARNING pdfminer.pdfpage CropBox missing from /Page, defaulting to MediaBox
2026-03-28 09:14:36,970 WARNING pdfminer.pdfpage CropBox missing from /Page, defaulting to MediaBox
2026-03-28 09:14:36,989 WARNING pdfminer.pdfpage CropBox missing from /Page, defaulting to MediaBox
2026-03-28 09:14:37,008 WARNING pdfminer.pdfpage CropBox missing from /Page, defaulting to MediaBox
2026-03-28 09:14:37,026 WARNING pdfminer.pdfpage CropBox missing from /Page, defaulting to MediaBox
2026-03-28 09:14:37,040 WARNING pdfminer.pdfpage CropBox missing from /Page, defaulting to MediaBox
2026-03-28 09:14:37,062 WARNING pdfminer.pdfpage CropBox missing from /Page, defaulting to MediaBox
2026-03-28 09:14:37,081 WARNING pdfminer.pdfpage CropBox missing from /Page, defaulting to MediaBox
2026-03-28 09:14:37,103 WARNING pdfminer.pdfpage CropBox missing from /Page, defaulting to MediaBox
2026-03-28 09:14:37,120 WARNING pdfminer.pdfpage CropBox missing from /Page, defaulting to MediaBox
2026-03-28 09:14:37,141 WARNING pdfminer.pdfpage CropBox missing from /Page, defaulting to MediaBox
2026-03-28 09:14:37,160 WARNING pdfminer.pdfpage CropBox missing from /Page, defaulting to MediaBox
2026-03-28 09:14:37,180 WARNING pdfminer.pdfpage CropBox missing from /Page, defaulting to MediaBox
2026-03-28 09:14:37,198 WARNING pdfminer.pdfpage CropBox missing from /Page, defaulting to MediaBox
2026-03-28 09:14:37,213 WARNING pdfminer.pdfpage CropBox missing from /Page, defaulting to MediaBox
2026-03-28 09:14:37,229 WARNING pdfminer.pdfpage CropBox missing from /Page, defaulting to MediaBox
2026-03-28 09:14:37,246 WARNING pdfminer.pdfpage CropBox missing from /Page, defaulting to MediaBox
2026-03-28 09:14:37,263 WARNING pdfminer.pdfpage CropBox missing from /Page, defaulting to MediaBox
2026-03-28 09:14:37,282 WARNING pdfminer.pdfpage CropBox missing from /Page, defaulting to MediaBox
2026-03-28 09:14:37,299 WARNING pdfminer.pdfpage CropBox missing from /Page, defaulting to MediaBox
2026-03-28 09:14:37,312 WARNING pdfminer.pdfpage CropBox missing from /Page, defaulting to MediaBox
2026-03-28 09:14:37,321 INFO root SUCCESS 22-324 [16/20] → data\22-324\json\20230815_amicus_Foundation_Individual_Rights_Expression_4a68cc.json
2026-03-28 09:14:39,691 INFO root SUCCESS 22-324 [17/20] → data\22-324\json\20230815_amici_ACLU_Foundation_cdcb28.json
2026-03-28 09:14:42,001 INFO root SUCCESS 22-324 [18/20] → data\22-324\json\20230815_amicus_Protect_First_Foundation_271287.json
2026-03-28 09:14:43,957 WARNING pdfminer.pdfpage CropBox missing from /Page, defaulting to MediaBox
2026-03-28 09:14:43,972 WARNING pdfminer.pdfpage CropBox missing from /Page, defaulting to MediaBox
2026-03-28 09:14:43,978 WARNING pdfminer.pdfpage CropBox missing from /Page, defaulting to MediaBox
2026-03-28 09:14:43,988 WARNING pdfminer.pdfpage CropBox missing from /Page, defaulting to MediaBox
2026-03-28 09:14:43,994 WARNING pdfminer.pdfpage CropBox missing from /Page, defaulting to MediaBox
2026-03-28 09:14:44,005 WARNING pdfminer.pdfpage CropBox missing from /Page, defaulting to MediaBox
2026-03-28 09:14:44,016 WARNING pdfminer.pdfpage CropBox missing from /Page, defaulting to MediaBox
2026-03-28 09:14:44,027 WARNING pdfminer.pdfpage CropBox missing from /Page, defaulting to MediaBox
2026-03-28 09:14:44,039 WARNING pdfminer.pdfpage CropBox missing from /Page, defaulting to MediaBox
2026-03-28 09:14:44,050 WARNING pdfminer.pdfpage CropBox missing from /Page, defaulting to MediaBox
2026-03-28 09:14:44,061 WARNING pdfminer.pdfpage CropBox missing from /Page, defaulting to MediaBox
2026-03-28 09:14:44,068 WARNING pdfminer.pdfpage CropBox missing from /Page, defaulting to MediaBox
2026-03-28 09:14:44,080 WARNING pdfminer.pdfpage CropBox missing from /Page, defaulting to MediaBox
2026-03-28 09:14:44,089 WARNING pdfminer.pdfpage CropBox missing from /Page, defaulting to MediaBox
2026-03-28 09:14:44,100 WARNING pdfminer.pdfpage CropBox missing from /Page, defaulting to MediaBox
2026-03-28 09:14:44,111 WARNING pdfminer.pdfpage CropBox missing from /Page, defaulting to MediaBox
2026-03-28 09:14:44,123 WARNING pdfminer.pdfpage CropBox missing from /Page, defaulting to MediaBox
2026-03-28 09:14:44,135 WARNING pdfminer.pdfpage CropBox missing from /Page, defaulting to MediaBox
2026-03-28 09:14:44,147 WARNING pdfminer.pdfpage CropBox missing from /Page, defaulting to MediaBox
2026-03-28 09:14:44,159 WARNING pdfminer.pdfpage CropBox missing from /Page, defaulting to MediaBox
2026-03-28 09:14:44,172 WARNING pdfminer.pdfpage CropBox missing from /Page, defaulting to MediaBox
2026-03-28 09:14:44,184 WARNING pdfminer.pdfpage CropBox missing from /Page, defaulting to MediaBox
2026-03-28 09:14:44,196 WARNING pdfminer.pdfpage CropBox missing from /Page, defaulting to MediaBox
2026-03-28 09:14:44,209 WARNING pdfminer.pdfpage CropBox missing from /Page, defaulting to MediaBox
2026-03-28 09:14:44,220 WARNING pdfminer.pdfpage CropBox missing from /Page, defaulting to MediaBox
2026-03-28 09:14:44,231 WARNING pdfminer.pdfpage CropBox missing from /Page, defaulting to MediaBox
2026-03-28 09:14:44,242 WARNING pdfminer.pdfpage CropBox missing from /Page, defaulting to MediaBox
2026-03-28 09:14:44,253 WARNING pdfminer.pdfpage CropBox missing from /Page, defaulting to MediaBox
2026-03-28 09:14:44,264 WARNING pdfminer.pdfpage CropBox missing from /Page, defaulting to MediaBox
2026-03-28 09:14:44,275 WARNING pdfminer.pdfpage CropBox missing from /Page, defaulting to MediaBox
2026-03-28 09:14:44,285 WARNING pdfminer.pdfpage CropBox missing from /Page, defaulting to MediaBox
2026-03-28 09:14:44,297 WARNING pdfminer.pdfpage CropBox missing from /Page, defaulting to MediaBox
2026-03-28 09:14:44,309 WARNING pdfminer.pdfpage CropBox missing from /Page, defaulting to MediaBox
2026-03-28 09:14:44,321 WARNING pdfminer.pdfpage CropBox missing from /Page, defaulting to MediaBox
2026-03-28 09:14:44,332 WARNING pdfminer.pdfpage CropBox missing from /Page, defaulting to MediaBox
2026-03-28 09:14:44,344 WARNING pdfminer.pdfpage CropBox missing from /Page, defaulting to MediaBox
2026-03-28 09:14:44,355 WARNING pdfminer.pdfpage CropBox missing from /Page, defaulting to MediaBox
2026-03-28 09:14:44,367 WARNING pdfminer.pdfpage CropBox missing from /Page, defaulting to MediaBox
2026-03-28 09:14:44,378 WARNING pdfminer.pdfpage CropBox missing from /Page, defaulting to MediaBox
2026-03-28 09:14:44,390 WARNING pdfminer.pdfpage CropBox missing from /Page, defaulting to MediaBox
2026-03-28 09:14:44,401 WARNING pdfminer.pdfpage CropBox missing from /Page, defaulting to MediaBox
2026-03-28 09:14:44,413 WARNING pdfminer.pdfpage CropBox missing from /Page, defaulting to MediaBox
2026-03-28 09:14:44,422 WARNING pdfminer.pdfpage CropBox missing from /Page, defaulting to MediaBox
2026-03-28 09:14:44,426 INFO root SUCCESS 22-324 [19/20] → data\22-324\json\20230815_amici_First_Amendment_Clinics_Citizens_Journalists_0ead69.json
2026-03-28 09:14:47,111 INFO root SUCCESS 22-324 [20/20] → data\22-324\json\20230907_reply_Michelle_OâConnor-Ratcliff_799c7e.json
2026-03-28 09:14:47,378 INFO root Processing Main Document: "Main Document"
2026-03-28 09:14:47,379 INFO root Skipping non-brief document: "Nov 07 2022 Application (22A428) to extend the time to file a petition for a wri"
2026-03-28 09:14:47,379 INFO root Processing Main Document: "Main Document"
2026-03-28 09:14:47,379 INFO root Skipping non-brief document: "Jan 03 2023 Waiver of right of respondents Steven T. Marshall, et al. to respond"
2026-03-28 09:14:47,379 INFO root Processing Main Document: "Main Document"
2026-03-28 09:14:47,379 INFO root Skipping non-brief document: "Jan 03 2023 Waiver of right of respondent City of Satsuma to respond filed. Main"
2026-03-28 09:14:47,379 INFO root Processing Main Document: "Main Document"
2026-03-28 09:14:47,379 INFO root Skipping non-brief document: "Jan 03 2023 Waiver of right of respondent Town of Leesburg, Alabama to respond f"
2026-03-28 09:14:47,379 INFO root Processing Main Document: "Main Document"
2026-03-28 09:14:47,380 INFO root Filename: "20230120_amicus_Pacific_Legal_Foundation"
2026-03-28 09:14:47,380 INFO root Processing Main Document: "Main Document"
2026-03-28 09:14:47,380 INFO root Skipping non-brief document: "Feb 08 2023 Motion to extend the time to file a response from February 16, 2023 "
2026-03-28 09:14:47,380 INFO root Processing Main Document: "Main Document"
2026-03-28 09:14:47,380 INFO root Filename: "20230216_amicus_Rutherford_Institute"
2026-03-28 09:14:47,380 INFO root Processing Main Document: "Main Document"
2026-03-28 09:14:47,380 INFO root Filename: "20230216_amicus_Restore_Fourth_Inc"
2026-03-28 09:14:47,380 INFO root Processing Main Document: "Main Document"
2026-03-28 09:14:47,380 INFO root Filename: "20230301_respondent_Steven_T._Marshall_Attorney_General_Alabama"
2026-03-28 09:14:47,381 INFO root Processing Main Document: "Main Document"
2026-03-28 09:14:47,381 INFO root Filename: "20230315_reply_Halima_Tariffa_Culley"
2026-03-28 09:14:47,381 INFO root Processing Main Document: "Main Document"
2026-03-28 09:14:47,381 INFO root Skipping non-brief document: "Apr 27 2023 Motion of the parties for an extension of time to file the briefs on"
2026-03-28 09:14:47,381 INFO root Processing Main Document: "Main Document"
2026-03-28 09:14:47,381 INFO root Filename: "20230622_petitioner_Halima_Tariffa_Culley"
2026-03-28 09:14:47,381 INFO root Processing Main Document: "Main Document"
2026-03-28 09:14:47,381 INFO root Skipping non-brief document: "Jun 22 2023 Joint appendix filed.  (Statement of costs filed) Main Document Proo"
2026-03-28 09:14:47,381 INFO root Processing Main Document: "Main Document"
2026-03-28 09:14:47,382 INFO root Filename: "20230628_amicus_Legal_Aid_Society"
2026-03-28 09:14:47,382 INFO root Processing Main Document: "Main Document"
2026-03-28 09:14:47,382 INFO root Filename: "20230629_amici_Institute_Justice_Stephanie_Wilson_Gerardo"
2026-03-28 09:14:47,382 INFO root Processing Main Document: "Main Document"
2026-03-28 09:14:47,382 INFO root Filename: "20230629_amici_ACLU_American"
2026-03-28 09:14:47,382 INFO root Processing Main Document: "Main Document"
2026-03-28 09:14:47,383 INFO root Filename: "20230629_amicus_National_Federation_Independent_Business_Small"
2026-03-28 09:14:47,383 INFO root Processing Main Document: "Main Document"
2026-03-28 09:14:47,383 INFO root Filename: "20230629_amicus_Buckeye_Institute"
2026-03-28 09:14:47,383 INFO root Processing Main Document: "Main Document"
2026-03-28 09:14:47,383 INFO root Filename: "20230629_amicus_Constitutional_Accountability_Center"
2026-03-28 09:14:47,383 INFO root Processing Main Document: "Main Document"
2026-03-28 09:14:47,383 INFO root Filename: "20230629_amicus_Goldwater_Institute_Pacific_Legal_Foundation"
2026-03-28 09:14:47,384 INFO root Processing Main Document: "Main Document"
2026-03-28 09:14:47,384 INFO root Filename: "20230629_amicus_Restore_Fourth_Inc_(July_2023)"
2026-03-28 09:14:47,384 INFO root Processing Main Document: "Main Document"
2026-03-28 09:14:47,384 INFO root Filename: "20230814_respondent_Steven_T._Marshall"
2026-03-28 09:14:47,384 INFO root Processing Main Document: "Main Document"
2026-03-28 09:14:47,384 INFO root Filename: "20230814_respondent_City_Satsuma"
2026-03-28 09:14:47,385 INFO root Processing Main Document: "Main Document"
2026-03-28 09:14:47,385 INFO root Filename: "20230818_amicus_Wayne_County_Michigan"
2026-03-28 09:14:47,385 INFO root Processing Main Document: "Main Document"
2026-03-28 09:14:47,385 INFO root Filename: "20230821_amici_Georgia"
2026-03-28 09:14:47,385 INFO root Processing Main Document: "Main Document"
2026-03-28 09:14:47,385 INFO root Filename: "20230821_amicus_US"
2026-03-28 09:14:47,386 INFO root Processing Main Document: "Main Document"
2026-03-28 09:14:47,386 INFO root Skipping non-brief document: "Aug 21 2023 Motion of the Solicitor General for leave to participate in oral arg"
2026-03-28 09:14:47,386 INFO root Processing Main Document: "Main Document"
2026-03-28 09:14:47,386 INFO root Filename: "20230821_amici_International_Municipal_Lawyers_Association_National"
2026-03-28 09:14:47,386 INFO root Processing Main Document: "Main Document"
2026-03-28 09:14:47,386 INFO root Filename: "20230913_reply_Halima_Tariffa_Culley"
2026-03-28 09:14:47,386 INFO root Processing Main Document: "Main Document"
2026-03-28 09:14:47,387 INFO root Skipping non-brief document: "Jun 10 2024 JUDGMENT ISSUED. Main Document"
2026-03-28 09:14:47,387 INFO root Found 21 brief/reply documents for 22-585
2026-03-28 09:14:47,387 INFO root Processing 21 brief/reply documents for case 22-585
2026-03-28 09:14:49,485 WARNING pdfminer.pdfpage CropBox missing from /Page, defaulting to MediaBox
2026-03-28 09:14:49,500 WARNING pdfminer.pdfpage CropBox missing from /Page, defaulting to MediaBox
2026-03-28 09:14:49,505 WARNING pdfminer.pdfpage CropBox missing from /Page, defaulting to MediaBox
2026-03-28 09:14:49,514 WARNING pdfminer.pdfpage CropBox missing from /Page, defaulting to MediaBox
2026-03-28 09:14:49,525 WARNING pdfminer.pdfpage CropBox missing from /Page, defaulting to MediaBox
2026-03-28 09:14:49,536 WARNING pdfminer.pdfpage CropBox missing from /Page, defaulting to MediaBox
2026-03-28 09:14:49,547 WARNING pdfminer.pdfpage CropBox missing from /Page, defaulting to MediaBox
2026-03-28 09:14:49,559 WARNING pdfminer.pdfpage CropBox missing from /Page, defaulting to MediaBox
2026-03-28 09:14:49,570 WARNING pdfminer.pdfpage CropBox missing from /Page, defaulting to MediaBox
2026-03-28 09:14:49,575 WARNING pdfminer.pdfpage CropBox missing from /Page, defaulting to MediaBox
2026-03-28 09:14:49,589 WARNING pdfminer.pdfpage CropBox missing from /Page, defaulting to MediaBox
2026-03-28 09:14:49,602 WARNING pdfminer.pdfpage CropBox missing from /Page, defaulting to MediaBox
2026-03-28 09:14:49,616 WARNING pdfminer.pdfpage CropBox missing from /Page, defaulting to MediaBox
2026-03-28 09:14:49,627 WARNING pdfminer.pdfpage CropBox missing from /Page, defaulting to MediaBox
2026-03-28 09:14:49,641 WARNING pdfminer.pdfpage CropBox missing from /Page, defaulting to MediaBox
2026-03-28 09:14:49,656 WARNING pdfminer.pdfpage CropBox missing from /Page, defaulting to MediaBox
2026-03-28 09:14:49,668 WARNING pdfminer.pdfpage CropBox missing from /Page, defaulting to MediaBox
2026-03-28 09:14:49,682 WARNING pdfminer.pdfpage CropBox missing from /Page, defaulting to MediaBox
2026-03-28 09:14:49,694 WARNING pdfminer.pdfpage CropBox missing from /Page, defaulting to MediaBox
2026-03-28 09:14:49,707 WARNING pdfminer.pdfpage CropBox missing from /Page, defaulting to MediaBox
2026-03-28 09:14:49,726 WARNING pdfminer.pdfpage CropBox missing from /Page, defaulting to MediaBox
2026-03-28 09:14:49,737 WARNING pdfminer.pdfpage CropBox missing from /Page, defaulting to MediaBox
2026-03-28 09:14:49,750 WARNING pdfminer.pdfpage CropBox missing from /Page, defaulting to MediaBox
2026-03-28 09:14:49,763 WARNING pdfminer.pdfpage CropBox missing from /Page, defaulting to MediaBox
2026-03-28 09:14:49,770 INFO root SUCCESS 22-585 [1/21] → data\22-585\json\20230120_amicus_Pacific_Legal_Foundation_19590c.json
2026-03-28 09:14:51,868 INFO root SUCCESS 22-585 [2/21] → data\22-585\json\20230216_amicus_Rutherford_Institute_d925cb.json
2026-03-28 09:14:53,787 INFO root SUCCESS 22-585 [3/21] → data\22-585\json\20230216_amicus_Restore_Fourth_Inc_1eadf7.json
2026-03-28 09:14:56,234 INFO root SUCCESS 22-585 [4/21] → data\22-585\json\20230301_respondent_Steven_T._Marshall_Attorney_General_Alabama_8f0f68.json
2026-03-28 09:14:58,771 INFO root SUCCESS 22-585 [5/21] → data\22-585\json\20230315_reply_Halima_Tariffa_Culley_b25b11.json
2026-03-28 09:15:02,447 INFO root SUCCESS 22-585 [6/21] → data\22-585\json\20230622_petitioner_Halima_Tariffa_Culley_a1d910.json
2026-03-28 09:15:04,971 INFO root SUCCESS 22-585 [7/21] → data\22-585\json\20230628_amicus_Legal_Aid_Society_562eff.json
2026-03-28 09:15:07,282 INFO root SUCCESS 22-585 [8/21] → data\22-585\json\20230629_amici_Institute_Justice_Stephanie_Wilson_Gerardo_8ac204.json
2026-03-28 09:15:09,607 INFO root SUCCESS 22-585 [9/21] → data\22-585\json\20230629_amici_ACLU_American_0fb1dc.json
2026-03-28 09:15:11,884 INFO root SUCCESS 22-585 [10/21] → data\22-585\json\20230629_amicus_National_Federation_Independent_Business_Small_8c9cf8.json
2026-03-28 09:15:14,468 INFO root SUCCESS 22-585 [11/21] → data\22-585\json\20230629_amicus_Buckeye_Institute_cb5a60.json
2026-03-28 09:15:16,392 WARNING pdfminer.pdfpage CropBox missing from /Page, defaulting to MediaBox
2026-03-28 09:15:16,410 WARNING pdfminer.pdfpage CropBox missing from /Page, defaulting to MediaBox
2026-03-28 09:15:16,420 WARNING pdfminer.pdfpage CropBox missing from /Page, defaulting to MediaBox
2026-03-28 09:15:16,436 WARNING pdfminer.pdfpage CropBox missing from /Page, defaulting to MediaBox
2026-03-28 09:15:16,453 WARNING pdfminer.pdfpage CropBox missing from /Page, defaulting to MediaBox
2026-03-28 09:15:16,470 WARNING pdfminer.pdfpage CropBox missing from /Page, defaulting to MediaBox
2026-03-28 09:15:16,486 WARNING pdfminer.pdfpage CropBox missing from /Page, defaulting to MediaBox
2026-03-28 09:15:16,499 WARNING pdfminer.pdfpage CropBox missing from /Page, defaulting to MediaBox
2026-03-28 09:15:16,518 WARNING pdfminer.pdfpage CropBox missing from /Page, defaulting to MediaBox
2026-03-28 09:15:16,541 WARNING pdfminer.pdfpage CropBox missing from /Page, defaulting to MediaBox
2026-03-28 09:15:16,563 WARNING pdfminer.pdfpage CropBox missing from /Page, defaulting to MediaBox
2026-03-28 09:15:16,583 WARNING pdfminer.pdfpage CropBox missing from /Page, defaulting to MediaBox
2026-03-28 09:15:16,605 WARNING pdfminer.pdfpage CropBox missing from /Page, defaulting to MediaBox
2026-03-28 09:15:16,626 WARNING pdfminer.pdfpage CropBox missing from /Page, defaulting to MediaBox
2026-03-28 09:15:16,649 WARNING pdfminer.pdfpage CropBox missing from /Page, defaulting to MediaBox
2026-03-28 09:15:16,667 WARNING pdfminer.pdfpage CropBox missing from /Page, defaulting to MediaBox
2026-03-28 09:15:16,690 WARNING pdfminer.pdfpage CropBox missing from /Page, defaulting to MediaBox
2026-03-28 09:15:16,707 WARNING pdfminer.pdfpage CropBox missing from /Page, defaulting to MediaBox
2026-03-28 09:15:16,725 WARNING pdfminer.pdfpage CropBox missing from /Page, defaulting to MediaBox
2026-03-28 09:15:16,747 WARNING pdfminer.pdfpage CropBox missing from /Page, defaulting to MediaBox
2026-03-28 09:15:16,768 WARNING pdfminer.pdfpage CropBox missing from /Page, defaulting to MediaBox
2026-03-28 09:15:16,788 WARNING pdfminer.pdfpage CropBox missing from /Page, defaulting to MediaBox
2026-03-28 09:15:16,809 WARNING pdfminer.pdfpage CropBox missing from /Page, defaulting to MediaBox
2026-03-28 09:15:16,829 WARNING pdfminer.pdfpage CropBox missing from /Page, defaulting to MediaBox
2026-03-28 09:15:16,850 WARNING pdfminer.pdfpage CropBox missing from /Page, defaulting to MediaBox
2026-03-28 09:15:16,873 WARNING pdfminer.pdfpage CropBox missing from /Page, defaulting to MediaBox
2026-03-28 09:15:16,897 WARNING pdfminer.pdfpage CropBox missing from /Page, defaulting to MediaBox
2026-03-28 09:15:16,921 WARNING pdfminer.pdfpage CropBox missing from /Page, defaulting to MediaBox
2026-03-28 09:15:16,935 INFO root SUCCESS 22-585 [12/21] → data\22-585\json\20230629_amicus_Constitutional_Accountability_Center_8648a8.json
2026-03-28 09:15:19,126 INFO root SUCCESS 22-585 [13/21] → data\22-585\json\20230629_amicus_Goldwater_Institute_Pacific_Legal_Foundation_fe0aef.json
2026-03-28 09:15:21,698 INFO root SUCCESS 22-585 [14/21] → data\22-585\json\20230629_amicus_Restore_Fourth_Inc_(July_2023)_600374.json
2026-03-28 09:15:24,450 INFO root SUCCESS 22-585 [15/21] → data\22-585\json\20230814_respondent_Steven_T._Marshall_4c365b.json
2026-03-28 09:15:26,696 INFO root SUCCESS 22-585 [16/21] → data\22-585\json\20230814_respondent_City_Satsuma_7b8957.json
2026-03-28 09:15:28,759 INFO root SUCCESS 22-585 [17/21] → data\22-585\json\20230818_amicus_Wayne_County_Michigan_aa78db.json
2026-03-28 09:15:30,891 INFO root SUCCESS 22-585 [18/21] → data\22-585\json\20230821_amici_Georgia_0044b0.json
2026-03-28 09:15:33,885 INFO root SUCCESS 22-585 [19/21] → data\22-585\json\20230821_amicus_US_38dacc.json
2026-03-28 09:15:36,457 INFO root SUCCESS 22-585 [20/21] → data\22-585\json\20230821_amici_International_Municipal_Lawyers_Association_National_05540d.json
2026-03-28 09:15:39,460 INFO root SUCCESS 22-585 [21/21] → data\22-585\json\20230913_reply_Halima_Tariffa_Culley_a06013.json
2026-03-28 09:15:39,789 INFO root Processing Main Document: "Main Document"
2026-03-28 09:15:39,789 INFO root Filename: "20221206_amicus_New_England_Legal_Foundation"
2026-03-28 09:15:39,789 INFO root Processing Main Document: "Main Document"
2026-03-28 09:15:39,789 INFO root Filename: "20221209_amici_Cato_Institute"
2026-03-28 09:15:39,790 INFO root Processing Main Document: "Main Document"
2026-03-28 09:15:39,790 INFO root Filename: "20221212_amici_Competitive_Enterprise_Institute"
2026-03-28 09:15:39,790 INFO root Processing Main Document: "Main Document"
2026-03-28 09:15:39,790 INFO root Skipping non-brief document: "Dec 13 2022 Motion for leave to file amicus brief filed by Pacific Legal Foundat"
2026-03-28 09:15:39,790 INFO root Processing Main Document: "Main Document"
2026-03-28 09:15:39,790 INFO root Skipping non-brief document: "Dec 13 2022 Motion to extend the time to file a response from December 15, 2022 "
2026-03-28 09:15:39,790 INFO root Processing Main Document: "Main Document"
2026-03-28 09:15:39,791 INFO root Skipping non-brief document: "Dec 14 2022 Motion for leave to file amicus brief filed by Center for Constituti"
2026-03-28 09:15:39,791 INFO root Processing Main Document: "Main Document"
2026-03-28 09:15:39,791 INFO root Filename: "20221215_amicus_Independent_Women's_Law_Center"
2026-03-28 09:15:39,791 INFO root Processing Main Document: "Main Document"
2026-03-28 09:15:39,791 INFO root Filename: "20221215_amici_West_Virginia"
2026-03-28 09:15:39,791 INFO root Processing Main Document: "Main Document"
2026-03-28 09:15:39,791 INFO root Filename: "20221215_amicus_Southeastern_Legal_Foundation"
2026-03-28 09:15:39,791 INFO root Processing Main Document: "Main Document"
2026-03-28 09:15:39,791 INFO root Skipping non-brief document: "Dec 15 2022 Motion for leave to file amicus brief filed by Christian Employers A"
2026-03-28 09:15:39,791 INFO root Processing Main Document: "Main Document"
2026-03-28 09:15:39,791 INFO root Filename: "20221215_amicus_National_Right_Work_Legal"
2026-03-28 09:15:39,792 INFO root Processing Main Document: "Main Document"
2026-03-28 09:15:39,792 INFO root Skipping non-brief document: "Dec 15 2022 Motion for leave to file amici brief filed by Relentless, Inc., et a"
2026-03-28 09:15:39,792 INFO root Processing Main Document: "Main Document"
2026-03-28 09:15:39,792 INFO root Skipping non-brief document: "Dec 15 2022 Motion for leave to file amici brief filed by David Goethel, et al. "
2026-03-28 09:15:39,792 INFO root Processing Main Document: "Main Document"
2026-03-28 09:15:39,792 INFO root Skipping non-brief document: "Dec 15 2022 Motion for leave to file amici brief filed by Advancing American Fre"
2026-03-28 09:15:39,792 INFO root Processing Main Document: "Main Document"
2026-03-28 09:15:39,792 INFO root Filename: "20221215_amici_Buckeye_Institute"
2026-03-28 09:15:39,792 INFO root Processing Main Document: "Main Document"
2026-03-28 09:15:39,792 INFO root Skipping non-brief document: "Jan 12 2023 Motion to extend the time to file a response from January 17, 2023 t"
2026-03-28 09:15:39,792 INFO root Processing Main Document: "Main Document"
2026-03-28 09:15:39,793 INFO root Filename: "20230216_respondent_Gina_Raimondo_Secretary_Commerce_opposition"
2026-03-28 09:15:39,793 INFO root Processing Main Document: "Main Document"
2026-03-28 09:15:39,793 INFO root Filename: "20230308_reply_Loper_Bright_Enterprises"
2026-03-28 09:15:39,793 INFO root Processing Main Document: "Main Document"
2026-03-28 09:15:39,793 INFO root Skipping non-brief document: "Jun 02 2023 Motion for an extension of time to file the briefs on the merits fil"
2026-03-28 09:15:39,793 INFO root Processing Main Document: "Main Document"
2026-03-28 09:15:39,793 INFO root Skipping non-brief document: "Jun 09 2023 Motion to dispense with printing the joint appendix filed by petitio"
2026-03-28 09:15:39,793 INFO root Processing Main Document: "Main Document"
2026-03-28 09:15:39,793 INFO root Skipping non-brief document: "Jul 07 2023 Motion for a further extension of time to file the briefs on the mer"
2026-03-28 09:15:39,793 INFO root Processing Main Document: "Main Document"
2026-03-28 09:15:39,793 INFO root Filename: "20230713_amicus_Atlantic_Legal_Foundation"
2026-03-28 09:15:39,794 INFO root Processing Main Document: "Main Document"
2026-03-28 09:15:39,794 INFO root Filename: "20230713_amicus_DRI_Center_Law_Public_Policy"
2026-03-28 09:15:39,794 INFO root Processing Main Document: "Main Document"
2026-03-28 09:15:39,794 INFO root Filename: "20230717_amicus_Pacific_Legal_Foundation"
2026-03-28 09:15:39,794 INFO root Processing Main Document: "Main Document"
2026-03-28 09:15:39,794 INFO root Filename: "20230717_petitioner_Loper_Bright_Enterprises"
2026-03-28 09:15:39,794 INFO root Processing Main Document: "Main Document"
2026-03-28 09:15:39,794 INFO root Filename: "20230718_amicus_Lonang_Institute"
2026-03-28 09:15:39,794 INFO root Processing Main Document: "Main Document"
2026-03-28 09:15:39,795 INFO root Filename: "20230718_amicus_Goldwater_Institute"
2026-03-28 09:15:39,795 INFO root Processing Main Document: "Main Document"
2026-03-28 09:15:39,795 INFO root Filename: "20230719_amici_PTAAAARMIGAN_LLC"
2026-03-28 09:15:39,795 INFO root Processing Main Document: "Main Document"
2026-03-28 09:15:39,795 INFO root Filename: "20230719_amicus_America_First_Legal_Foundation"
2026-03-28 09:15:39,795 INFO root Processing Main Document: "Main Document"
2026-03-28 09:15:39,796 INFO root Filename: "20230720_amici_Manhattan_Institute"
2026-03-28 09:15:39,796 INFO root Processing Main Document: "Main Document"
2026-03-28 09:15:39,796 INFO root Filename: "20230720_amicus_American_Center_Law_Justice"
2026-03-28 09:15:39,796 INFO root Processing Main Document: "Main Document"
2026-03-28 09:15:39,796 INFO root Filename: "20230720_amicus_TechFreedom"
2026-03-28 09:15:39,797 INFO root Processing Main Document: "Main Document"
2026-03-28 09:15:39,797 INFO root Filename: "20230720_amicus_New_England_Legal_Foundation"
2026-03-28 09:15:39,797 INFO root Processing Main Document: "Main Document"
2026-03-28 09:15:39,797 INFO root Filename: "20230721_amicus_Foundation_Government_Accountability"
2026-03-28 09:15:39,797 INFO root Processing Main Document: "Main Document"
2026-03-28 09:15:39,797 INFO root Filename: "20230721_amicus_Liberty_Justice_Center"
2026-03-28 09:15:39,797 INFO root Processing Main Document: "Main Document"
2026-03-28 09:15:39,797 INFO root Filename: "20230721_amicus_Center_Constitutional_Jurisprudence"
2026-03-28 09:15:39,798 INFO root Processing Main Document: "Main Document"
2026-03-28 09:15:39,798 INFO root Filename: "20230721_amicus_Landmark_Legal_Foundation"
2026-03-28 09:15:39,798 INFO root Processing Main Document: "Main Document"
2026-03-28 09:15:39,798 INFO root Filename: "20230721_amici_Cato_Institute"
2026-03-28 09:15:39,798 INFO root Processing Main Document: "Main Document"
2026-03-28 09:15:39,798 INFO root Filename: "20230721_amicus_Mountain_States_Legal_Foundation"
2026-03-28 09:15:39,798 INFO root Processing Main Document: "Main Document"
2026-03-28 09:15:39,798 INFO root Filename: "20230721_amicus_Professor_Thomas_Merrill_support"
2026-03-28 09:15:39,798 INFO root Processing Main Document: "Main Document"
2026-03-28 09:15:39,799 INFO root Filename: "20230724_amicus_Competitive_Enterprise_Institute"
2026-03-28 09:15:39,799 INFO root Processing Main Document: "Main Document"
2026-03-28 09:15:39,799 INFO root Filename: "20230724_amicus_Christian_Employers_Alliance"
2026-03-28 09:15:39,799 INFO root Processing Main Document: "Main Document"
2026-03-28 09:15:39,799 INFO root Filename: "20230724_amici_David_Goethel_John_Haran"
2026-03-28 09:15:39,799 INFO root Processing Main Document: "Main Document"
2026-03-28 09:15:39,799 INFO root Filename: "20230724_amicus_America_First_Policy_Institute"
2026-03-28 09:15:39,799 INFO root Processing Main Document: "Main Document"
2026-03-28 09:15:39,799 INFO root Filename: "20230724_amicus_National_Right_Work_Legal"
2026-03-28 09:15:39,800 INFO root Processing Main Document: "Main Document"
2026-03-28 09:15:39,800 INFO root Filename: "20230724_amicus_National_Taxpayers_Union_Foundation"
2026-03-28 09:15:39,800 INFO root Processing Main Document: "Main Document"
2026-03-28 09:15:39,800 INFO root Filename: "20230724_amicus_U.S_House_Representatives"
2026-03-28 09:15:39,800 INFO root Processing Main Document: "Main Document"
2026-03-28 09:15:39,800 INFO root Filename: "20230724_amicus_Chamber_Commerce_US_America"
2026-03-28 09:15:39,800 INFO root Processing Main Document: "Main Document"
2026-03-28 09:15:39,800 INFO root Filename: "20230724_amici_Coalition_Democratic_Workplace"
2026-03-28 09:15:39,800 INFO root Processing Main Document: "Main Document"
2026-03-28 09:15:39,801 INFO root Filename: "20230724_amici_U.S_Senator_Ted_Cruz_Congressman"
2026-03-28 09:15:39,801 INFO root Processing Main Document: "Main Document"
2026-03-28 09:15:39,801 INFO root Filename: "20230724_amicus_Little_Sisters_Poor_Saints_Peter"
2026-03-28 09:15:39,801 INFO root Processing Main Document: "Main Document"
2026-03-28 09:15:39,801 INFO root Filename: "20230724_amici_State_West_Virginia_Other"
2026-03-28 09:15:39,801 INFO root Processing Main Document: "Main Document"
2026-03-28 09:15:39,801 INFO root Filename: "20230724_amicus_Professor_Aditya_Bamzai"
2026-03-28 09:15:39,801 INFO root Processing Main Document: "Main Document"
2026-03-28 09:15:39,801 INFO root Filename: "20230724_amici_Electronic_Nicotine_Delivery_System_Industry"
2026-03-28 09:15:39,801 INFO root Processing Main Document: "Main Document"
2026-03-28 09:15:39,801 INFO root Filename: "20230724_amici_FPC_Action_Foundation_Firearms_Policy"
2026-03-28 09:15:39,801 INFO root Processing Main Document: "Main Document"
2026-03-28 09:15:39,802 INFO root Filename: "20230724_amici_Professors_Kent_Barnett_Christopher_Walker"
2026-03-28 09:15:39,802 INFO root Processing Main Document: "Main Document"
2026-03-28 09:15:39,802 INFO root Filename: "20230724_amicus_Third_Party_Payment_Processors_Association"
2026-03-28 09:15:39,802 INFO root Processing Main Document: "Main Document"
2026-03-28 09:15:39,802 INFO root Filename: "20230724_amicus_Strive_Asset_Management"
2026-03-28 09:15:39,802 INFO root Processing Main Document: "Main Document"
2026-03-28 09:15:39,802 INFO root Filename: "20230724_amicus_Advance_Colorado_Institute"
2026-03-28 09:15:39,802 INFO root Processing Main Document: "Main Document"
2026-03-28 09:15:39,802 INFO root Filename: "20230724_amicus_New_Civil_Liberties_Alliance"
2026-03-28 09:15:39,803 INFO root Processing Main Document: "Main Document"
2026-03-28 09:15:39,803 INFO root Filename: "20230724_amicus_Governor_Brian_Kemp"
2026-03-28 09:15:39,803 INFO root Processing Main Document: "Main Document"
2026-03-28 09:15:39,803 INFO root Filename: "20230724_amici_Eight_National_Business_Organizations"
2026-03-28 09:15:39,803 INFO root Processing Main Document: "Main Document"
2026-03-28 09:15:39,804 INFO root Filename: "20230724_amicus_American_Cornerstone_Institute"
2026-03-28 09:15:39,804 INFO root Processing Main Document: "Main Document"
2026-03-28 09:15:39,804 INFO root Filename: "20230724_amici_Southeastern_Legal_Foundation"
2026-03-28 09:15:39,804 INFO root Processing Main Document: "Main Document"
2026-03-28 09:15:39,804 INFO root Filename: "20230724_amicus_Ohio_Chamber_Commerce"
2026-03-28 09:15:39,804 INFO root Processing Main Document: "Main Document"
2026-03-28 09:15:39,804 INFO root Filename: "20230724_amicus_American_Free_Enterprise_Chamber_Commerce"
2026-03-28 09:15:39,804 INFO root Processing Main Document: "Main Document"
2026-03-28 09:15:39,805 INFO root Filename: "20230724_amicus_National_Sports_Shooting_Foundation_Inc"
2026-03-28 09:15:39,805 INFO root Processing Main Document: "Main Document"
2026-03-28 09:15:39,805 INFO root Filename: "20230724_amici_Advancing_American_Freedom"
2026-03-28 09:15:39,805 INFO root Processing Main Document: "Main Document"
2026-03-28 09:15:39,805 INFO root Filename: "20230724_amici_Buckeye_Institute_National_Federation_Independent"
2026-03-28 09:15:39,805 INFO root Processing Main Document: "Main Document"
2026-03-28 09:15:39,805 INFO root Filename: "20230724_amici_Independent_Women's_Law_Center_Washington"
2026-03-28 09:15:39,805 INFO root Processing Main Document: "Main Document"
2026-03-28 09:15:39,805 INFO root Filename: "20230724_amici_Gun_Owners_America_Inc"
2026-03-28 09:15:39,806 INFO root Processing Main Document: "Main Document"
2026-03-28 09:15:39,806 INFO root Filename: "20230915_respondent_Raimondo_Gina"
2026-03-28 09:15:39,806 INFO root Processing Main Document: "Main Document"
2026-03-28 09:15:39,806 INFO root Filename: "20230921_amici_U.S_Senators_Sheldon_Whitehouse"
2026-03-28 09:15:39,806 INFO root Processing Main Document: "Main Document"
2026-03-28 09:15:39,806 INFO root Filename: "20230922_amicus_Environmental_Defense_Fund"
2026-03-28 09:15:39,806 INFO root Processing Main Document: "Main Document"
2026-03-28 09:15:39,806 INFO root Filename: "20230922_amicus_Public_Citizen"
2026-03-28 09:15:39,806 INFO root Processing Main Document: "Main Document"
2026-03-28 09:15:39,807 INFO root Filename: "20230922_amici_American_Association_Advancement_Science"
2026-03-28 09:15:39,807 INFO root Processing Main Document: "Main Document"
2026-03-28 09:15:39,807 INFO root Filename: "20230922_amici_Scholars_Administrative_Law_Administrative_Procedure"
2026-03-28 09:15:39,807 INFO root Processing Main Document: "Main Document"
2026-03-28 09:15:39,807 INFO root Filename: "20230922_amicus_Natural_Resources_Defense_Council"
2026-03-28 09:15:39,807 INFO root Processing Main Document: "Main Document"
2026-03-28 09:15:39,807 INFO root Filename: "20230922_amici_Administrative_Federal_Regulatory_Law_Professors"
2026-03-28 09:15:39,807 INFO root Processing Main Document: "Main Document"
2026-03-28 09:15:39,807 INFO root Filename: "20230922_amici_Lawyersâ_Committee_Civil_Rights_Under"
2026-03-28 09:15:39,807 INFO root Processing Main Document: "Main Document"
2026-03-28 09:15:39,807 INFO root Filename: "20230922_amici_Conservation_Law_Foundation"
2026-03-28 09:15:39,808 INFO root Processing Main Document: "Main Document"
2026-03-28 09:15:39,808 INFO root Filename: "20230922_amici_American_Cancer_Society"
2026-03-28 09:15:39,808 INFO root Processing Main Document: "Main Document"
2026-03-28 09:15:39,808 INFO root Filename: "20230922_amici_Small_Business_Associations"
2026-03-28 09:15:39,808 INFO root Processing Main Document: "Main Document"
2026-03-28 09:15:39,808 INFO root Filename: "20230922_amici_District_Columbia"
2026-03-28 09:15:39,808 INFO root Processing Main Document: "Main Document"
2026-03-28 09:15:39,808 INFO root Filename: "20230922_amicus_American_Federation_Labor_Congress_Industrial"
2026-03-28 09:15:39,808 INFO root Processing Main Document: "Main Document"
2026-03-28 09:15:39,808 INFO root Filename: "20231016_reply_Loper_Bright_Enterprises"
2026-03-28 09:15:39,808 INFO root Processing Main Document: "Main Document"
2026-03-28 09:15:39,809 INFO root Skipping non-brief document: "Jul 30 2024 Judgment Issued. Main Document"
2026-03-28 09:15:39,809 INFO root Found 75 brief/reply documents for 22-451
2026-03-28 09:15:39,809 INFO root Processing 75 brief/reply documents for case 22-451
2026-03-28 09:15:41,641 WARNING pdfminer.pdfpage CropBox missing from /Page, defaulting to MediaBox
2026-03-28 09:15:41,654 WARNING pdfminer.pdfpage CropBox missing from /Page, defaulting to MediaBox
2026-03-28 09:15:41,661 WARNING pdfminer.pdfpage CropBox missing from /Page, defaulting to MediaBox
2026-03-28 09:15:41,668 WARNING pdfminer.pdfpage CropBox missing from /Page, defaulting to MediaBox
2026-03-28 09:15:41,676 WARNING pdfminer.pdfpage CropBox missing from /Page, defaulting to MediaBox
2026-03-28 09:15:41,686 WARNING pdfminer.pdfpage CropBox missing from /Page, defaulting to MediaBox
2026-03-28 09:15:41,690 WARNING pdfminer.pdfpage CropBox missing from /Page, defaulting to MediaBox
2026-03-28 09:15:41,699 WARNING pdfminer.pdfpage CropBox missing from /Page, defaulting to MediaBox
2026-03-28 09:15:41,707 WARNING pdfminer.pdfpage CropBox missing from /Page, defaulting to MediaBox
2026-03-28 09:15:41,716 WARNING pdfminer.pdfpage CropBox missing from /Page, defaulting to MediaBox
2026-03-28 09:15:41,724 WARNING pdfminer.pdfpage CropBox missing from /Page, defaulting to MediaBox
2026-03-28 09:15:41,728 WARNING pdfminer.pdfpage CropBox missing from /Page, defaulting to MediaBox
2026-03-28 09:15:41,736 WARNING pdfminer.pdfpage CropBox missing from /Page, defaulting to MediaBox
2026-03-28 09:15:41,746 WARNING pdfminer.pdfpage CropBox missing from /Page, defaulting to MediaBox
2026-03-28 09:15:41,754 WARNING pdfminer.pdfpage CropBox missing from /Page, defaulting to MediaBox
2026-03-28 09:15:41,761 WARNING pdfminer.pdfpage CropBox missing from /Page, defaulting to MediaBox
2026-03-28 09:15:41,770 WARNING pdfminer.pdfpage CropBox missing from /Page, defaulting to MediaBox
2026-03-28 09:15:41,778 WARNING pdfminer.pdfpage CropBox missing from /Page, defaulting to MediaBox
2026-03-28 09:15:41,788 WARNING pdfminer.pdfpage CropBox missing from /Page, defaulting to MediaBox
2026-03-28 09:15:41,797 WARNING pdfminer.pdfpage CropBox missing from /Page, defaulting to MediaBox
2026-03-28 09:15:41,807 WARNING pdfminer.pdfpage CropBox missing from /Page, defaulting to MediaBox
2026-03-28 09:15:41,815 WARNING pdfminer.pdfpage CropBox missing from /Page, defaulting to MediaBox
2026-03-28 09:15:41,825 WARNING pdfminer.pdfpage CropBox missing from /Page, defaulting to MediaBox
2026-03-28 09:15:41,835 WARNING pdfminer.pdfpage CropBox missing from /Page, defaulting to MediaBox
2026-03-28 09:15:41,846 WARNING pdfminer.pdfpage CropBox missing from /Page, defaulting to MediaBox
2026-03-28 09:15:41,854 WARNING pdfminer.pdfpage CropBox missing from /Page, defaulting to MediaBox
2026-03-28 09:15:41,859 WARNING pdfminer.pdfpage CropBox missing from /Page, defaulting to MediaBox
2026-03-28 09:15:41,863 INFO root SUCCESS 22-451 [1/75] → data\22-451\json\20221206_amicus_New_England_Legal_Foundation_d89aef.json
2026-03-28 09:15:44,050 WARNING pdfminer.pdfpage CropBox missing from /Page, defaulting to MediaBox
2026-03-28 09:15:44,068 WARNING pdfminer.pdfpage CropBox missing from /Page, defaulting to MediaBox
2026-03-28 09:15:44,074 WARNING pdfminer.pdfpage CropBox missing from /Page, defaulting to MediaBox
2026-03-28 09:15:44,093 WARNING pdfminer.pdfpage CropBox missing from /Page, defaulting to MediaBox
2026-03-28 09:15:44,115 WARNING pdfminer.pdfpage CropBox missing from /Page, defaulting to MediaBox
2026-03-28 09:15:44,136 WARNING pdfminer.pdfpage CropBox missing from /Page, defaulting to MediaBox
2026-03-28 09:15:44,154 WARNING pdfminer.pdfpage CropBox missing from /Page, defaulting to MediaBox
2026-03-28 09:15:44,173 WARNING pdfminer.pdfpage CropBox missing from /Page, defaulting to MediaBox
2026-03-28 09:15:44,181 WARNING pdfminer.pdfpage CropBox missing from /Page, defaulting to MediaBox
2026-03-28 09:15:44,196 WARNING pdfminer.pdfpage CropBox missing from /Page, defaulting to MediaBox
2026-03-28 09:15:44,239 WARNING pdfminer.pdfpage CropBox missing from /Page, defaulting to MediaBox
2026-03-28 09:15:44,287 WARNING pdfminer.pdfpage CropBox missing from /Page, defaulting to MediaBox
2026-03-28 09:15:44,340 WARNING pdfminer.pdfpage CropBox missing from /Page, defaulting to MediaBox
2026-03-28 09:15:44,361 WARNING pdfminer.pdfpage CropBox missing from /Page, defaulting to MediaBox
2026-03-28 09:15:44,382 WARNING pdfminer.pdfpage CropBox missing from /Page, defaulting to MediaBox
2026-03-28 09:15:44,404 WARNING pdfminer.pdfpage CropBox missing from /Page, defaulting to MediaBox
2026-03-28 09:15:44,425 WARNING pdfminer.pdfpage CropBox missing from /Page, defaulting to MediaBox
2026-03-28 09:15:44,448 WARNING pdfminer.pdfpage CropBox missing from /Page, defaulting to MediaBox
2026-03-28 09:15:44,469 WARNING pdfminer.pdfpage CropBox missing from /Page, defaulting to MediaBox
2026-03-28 09:15:44,492 WARNING pdfminer.pdfpage CropBox missing from /Page, defaulting to MediaBox
2026-03-28 09:15:44,511 WARNING pdfminer.pdfpage CropBox missing from /Page, defaulting to MediaBox
2026-03-28 09:15:44,531 WARNING pdfminer.pdfpage CropBox missing from /Page, defaulting to MediaBox
2026-03-28 09:15:44,552 WARNING pdfminer.pdfpage CropBox missing from /Page, defaulting to MediaBox
2026-03-28 09:15:44,572 WARNING pdfminer.pdfpage CropBox missing from /Page, defaulting to MediaBox
2026-03-28 09:15:44,597 WARNING pdfminer.pdfpage CropBox missing from /Page, defaulting to MediaBox
2026-03-28 09:15:44,618 WARNING pdfminer.pdfpage CropBox missing from /Page, defaulting to MediaBox
2026-03-28 09:15:44,638 WARNING pdfminer.pdfpage CropBox missing from /Page, defaulting to MediaBox
2026-03-28 09:15:44,661 WARNING pdfminer.pdfpage CropBox missing from /Page, defaulting to MediaBox
2026-03-28 09:15:44,684 WARNING pdfminer.pdfpage CropBox missing from /Page, defaulting to MediaBox
2026-03-28 09:15:44,710 WARNING pdfminer.pdfpage CropBox missing from /Page, defaulting to MediaBox
2026-03-28 09:15:44,727 WARNING pdfminer.pdfpage CropBox missing from /Page, defaulting to MediaBox
2026-03-28 09:15:44,738 INFO root SUCCESS 22-451 [2/75] → data\22-451\json\20221209_amici_Cato_Institute_cad5fa.json
2026-03-28 09:15:47,102 INFO root SUCCESS 22-451 [3/75] → data\22-451\json\20221212_amici_Competitive_Enterprise_Institute_869945.json
2026-03-28 09:15:49,532 INFO root SUCCESS 22-451 [4/75] → data\22-451\json\20221215_amicus_Independent_Women's_Law_Center_a22a0c.json
2026-03-28 09:15:51,482 WARNING pdfminer.pdfpage CropBox missing from /Page, defaulting to MediaBox
2026-03-28 09:15:51,494 WARNING pdfminer.pdfpage CropBox missing from /Page, defaulting to MediaBox
2026-03-28 09:15:51,506 WARNING pdfminer.pdfpage CropBox missing from /Page, defaulting to MediaBox
2026-03-28 09:15:51,508 WARNING pdfminer.pdfpage CropBox missing from /Page, defaulting to MediaBox
2026-03-28 09:15:51,513 WARNING pdfminer.pdfpage CropBox missing from /Page, defaulting to MediaBox
2026-03-28 09:15:51,524 WARNING pdfminer.pdfpage CropBox missing from /Page, defaulting to MediaBox
2026-03-28 09:15:51,535 WARNING pdfminer.pdfpage CropBox missing from /Page, defaulting to MediaBox
2026-03-28 09:15:51,547 WARNING pdfminer.pdfpage CropBox missing from /Page, defaulting to MediaBox
2026-03-28 09:15:51,557 WARNING pdfminer.pdfpage CropBox missing from /Page, defaulting to MediaBox
2026-03-28 09:15:51,569 WARNING pdfminer.pdfpage CropBox missing from /Page, defaulting to MediaBox
2026-03-28 09:15:51,581 WARNING pdfminer.pdfpage CropBox missing from /Page, defaulting to MediaBox
2026-03-28 09:15:51,593 WARNING pdfminer.pdfpage CropBox missing from /Page, defaulting to MediaBox
2026-03-28 09:15:51,599 WARNING pdfminer.pdfpage CropBox missing from /Page, defaulting to MediaBox
2026-03-28 09:15:51,611 WARNING pdfminer.pdfpage CropBox missing from /Page, defaulting to MediaBox
2026-03-28 09:15:51,624 WARNING pdfminer.pdfpage CropBox missing from /Page, defaulting to MediaBox
2026-03-28 09:15:51,637 WARNING pdfminer.pdfpage CropBox missing from /Page, defaulting to MediaBox
2026-03-28 09:15:51,650 WARNING pdfminer.pdfpage CropBox missing from /Page, defaulting to MediaBox
2026-03-28 09:15:51,665 WARNING pdfminer.pdfpage CropBox missing from /Page, defaulting to MediaBox
2026-03-28 09:15:51,679 WARNING pdfminer.pdfpage CropBox missing from /Page, defaulting to MediaBox
2026-03-28 09:15:51,695 WARNING pdfminer.pdfpage CropBox missing from /Page, defaulting to MediaBox
2026-03-28 09:15:51,711 WARNING pdfminer.pdfpage CropBox missing from /Page, defaulting to MediaBox
2026-03-28 09:15:51,724 WARNING pdfminer.pdfpage CropBox missing from /Page, defaulting to MediaBox
2026-03-28 09:15:51,739 WARNING pdfminer.pdfpage CropBox missing from /Page, defaulting to MediaBox
2026-03-28 09:15:51,752 WARNING pdfminer.pdfpage CropBox missing from /Page, defaulting to MediaBox
2026-03-28 09:15:51,766 WARNING pdfminer.pdfpage CropBox missing from /Page, defaulting to MediaBox
2026-03-28 09:15:51,780 WARNING pdfminer.pdfpage CropBox missing from /Page, defaulting to MediaBox
2026-03-28 09:15:51,793 WARNING pdfminer.pdfpage CropBox missing from /Page, defaulting to MediaBox
2026-03-28 09:15:51,806 WARNING pdfminer.pdfpage CropBox missing from /Page, defaulting to MediaBox
2026-03-28 09:15:51,820 WARNING pdfminer.pdfpage CropBox missing from /Page, defaulting to MediaBox
2026-03-28 09:15:51,834 WARNING pdfminer.pdfpage CropBox missing from /Page, defaulting to MediaBox
2026-03-28 09:15:51,848 WARNING pdfminer.pdfpage CropBox missing from /Page, defaulting to MediaBox
2026-03-28 09:15:51,858 WARNING pdfminer.pdfpage CropBox missing from /Page, defaulting to MediaBox
2026-03-28 09:15:51,866 WARNING pdfminer.pdfpage CropBox missing from /Page, defaulting to MediaBox
2026-03-28 09:15:51,876 WARNING pdfminer.pdfpage CropBox missing from /Page, defaulting to MediaBox
2026-03-28 09:15:51,879 INFO root SUCCESS 22-451 [5/75] → data\22-451\json\20221215_amici_West_Virginia_d2e29d.json
2026-03-28 09:15:54,182 INFO root SUCCESS 22-451 [6/75] → data\22-451\json\20221215_amicus_Southeastern_Legal_Foundation_7bd827.json
2026-03-28 09:15:56,356 WARNING pdfminer.pdfpage CropBox missing from /Page, defaulting to MediaBox
2026-03-28 09:15:56,373 WARNING pdfminer.pdfpage CropBox missing from /Page, defaulting to MediaBox
2026-03-28 09:15:56,408 WARNING pdfminer.pdfpage CropBox missing from /Page, defaulting to MediaBox
2026-03-28 09:15:56,413 WARNING pdfminer.pdfpage CropBox missing from /Page, defaulting to MediaBox
2026-03-28 09:15:56,431 WARNING pdfminer.pdfpage CropBox missing from /Page, defaulting to MediaBox
2026-03-28 09:15:56,443 WARNING pdfminer.pdfpage CropBox missing from /Page, defaulting to MediaBox
2026-03-28 09:15:56,455 WARNING pdfminer.pdfpage CropBox missing from /Page, defaulting to MediaBox
2026-03-28 09:15:56,465 WARNING pdfminer.pdfpage CropBox missing from /Page, defaulting to MediaBox
2026-03-28 09:15:56,477 WARNING pdfminer.pdfpage CropBox missing from /Page, defaulting to MediaBox
2026-03-28 09:15:56,488 WARNING pdfminer.pdfpage CropBox missing from /Page, defaulting to MediaBox
2026-03-28 09:15:56,499 WARNING pdfminer.pdfpage CropBox missing from /Page, defaulting to MediaBox
2026-03-28 09:15:56,511 WARNING pdfminer.pdfpage CropBox missing from /Page, defaulting to MediaBox
2026-03-28 09:15:56,522 WARNING pdfminer.pdfpage CropBox missing from /Page, defaulting to MediaBox
2026-03-28 09:15:56,558 WARNING pdfminer.pdfpage CropBox missing from /Page, defaulting to MediaBox
2026-03-28 09:15:56,592 WARNING pdfminer.pdfpage CropBox missing from /Page, defaulting to MediaBox
2026-03-28 09:15:56,628 WARNING pdfminer.pdfpage CropBox missing from /Page, defaulting to MediaBox
2026-03-28 09:15:56,660 WARNING pdfminer.pdfpage CropBox missing from /Page, defaulting to MediaBox
2026-03-28 09:15:56,700 WARNING pdfminer.pdfpage CropBox missing from /Page, defaulting to MediaBox
2026-03-28 09:15:56,736 WARNING pdfminer.pdfpage CropBox missing from /Page, defaulting to MediaBox
2026-03-28 09:15:56,772 WARNING pdfminer.pdfpage CropBox missing from /Page, defaulting to MediaBox
2026-03-28 09:15:56,809 WARNING pdfminer.pdfpage CropBox missing from /Page, defaulting to MediaBox
2026-03-28 09:15:56,852 WARNING pdfminer.pdfpage CropBox missing from /Page, defaulting to MediaBox
2026-03-28 09:15:56,890 WARNING pdfminer.pdfpage CropBox missing from /Page, defaulting to MediaBox
2026-03-28 09:15:56,922 WARNING pdfminer.pdfpage CropBox missing from /Page, defaulting to MediaBox
2026-03-28 09:15:56,952 WARNING pdfminer.pdfpage CropBox missing from /Page, defaulting to MediaBox
2026-03-28 09:15:56,990 WARNING pdfminer.pdfpage CropBox missing from /Page, defaulting to MediaBox
2026-03-28 09:15:57,024 WARNING pdfminer.pdfpage CropBox missing from /Page, defaulting to MediaBox
2026-03-28 09:15:57,060 WARNING pdfminer.pdfpage CropBox missing from /Page, defaulting to MediaBox
2026-03-28 09:15:57,094 WARNING pdfminer.pdfpage CropBox missing from /Page, defaulting to MediaBox
2026-03-28 09:15:57,135 WARNING pdfminer.pdfpage CropBox missing from /Page, defaulting to MediaBox
2026-03-28 09:15:57,178 WARNING pdfminer.pdfpage CropBox missing from /Page, defaulting to MediaBox
2026-03-28 09:15:57,212 WARNING pdfminer.pdfpage CropBox missing from /Page, defaulting to MediaBox
2026-03-28 09:15:57,245 WARNING pdfminer.pdfpage CropBox missing from /Page, defaulting to MediaBox
2026-03-28 09:15:57,276 WARNING pdfminer.pdfpage CropBox missing from /Page, defaulting to MediaBox
2026-03-28 09:15:57,316 WARNING pdfminer.pdfpage CropBox missing from /Page, defaulting to MediaBox
2026-03-28 09:15:57,354 WARNING pdfminer.pdfpage CropBox missing from /Page, defaulting to MediaBox
2026-03-28 09:15:57,375 WARNING pdfminer.pdfpage CropBox missing from /Page, defaulting to MediaBox
2026-03-28 09:15:57,384 INFO root SUCCESS 22-451 [7/75] → data\22-451\json\20221215_amicus_National_Right_Work_Legal_eabb1a.json
2026-03-28 09:15:59,565 INFO root SUCCESS 22-451 [8/75] → data\22-451\json\20221215_amici_Buckeye_Institute_473bc4.json
2026-03-28 09:16:02,367 INFO root SUCCESS 22-451 [9/75] → data\22-451\json\20230216_respondent_Gina_Raimondo_Secretary_Commerce_opposition_3f301c.json
2026-03-28 09:16:04,951 INFO root SUCCESS 22-451 [10/75] → data\22-451\json\20230308_reply_Loper_Bright_Enterprises_97fa90.json
2026-03-28 09:16:07,147 INFO root SUCCESS 22-451 [11/75] → data\22-451\json\20230713_amicus_Atlantic_Legal_Foundation_a0c3ff.json
2026-03-28 09:16:09,727 INFO root SUCCESS 22-451 [12/75] → data\22-451\json\20230713_amicus_DRI_Center_Law_Public_Policy_f51f7b.json
2026-03-28 09:16:12,050 INFO root SUCCESS 22-451 [13/75] → data\22-451\json\20230717_amicus_Pacific_Legal_Foundation_5f0ed1.json
2026-03-28 09:16:15,693 INFO root SUCCESS 22-451 [14/75] → data\22-451\json\20230717_petitioner_Loper_Bright_Enterprises_893d93.json
2026-03-28 09:16:17,987 INFO root SUCCESS 22-451 [15/75] → data\22-451\json\20230718_amicus_Lonang_Institute_01f763.json
2026-03-28 09:16:20,953 INFO root SUCCESS 22-451 [16/75] → data\22-451\json\20230718_amicus_Goldwater_Institute_dd18c1.json
2026-03-28 09:16:23,193 INFO root SUCCESS 22-451 [17/75] → data\22-451\json\20230719_amici_PTAAAARMIGAN_LLC_80a35c.json
2026-03-28 09:16:26,001 INFO root SUCCESS 22-451 [18/75] → data\22-451\json\20230719_amicus_America_First_Legal_Foundation_131eda.json
2026-03-28 09:16:28,234 WARNING pdfminer.pdfpage CropBox missing from /Page, defaulting to MediaBox
2026-03-28 09:16:28,249 WARNING pdfminer.pdfpage CropBox missing from /Page, defaulting to MediaBox
2026-03-28 09:16:28,256 WARNING pdfminer.pdfpage CropBox missing from /Page, defaulting to MediaBox
2026-03-28 09:16:28,275 WARNING pdfminer.pdfpage CropBox missing from /Page, defaulting to MediaBox
2026-03-28 09:16:28,298 WARNING pdfminer.pdfpage CropBox missing from /Page, defaulting to MediaBox
2026-03-28 09:16:28,318 WARNING pdfminer.pdfpage CropBox missing from /Page, defaulting to MediaBox
2026-03-28 09:16:28,341 WARNING pdfminer.pdfpage CropBox missing from /Page, defaulting to MediaBox
2026-03-28 09:16:28,348 WARNING pdfminer.pdfpage CropBox missing from /Page, defaulting to MediaBox
2026-03-28 09:16:28,367 WARNING pdfminer.pdfpage CropBox missing from /Page, defaulting to MediaBox
2026-03-28 09:16:28,383 WARNING pdfminer.pdfpage CropBox missing from /Page, defaulting to MediaBox
2026-03-28 09:16:28,404 WARNING pdfminer.pdfpage CropBox missing from /Page, defaulting to MediaBox
2026-03-28 09:16:28,426 WARNING pdfminer.pdfpage CropBox missing from /Page, defaulting to MediaBox
2026-03-28 09:16:28,446 WARNING pdfminer.pdfpage CropBox missing from /Page, defaulting to MediaBox
2026-03-28 09:16:28,466 WARNING pdfminer.pdfpage CropBox missing from /Page, defaulting to MediaBox
2026-03-28 09:16:28,489 WARNING pdfminer.pdfpage CropBox missing from /Page, defaulting to MediaBox
2026-03-28 09:16:28,509 WARNING pdfminer.pdfpage CropBox missing from /Page, defaulting to MediaBox
2026-03-28 09:16:28,531 WARNING pdfminer.pdfpage CropBox missing from /Page, defaulting to MediaBox
2026-03-28 09:16:28,560 WARNING pdfminer.pdfpage CropBox missing from /Page, defaulting to MediaBox
2026-03-28 09:16:28,576 WARNING pdfminer.pdfpage CropBox missing from /Page, defaulting to MediaBox
2026-03-28 09:16:28,596 WARNING pdfminer.pdfpage CropBox missing from /Page, defaulting to MediaBox
2026-03-28 09:16:28,616 INFO root SUCCESS 22-451 [19/75] → data\22-451\json\20230720_amici_Manhattan_Institute_51170a.json
2026-03-28 09:16:30,864 WARNING pdfminer.pdfpage CropBox missing from /Page, defaulting to MediaBox
2026-03-28 09:16:30,887 WARNING pdfminer.pdfpage CropBox missing from /Page, defaulting to MediaBox
2026-03-28 09:16:30,905 WARNING pdfminer.pdfpage CropBox missing from /Page, defaulting to MediaBox
2026-03-28 09:16:30,922 WARNING pdfminer.pdfpage CropBox missing from /Page, defaulting to MediaBox
2026-03-28 09:16:30,937 WARNING pdfminer.pdfpage CropBox missing from /Page, defaulting to MediaBox
2026-03-28 09:16:30,952 WARNING pdfminer.pdfpage CropBox missing from /Page, defaulting to MediaBox
2026-03-28 09:16:30,969 WARNING pdfminer.pdfpage CropBox missing from /Page, defaulting to MediaBox
2026-03-28 09:16:30,984 WARNING pdfminer.pdfpage CropBox missing from /Page, defaulting to MediaBox
2026-03-28 09:16:30,999 WARNING pdfminer.pdfpage CropBox missing from /Page, defaulting to MediaBox
2026-03-28 09:16:31,013 WARNING pdfminer.pdfpage CropBox missing from /Page, defaulting to MediaBox
2026-03-28 09:16:31,028 WARNING pdfminer.pdfpage CropBox missing from /Page, defaulting to MediaBox
2026-03-28 09:16:31,041 WARNING pdfminer.pdfpage CropBox missing from /Page, defaulting to MediaBox
2026-03-28 09:16:31,055 WARNING pdfminer.pdfpage CropBox missing from /Page, defaulting to MediaBox
2026-03-28 09:16:31,071 WARNING pdfminer.pdfpage CropBox missing from /Page, defaulting to MediaBox
2026-03-28 09:16:31,086 WARNING pdfminer.pdfpage CropBox missing from /Page, defaulting to MediaBox
2026-03-28 09:16:31,106 WARNING pdfminer.pdfpage CropBox missing from /Page, defaulting to MediaBox
2026-03-28 09:16:31,124 WARNING pdfminer.pdfpage CropBox missing from /Page, defaulting to MediaBox
2026-03-28 09:16:31,143 WARNING pdfminer.pdfpage CropBox missing from /Page, defaulting to MediaBox
2026-03-28 09:16:31,155 WARNING pdfminer.pdfpage CropBox missing from /Page, defaulting to MediaBox
2026-03-28 09:16:31,171 WARNING pdfminer.pdfpage CropBox missing from /Page, defaulting to MediaBox
2026-03-28 09:16:31,190 WARNING pdfminer.pdfpage CropBox missing from /Page, defaulting to MediaBox
2026-03-28 09:16:31,210 WARNING pdfminer.pdfpage CropBox missing from /Page, defaulting to MediaBox
2026-03-28 09:16:31,233 WARNING pdfminer.pdfpage CropBox missing from /Page, defaulting to MediaBox
2026-03-28 09:16:31,251 WARNING pdfminer.pdfpage CropBox missing from /Page, defaulting to MediaBox
2026-03-28 09:16:31,269 WARNING pdfminer.pdfpage CropBox missing from /Page, defaulting to MediaBox
2026-03-28 09:16:31,286 WARNING pdfminer.pdfpage CropBox missing from /Page, defaulting to MediaBox
2026-03-28 09:16:31,303 WARNING pdfminer.pdfpage CropBox missing from /Page, defaulting to MediaBox
2026-03-28 09:16:31,319 WARNING pdfminer.pdfpage CropBox missing from /Page, defaulting to MediaBox
2026-03-28 09:16:31,339 WARNING pdfminer.pdfpage CropBox missing from /Page, defaulting to MediaBox
2026-03-28 09:16:31,359 WARNING pdfminer.pdfpage CropBox missing from /Page, defaulting to MediaBox
2026-03-28 09:16:31,377 WARNING pdfminer.pdfpage CropBox missing from /Page, defaulting to MediaBox
2026-03-28 09:16:31,388 WARNING pdfminer.pdfpage CropBox missing from /Page, defaulting to MediaBox
2026-03-28 09:16:31,400 INFO root SUCCESS 22-451 [20/75] → data\22-451\json\20230720_amicus_American_Center_Law_Justice_3535cb.json
2026-03-28 09:16:34,145 INFO root SUCCESS 22-451 [21/75] → data\22-451\json\20230720_amicus_TechFreedom_b743e2.json
2026-03-28 09:16:36,154 WARNING pdfminer.pdfpage CropBox missing from /Page, defaulting to MediaBox
2026-03-28 09:16:36,176 WARNING pdfminer.pdfpage CropBox missing from /Page, defaulting to MediaBox
2026-03-28 09:16:36,191 WARNING pdfminer.pdfpage CropBox missing from /Page, defaulting to MediaBox
2026-03-28 09:16:36,206 WARNING pdfminer.pdfpage CropBox missing from /Page, defaulting to MediaBox
2026-03-28 09:16:36,208 WARNING pdfminer.pdfpage CropBox missing from /Page, defaulting to MediaBox
2026-03-28 09:16:36,228 WARNING pdfminer.pdfpage CropBox missing from /Page, defaulting to MediaBox
2026-03-28 09:16:36,252 WARNING pdfminer.pdfpage CropBox missing from /Page, defaulting to MediaBox
2026-03-28 09:16:36,274 WARNING pdfminer.pdfpage CropBox missing from /Page, defaulting to MediaBox
2026-03-28 09:16:36,290 WARNING pdfminer.pdfpage CropBox missing from /Page, defaulting to MediaBox
2026-03-28 09:16:36,309 WARNING pdfminer.pdfpage CropBox missing from /Page, defaulting to MediaBox
2026-03-28 09:16:36,331 WARNING pdfminer.pdfpage CropBox missing from /Page, defaulting to MediaBox
2026-03-28 09:16:36,350 WARNING pdfminer.pdfpage CropBox missing from /Page, defaulting to MediaBox
2026-03-28 09:16:36,370 WARNING pdfminer.pdfpage CropBox missing from /Page, defaulting to MediaBox
2026-03-28 09:16:36,388 WARNING pdfminer.pdfpage CropBox missing from /Page, defaulting to MediaBox
2026-03-28 09:16:36,403 WARNING pdfminer.pdfpage CropBox missing from /Page, defaulting to MediaBox
2026-03-28 09:16:36,422 WARNING pdfminer.pdfpage CropBox missing from /Page, defaulting to MediaBox
2026-03-28 09:16:36,441 WARNING pdfminer.pdfpage CropBox missing from /Page, defaulting to MediaBox
2026-03-28 09:16:36,466 WARNING pdfminer.pdfpage CropBox missing from /Page, defaulting to MediaBox
2026-03-28 09:16:36,487 WARNING pdfminer.pdfpage CropBox missing from /Page, defaulting to MediaBox
2026-03-28 09:16:36,509 WARNING pdfminer.pdfpage CropBox missing from /Page, defaulting to MediaBox
2026-03-28 09:16:36,524 WARNING pdfminer.pdfpage CropBox missing from /Page, defaulting to MediaBox
2026-03-28 09:16:36,550 WARNING pdfminer.pdfpage CropBox missing from /Page, defaulting to MediaBox
2026-03-28 09:16:36,576 WARNING pdfminer.pdfpage CropBox missing from /Page, defaulting to MediaBox
2026-03-28 09:16:36,599 WARNING pdfminer.pdfpage CropBox missing from /Page, defaulting to MediaBox
2026-03-28 09:16:36,619 WARNING pdfminer.pdfpage CropBox missing from /Page, defaulting to MediaBox
2026-03-28 09:16:36,641 WARNING pdfminer.pdfpage CropBox missing from /Page, defaulting to MediaBox
2026-03-28 09:16:36,662 WARNING pdfminer.pdfpage CropBox missing from /Page, defaulting to MediaBox
2026-03-28 09:16:36,685 WARNING pdfminer.pdfpage CropBox missing from /Page, defaulting to MediaBox
2026-03-28 09:16:36,710 WARNING pdfminer.pdfpage CropBox missing from /Page, defaulting to MediaBox
2026-03-28 09:16:36,737 WARNING pdfminer.pdfpage CropBox missing from /Page, defaulting to MediaBox
2026-03-28 09:16:36,760 WARNING pdfminer.pdfpage CropBox missing from /Page, defaulting to MediaBox
2026-03-28 09:16:36,795 WARNING pdfminer.pdfpage CropBox missing from /Page, defaulting to MediaBox
2026-03-28 09:16:36,820 WARNING pdfminer.pdfpage CropBox missing from /Page, defaulting to MediaBox
2026-03-28 09:16:36,840 WARNING pdfminer.pdfpage CropBox missing from /Page, defaulting to MediaBox
2026-03-28 09:16:36,860 WARNING pdfminer.pdfpage CropBox missing from /Page, defaulting to MediaBox
2026-03-28 09:16:36,886 WARNING pdfminer.pdfpage CropBox missing from /Page, defaulting to MediaBox
2026-03-28 09:16:36,917 WARNING pdfminer.pdfpage CropBox missing from /Page, defaulting to MediaBox
2026-03-28 09:16:36,948 WARNING pdfminer.pdfpage CropBox missing from /Page, defaulting to MediaBox
2026-03-28 09:16:36,973 WARNING pdfminer.pdfpage CropBox missing from /Page, defaulting to MediaBox
2026-03-28 09:16:36,983 INFO root SUCCESS 22-451 [22/75] → data\22-451\json\20230720_amicus_New_England_Legal_Foundation_b25193.json
2026-03-28 09:16:39,289 INFO root SUCCESS 22-451 [23/75] → data\22-451\json\20230721_amicus_Foundation_Government_Accountability_04ca34.json
2026-03-28 09:16:41,530 WARNING pdfminer.pdfpage CropBox missing from /Page, defaulting to MediaBox
2026-03-28 09:16:41,547 WARNING pdfminer.pdfpage CropBox missing from /Page, defaulting to MediaBox
2026-03-28 09:16:41,552 WARNING pdfminer.pdfpage CropBox missing from /Page, defaulting to MediaBox
2026-03-28 09:16:41,564 WARNING pdfminer.pdfpage CropBox missing from /Page, defaulting to MediaBox
2026-03-28 09:16:41,590 WARNING pdfminer.pdfpage CropBox missing from /Page, defaulting to MediaBox
2026-03-28 09:16:41,615 WARNING pdfminer.pdfpage CropBox missing from /Page, defaulting to MediaBox
2026-03-28 09:16:41,629 WARNING pdfminer.pdfpage CropBox missing from /Page, defaulting to MediaBox
2026-03-28 09:16:41,643 WARNING pdfminer.pdfpage CropBox missing from /Page, defaulting to MediaBox
2026-03-28 09:16:41,660 WARNING pdfminer.pdfpage CropBox missing from /Page, defaulting to MediaBox
2026-03-28 09:16:41,677 WARNING pdfminer.pdfpage CropBox missing from /Page, defaulting to MediaBox
2026-03-28 09:16:41,694 WARNING pdfminer.pdfpage CropBox missing from /Page, defaulting to MediaBox
2026-03-28 09:16:41,711 WARNING pdfminer.pdfpage CropBox missing from /Page, defaulting to MediaBox
2026-03-28 09:16:41,728 WARNING pdfminer.pdfpage CropBox missing from /Page, defaulting to MediaBox
2026-03-28 09:16:41,755 WARNING pdfminer.pdfpage CropBox missing from /Page, defaulting to MediaBox
2026-03-28 09:16:41,774 WARNING pdfminer.pdfpage CropBox missing from /Page, defaulting to MediaBox
2026-03-28 09:16:41,795 WARNING pdfminer.pdfpage CropBox missing from /Page, defaulting to MediaBox
2026-03-28 09:16:41,813 WARNING pdfminer.pdfpage CropBox missing from /Page, defaulting to MediaBox
2026-03-28 09:16:41,833 WARNING pdfminer.pdfpage CropBox missing from /Page, defaulting to MediaBox
2026-03-28 09:16:41,840 INFO root SUCCESS 22-451 [24/75] → data\22-451\json\20230721_amicus_Liberty_Justice_Center_a310a9.json
2026-03-28 09:16:43,911 WARNING pdfminer.pdfpage CropBox missing from /Page, defaulting to MediaBox
2026-03-28 09:16:43,934 WARNING pdfminer.pdfpage CropBox missing from /Page, defaulting to MediaBox
2026-03-28 09:16:43,957 WARNING pdfminer.pdfpage CropBox missing from /Page, defaulting to MediaBox
2026-03-28 09:16:43,959 WARNING pdfminer.pdfpage CropBox missing from /Page, defaulting to MediaBox
2026-03-28 09:16:43,978 WARNING pdfminer.pdfpage CropBox missing from /Page, defaulting to MediaBox
2026-03-28 09:16:43,997 WARNING pdfminer.pdfpage CropBox missing from /Page, defaulting to MediaBox
2026-03-28 09:16:44,018 WARNING pdfminer.pdfpage CropBox missing from /Page, defaulting to MediaBox
2026-03-28 09:16:44,035 WARNING pdfminer.pdfpage CropBox missing from /Page, defaulting to MediaBox
2026-03-28 09:16:44,049 WARNING pdfminer.pdfpage CropBox missing from /Page, defaulting to MediaBox
2026-03-28 09:16:44,066 WARNING pdfminer.pdfpage CropBox missing from /Page, defaulting to MediaBox
2026-03-28 09:16:44,084 WARNING pdfminer.pdfpage CropBox missing from /Page, defaulting to MediaBox
2026-03-28 09:16:44,096 WARNING pdfminer.pdfpage CropBox missing from /Page, defaulting to MediaBox
2026-03-28 09:16:44,115 WARNING pdfminer.pdfpage CropBox missing from /Page, defaulting to MediaBox
2026-03-28 09:16:44,135 WARNING pdfminer.pdfpage CropBox missing from /Page, defaulting to MediaBox
2026-03-28 09:16:44,153 WARNING pdfminer.pdfpage CropBox missing from /Page, defaulting to MediaBox
2026-03-28 09:16:44,169 WARNING pdfminer.pdfpage CropBox missing from /Page, defaulting to MediaBox
2026-03-28 09:16:44,187 WARNING pdfminer.pdfpage CropBox missing from /Page, defaulting to MediaBox
2026-03-28 09:16:44,205 WARNING pdfminer.pdfpage CropBox missing from /Page, defaulting to MediaBox
2026-03-28 09:16:44,224 WARNING pdfminer.pdfpage CropBox missing from /Page, defaulting to MediaBox
2026-03-28 09:16:44,242 WARNING pdfminer.pdfpage CropBox missing from /Page, defaulting to MediaBox
2026-03-28 09:16:44,260 WARNING pdfminer.pdfpage CropBox missing from /Page, defaulting to MediaBox
2026-03-28 09:16:44,278 WARNING pdfminer.pdfpage CropBox missing from /Page, defaulting to MediaBox
2026-03-28 09:16:44,298 WARNING pdfminer.pdfpage CropBox missing from /Page, defaulting to MediaBox
2026-03-28 09:16:44,322 WARNING pdfminer.pdfpage CropBox missing from /Page, defaulting to MediaBox
2026-03-28 09:16:44,342 WARNING pdfminer.pdfpage CropBox missing from /Page, defaulting to MediaBox
2026-03-28 09:16:44,362 WARNING pdfminer.pdfpage CropBox missing from /Page, defaulting to MediaBox
2026-03-28 09:16:44,380 WARNING pdfminer.pdfpage CropBox missing from /Page, defaulting to MediaBox
2026-03-28 09:16:44,397 WARNING pdfminer.pdfpage CropBox missing from /Page, defaulting to MediaBox
2026-03-28 09:16:44,409 INFO root SUCCESS 22-451 [25/75] → data\22-451\json\20230721_amicus_Center_Constitutional_Jurisprudence_939330.json
2026-03-28 09:16:46,903 INFO root SUCCESS 22-451 [26/75] → data\22-451\json\20230721_amicus_Landmark_Legal_Foundation_3f7f76.json
2026-03-28 09:16:49,153 WARNING pdfminer.pdfpage CropBox missing from /Page, defaulting to MediaBox
2026-03-28 09:16:49,175 WARNING pdfminer.pdfpage CropBox missing from /Page, defaulting to MediaBox
2026-03-28 09:16:49,180 WARNING pdfminer.pdfpage CropBox missing from /Page, defaulting to MediaBox
2026-03-28 09:16:49,200 WARNING pdfminer.pdfpage CropBox missing from /Page, defaulting to MediaBox
2026-03-28 09:16:49,221 WARNING pdfminer.pdfpage CropBox missing from /Page, defaulting to MediaBox
2026-03-28 09:16:49,244 WARNING pdfminer.pdfpage CropBox missing from /Page, defaulting to MediaBox
2026-03-28 09:16:49,268 WARNING pdfminer.pdfpage CropBox missing from /Page, defaulting to MediaBox
2026-03-28 09:16:49,294 WARNING pdfminer.pdfpage CropBox missing from /Page, defaulting to MediaBox
2026-03-28 09:16:49,319 WARNING pdfminer.pdfpage CropBox missing from /Page, defaulting to MediaBox
2026-03-28 09:16:49,323 WARNING pdfminer.pdfpage CropBox missing from /Page, defaulting to MediaBox
2026-03-28 09:16:49,339 WARNING pdfminer.pdfpage CropBox missing from /Page, defaulting to MediaBox
2026-03-28 09:16:49,361 WARNING pdfminer.pdfpage CropBox missing from /Page, defaulting to MediaBox
2026-03-28 09:16:49,383 WARNING pdfminer.pdfpage CropBox missing from /Page, defaulting to MediaBox
2026-03-28 09:16:49,413 WARNING pdfminer.pdfpage CropBox missing from /Page, defaulting to MediaBox
2026-03-28 09:16:49,439 WARNING pdfminer.pdfpage CropBox missing from /Page, defaulting to MediaBox
2026-03-28 09:16:49,465 WARNING pdfminer.pdfpage CropBox missing from /Page, defaulting to MediaBox
2026-03-28 09:16:49,487 WARNING pdfminer.pdfpage CropBox missing from /Page, defaulting to MediaBox
2026-03-28 09:16:49,509 WARNING pdfminer.pdfpage CropBox missing from /Page, defaulting to MediaBox
2026-03-28 09:16:49,533 WARNING pdfminer.pdfpage CropBox missing from /Page, defaulting to MediaBox
2026-03-28 09:16:49,556 WARNING pdfminer.pdfpage CropBox missing from /Page, defaulting to MediaBox
2026-03-28 09:16:49,582 WARNING pdfminer.pdfpage CropBox missing from /Page, defaulting to MediaBox
2026-03-28 09:16:49,608 WARNING pdfminer.pdfpage CropBox missing from /Page, defaulting to MediaBox
2026-03-28 09:16:49,635 WARNING pdfminer.pdfpage CropBox missing from /Page, defaulting to MediaBox
2026-03-28 09:16:49,668 WARNING pdfminer.pdfpage CropBox missing from /Page, defaulting to MediaBox
2026-03-28 09:16:49,691 WARNING pdfminer.pdfpage CropBox missing from /Page, defaulting to MediaBox
2026-03-28 09:16:49,715 WARNING pdfminer.pdfpage CropBox missing from /Page, defaulting to MediaBox
2026-03-28 09:16:49,738 WARNING pdfminer.pdfpage CropBox missing from /Page, defaulting to MediaBox
2026-03-28 09:16:49,764 WARNING pdfminer.pdfpage CropBox missing from /Page, defaulting to MediaBox
2026-03-28 09:16:49,788 WARNING pdfminer.pdfpage CropBox missing from /Page, defaulting to MediaBox
2026-03-28 09:16:49,811 WARNING pdfminer.pdfpage CropBox missing from /Page, defaulting to MediaBox
2026-03-28 09:16:49,838 WARNING pdfminer.pdfpage CropBox missing from /Page, defaulting to MediaBox
2026-03-28 09:16:49,863 WARNING pdfminer.pdfpage CropBox missing from /Page, defaulting to MediaBox
2026-03-28 09:16:49,888 WARNING pdfminer.pdfpage CropBox missing from /Page, defaulting to MediaBox
2026-03-28 09:16:49,915 WARNING pdfminer.pdfpage CropBox missing from /Page, defaulting to MediaBox
2026-03-28 09:16:49,940 WARNING pdfminer.pdfpage CropBox missing from /Page, defaulting to MediaBox
2026-03-28 09:16:49,960 WARNING pdfminer.pdfpage CropBox missing from /Page, defaulting to MediaBox
2026-03-28 09:16:49,980 WARNING pdfminer.pdfpage CropBox missing from /Page, defaulting to MediaBox
2026-03-28 09:16:49,998 WARNING pdfminer.pdfpage CropBox missing from /Page, defaulting to MediaBox
2026-03-28 09:16:50,018 WARNING pdfminer.pdfpage CropBox missing from /Page, defaulting to MediaBox
2026-03-28 09:16:50,051 INFO root SUCCESS 22-451 [27/75] → data\22-451\json\20230721_amici_Cato_Institute_67ec48.json
2026-03-28 09:16:52,406 INFO root SUCCESS 22-451 [28/75] → data\22-451\json\20230721_amicus_Mountain_States_Legal_Foundation_772925.json
2026-03-28 09:16:54,948 INFO root SUCCESS 22-451 [29/75] → data\22-451\json\20230721_amicus_Professor_Thomas_Merrill_support_7e45ac.json
2026-03-28 09:16:57,055 INFO root SUCCESS 22-451 [30/75] → data\22-451\json\20230724_amicus_Competitive_Enterprise_Institute_729f75.json
2026-03-28 09:16:59,252 INFO root SUCCESS 22-451 [31/75] → data\22-451\json\20230724_amicus_Christian_Employers_Alliance_b3636a.json
2026-03-28 09:17:01,165 WARNING pdfminer.pdfpage CropBox missing from /Page, defaulting to MediaBox
2026-03-28 09:17:01,172 WARNING pdfminer.pdfpage CropBox missing from /Page, defaulting to MediaBox
2026-03-28 09:17:01,176 WARNING pdfminer.pdfpage CropBox missing from /Page, defaulting to MediaBox
2026-03-28 09:17:01,182 WARNING pdfminer.pdfpage CropBox missing from /Page, defaulting to MediaBox
2026-03-28 09:17:01,191 WARNING pdfminer.pdfpage CropBox missing from /Page, defaulting to MediaBox
2026-03-28 09:17:01,200 WARNING pdfminer.pdfpage CropBox missing from /Page, defaulting to MediaBox
2026-03-28 09:17:01,209 WARNING pdfminer.pdfpage CropBox missing from /Page, defaulting to MediaBox
2026-03-28 09:17:01,211 WARNING pdfminer.pdfpage CropBox missing from /Page, defaulting to MediaBox
2026-03-28 09:17:01,222 WARNING pdfminer.pdfpage CropBox missing from /Page, defaulting to MediaBox
2026-03-28 09:17:01,232 WARNING pdfminer.pdfpage CropBox missing from /Page, defaulting to MediaBox
2026-03-28 09:17:01,243 WARNING pdfminer.pdfpage CropBox missing from /Page, defaulting to MediaBox
2026-03-28 09:17:01,251 WARNING pdfminer.pdfpage CropBox missing from /Page, defaulting to MediaBox
2026-03-28 09:17:01,261 WARNING pdfminer.pdfpage CropBox missing from /Page, defaulting to MediaBox
2026-03-28 09:17:01,272 WARNING pdfminer.pdfpage CropBox missing from /Page, defaulting to MediaBox
2026-03-28 09:17:01,282 WARNING pdfminer.pdfpage CropBox missing from /Page, defaulting to MediaBox
2026-03-28 09:17:01,291 WARNING pdfminer.pdfpage CropBox missing from /Page, defaulting to MediaBox
2026-03-28 09:17:01,301 WARNING pdfminer.pdfpage CropBox missing from /Page, defaulting to MediaBox
2026-03-28 09:17:01,311 WARNING pdfminer.pdfpage CropBox missing from /Page, defaulting to MediaBox
2026-03-28 09:17:01,321 WARNING pdfminer.pdfpage CropBox missing from /Page, defaulting to MediaBox
2026-03-28 09:17:01,331 WARNING pdfminer.pdfpage CropBox missing from /Page, defaulting to MediaBox
2026-03-28 09:17:01,341 WARNING pdfminer.pdfpage CropBox missing from /Page, defaulting to MediaBox
2026-03-28 09:17:01,351 WARNING pdfminer.pdfpage CropBox missing from /Page, defaulting to MediaBox
2026-03-28 09:17:01,360 WARNING pdfminer.pdfpage CropBox missing from /Page, defaulting to MediaBox
2026-03-28 09:17:01,370 WARNING pdfminer.pdfpage CropBox missing from /Page, defaulting to MediaBox
2026-03-28 09:17:01,381 WARNING pdfminer.pdfpage CropBox missing from /Page, defaulting to MediaBox
2026-03-28 09:17:01,392 WARNING pdfminer.pdfpage CropBox missing from /Page, defaulting to MediaBox
2026-03-28 09:17:01,402 WARNING pdfminer.pdfpage CropBox missing from /Page, defaulting to MediaBox
2026-03-28 09:17:01,414 WARNING pdfminer.pdfpage CropBox missing from /Page, defaulting to MediaBox
2026-03-28 09:17:01,420 INFO root SUCCESS 22-451 [32/75] → data\22-451\json\20230724_amici_David_Goethel_John_Haran_3f5bb6.json
2026-03-28 09:17:03,482 WARNING pdfminer.pdfpage CropBox missing from /Page, defaulting to MediaBox
2026-03-28 09:17:03,500 WARNING pdfminer.pdfpage CropBox missing from /Page, defaulting to MediaBox
2026-03-28 09:17:03,506 WARNING pdfminer.pdfpage CropBox missing from /Page, defaulting to MediaBox
2026-03-28 09:17:03,524 WARNING pdfminer.pdfpage CropBox missing from /Page, defaulting to MediaBox
2026-03-28 09:17:03,546 WARNING pdfminer.pdfpage CropBox missing from /Page, defaulting to MediaBox
2026-03-28 09:17:03,565 WARNING pdfminer.pdfpage CropBox missing from /Page, defaulting to MediaBox
2026-03-28 09:17:03,581 WARNING pdfminer.pdfpage CropBox missing from /Page, defaulting to MediaBox
2026-03-28 09:17:03,599 WARNING pdfminer.pdfpage CropBox missing from /Page, defaulting to MediaBox
2026-03-28 09:17:03,615 WARNING pdfminer.pdfpage CropBox missing from /Page, defaulting to MediaBox
2026-03-28 09:17:03,630 WARNING pdfminer.pdfpage CropBox missing from /Page, defaulting to MediaBox
2026-03-28 09:17:03,650 WARNING pdfminer.pdfpage CropBox missing from /Page, defaulting to MediaBox
2026-03-28 09:17:03,670 WARNING pdfminer.pdfpage CropBox missing from /Page, defaulting to MediaBox
2026-03-28 09:17:03,689 WARNING pdfminer.pdfpage CropBox missing from /Page, defaulting to MediaBox
2026-03-28 09:17:03,709 WARNING pdfminer.pdfpage CropBox missing from /Page, defaulting to MediaBox
2026-03-28 09:17:03,726 WARNING pdfminer.pdfpage CropBox missing from /Page, defaulting to MediaBox
2026-03-28 09:17:03,746 WARNING pdfminer.pdfpage CropBox missing from /Page, defaulting to MediaBox
2026-03-28 09:17:03,764 WARNING pdfminer.pdfpage CropBox missing from /Page, defaulting to MediaBox
2026-03-28 09:17:03,783 WARNING pdfminer.pdfpage CropBox missing from /Page, defaulting to MediaBox
2026-03-28 09:17:03,803 WARNING pdfminer.pdfpage CropBox missing from /Page, defaulting to MediaBox
2026-03-28 09:17:03,821 WARNING pdfminer.pdfpage CropBox missing from /Page, defaulting to MediaBox
2026-03-28 09:17:03,844 WARNING pdfminer.pdfpage CropBox missing from /Page, defaulting to MediaBox
2026-03-28 09:17:03,863 WARNING pdfminer.pdfpage CropBox missing from /Page, defaulting to MediaBox
2026-03-28 09:17:03,882 WARNING pdfminer.pdfpage CropBox missing from /Page, defaulting to MediaBox
2026-03-28 09:17:03,902 WARNING pdfminer.pdfpage CropBox missing from /Page, defaulting to MediaBox
2026-03-28 09:17:03,922 WARNING pdfminer.pdfpage CropBox missing from /Page, defaulting to MediaBox
2026-03-28 09:17:03,938 WARNING pdfminer.pdfpage CropBox missing from /Page, defaulting to MediaBox
2026-03-28 09:17:03,951 INFO root SUCCESS 22-451 [33/75] → data\22-451\json\20230724_amicus_America_First_Policy_Institute_de5f6a.json
2026-03-28 09:17:05,724 WARNING pdfminer.pdfpage CropBox missing from /Page, defaulting to MediaBox
2026-03-28 09:17:05,738 WARNING pdfminer.pdfpage CropBox missing from /Page, defaulting to MediaBox
2026-03-28 09:17:05,749 WARNING pdfminer.pdfpage CropBox missing from /Page, defaulting to MediaBox
2026-03-28 09:17:05,759 WARNING pdfminer.pdfpage CropBox missing from /Page, defaulting to MediaBox
2026-03-28 09:17:05,769 WARNING pdfminer.pdfpage CropBox missing from /Page, defaulting to MediaBox
2026-03-28 09:17:05,779 WARNING pdfminer.pdfpage CropBox missing from /Page, defaulting to MediaBox
2026-03-28 09:17:05,788 WARNING pdfminer.pdfpage CropBox missing from /Page, defaulting to MediaBox
2026-03-28 09:17:05,827 WARNING pdfminer.pdfpage CropBox missing from /Page, defaulting to MediaBox
2026-03-28 09:17:05,856 WARNING pdfminer.pdfpage CropBox missing from /Page, defaulting to MediaBox
2026-03-28 09:17:05,890 WARNING pdfminer.pdfpage CropBox missing from /Page, defaulting to MediaBox
2026-03-28 09:17:05,928 WARNING pdfminer.pdfpage CropBox missing from /Page, defaulting to MediaBox
2026-03-28 09:17:05,963 WARNING pdfminer.pdfpage CropBox missing from /Page, defaulting to MediaBox
2026-03-28 09:17:06,001 WARNING pdfminer.pdfpage CropBox missing from /Page, defaulting to MediaBox
2026-03-28 09:17:06,032 WARNING pdfminer.pdfpage CropBox missing from /Page, defaulting to MediaBox
2026-03-28 09:17:06,062 WARNING pdfminer.pdfpage CropBox missing from /Page, defaulting to MediaBox
2026-03-28 09:17:06,096 WARNING pdfminer.pdfpage CropBox missing from /Page, defaulting to MediaBox
2026-03-28 09:17:06,131 WARNING pdfminer.pdfpage CropBox missing from /Page, defaulting to MediaBox
2026-03-28 09:17:06,163 WARNING pdfminer.pdfpage CropBox missing from /Page, defaulting to MediaBox
2026-03-28 09:17:06,194 WARNING pdfminer.pdfpage CropBox missing from /Page, defaulting to MediaBox
2026-03-28 09:17:06,213 INFO root SUCCESS 22-451 [34/75] → data\22-451\json\20230724_amicus_National_Right_Work_Legal_bc3c9e.json
2026-03-28 09:17:08,470 INFO root SUCCESS 22-451 [35/75] → data\22-451\json\20230724_amicus_National_Taxpayers_Union_Foundation_a977b3.json
2026-03-28 09:17:10,839 INFO root SUCCESS 22-451 [36/75] → data\22-451\json\20230724_amicus_U.S_House_Representatives_14b968.json
2026-03-28 09:17:13,639 INFO root SUCCESS 22-451 [37/75] → data\22-451\json\20230724_amicus_Chamber_Commerce_US_America_126ad8.json
2026-03-28 09:17:15,909 INFO root SUCCESS 22-451 [38/75] → data\22-451\json\20230724_amici_Coalition_Democratic_Workplace_5d90a2.json
2026-03-28 09:17:17,984 WARNING pdfminer.pdfpage CropBox missing from /Page, defaulting to MediaBox
2026-03-28 09:17:17,995 WARNING pdfminer.pdfpage CropBox missing from /Page, defaulting to MediaBox
2026-03-28 09:17:18,002 WARNING pdfminer.pdfpage CropBox missing from /Page, defaulting to MediaBox
2026-03-28 09:17:18,008 WARNING pdfminer.pdfpage CropBox missing from /Page, defaulting to MediaBox
2026-03-28 09:17:18,015 WARNING pdfminer.pdfpage CropBox missing from /Page, defaulting to MediaBox
2026-03-28 09:17:18,021 WARNING pdfminer.pdfpage CropBox missing from /Page, defaulting to MediaBox
2026-03-28 09:17:18,028 WARNING pdfminer.pdfpage CropBox missing from /Page, defaulting to MediaBox
2026-03-28 09:17:18,033 WARNING pdfminer.pdfpage CropBox missing from /Page, defaulting to MediaBox
2026-03-28 09:17:18,042 WARNING pdfminer.pdfpage CropBox missing from /Page, defaulting to MediaBox
2026-03-28 09:17:18,046 WARNING pdfminer.pdfpage CropBox missing from /Page, defaulting to MediaBox
2026-03-28 09:17:18,057 WARNING pdfminer.pdfpage CropBox missing from /Page, defaulting to MediaBox
2026-03-28 09:17:18,066 WARNING pdfminer.pdfpage CropBox missing from /Page, defaulting to MediaBox
2026-03-28 09:17:18,075 WARNING pdfminer.pdfpage CropBox missing from /Page, defaulting to MediaBox
2026-03-28 09:17:18,084 WARNING pdfminer.pdfpage CropBox missing from /Page, defaulting to MediaBox
2026-03-28 09:17:18,094 WARNING pdfminer.pdfpage CropBox missing from /Page, defaulting to MediaBox
2026-03-28 09:17:18,105 WARNING pdfminer.pdfpage CropBox missing from /Page, defaulting to MediaBox
2026-03-28 09:17:18,115 WARNING pdfminer.pdfpage CropBox missing from /Page, defaulting to MediaBox
2026-03-28 09:17:18,124 WARNING pdfminer.pdfpage CropBox missing from /Page, defaulting to MediaBox
2026-03-28 09:17:18,134 WARNING pdfminer.pdfpage CropBox missing from /Page, defaulting to MediaBox
2026-03-28 09:17:18,144 WARNING pdfminer.pdfpage CropBox missing from /Page, defaulting to MediaBox
2026-03-28 09:17:18,153 WARNING pdfminer.pdfpage CropBox missing from /Page, defaulting to MediaBox
2026-03-28 09:17:18,163 WARNING pdfminer.pdfpage CropBox missing from /Page, defaulting to MediaBox
2026-03-28 09:17:18,174 WARNING pdfminer.pdfpage CropBox missing from /Page, defaulting to MediaBox
2026-03-28 09:17:18,185 WARNING pdfminer.pdfpage CropBox missing from /Page, defaulting to MediaBox
2026-03-28 09:17:18,194 WARNING pdfminer.pdfpage CropBox missing from /Page, defaulting to MediaBox
2026-03-28 09:17:18,205 WARNING pdfminer.pdfpage CropBox missing from /Page, defaulting to MediaBox
2026-03-28 09:17:18,214 WARNING pdfminer.pdfpage CropBox missing from /Page, defaulting to MediaBox
2026-03-28 09:17:18,224 WARNING pdfminer.pdfpage CropBox missing from /Page, defaulting to MediaBox
2026-03-28 09:17:18,233 WARNING pdfminer.pdfpage CropBox missing from /Page, defaulting to MediaBox
2026-03-28 09:17:18,242 WARNING pdfminer.pdfpage CropBox missing from /Page, defaulting to MediaBox
2026-03-28 09:17:18,249 INFO root SUCCESS 22-451 [39/75] → data\22-451\json\20230724_amici_U.S_Senator_Ted_Cruz_Congressman_9450ff.json
2026-03-28 09:17:20,960 INFO root SUCCESS 22-451 [40/75] → data\22-451\json\20230724_amicus_Little_Sisters_Poor_Saints_Peter_7fc9a8.json
2026-03-28 09:17:22,896 WARNING pdfminer.pdfpage CropBox missing from /Page, defaulting to MediaBox
2026-03-28 09:17:22,920 WARNING pdfminer.pdfpage CropBox missing from /Page, defaulting to MediaBox
2026-03-28 09:17:22,924 WARNING pdfminer.pdfpage CropBox missing from /Page, defaulting to MediaBox
2026-03-28 09:17:22,932 WARNING pdfminer.pdfpage CropBox missing from /Page, defaulting to MediaBox
2026-03-28 09:17:22,946 WARNING pdfminer.pdfpage CropBox missing from /Page, defaulting to MediaBox
2026-03-28 09:17:22,961 WARNING pdfminer.pdfpage CropBox missing from /Page, defaulting to MediaBox
2026-03-28 09:17:22,975 WARNING pdfminer.pdfpage CropBox missing from /Page, defaulting to MediaBox
2026-03-28 09:17:22,990 WARNING pdfminer.pdfpage CropBox missing from /Page, defaulting to MediaBox
2026-03-28 09:17:23,004 WARNING pdfminer.pdfpage CropBox missing from /Page, defaulting to MediaBox
2026-03-28 09:17:23,019 WARNING pdfminer.pdfpage CropBox missing from /Page, defaulting to MediaBox
2026-03-28 09:17:23,034 WARNING pdfminer.pdfpage CropBox missing from /Page, defaulting to MediaBox
2026-03-28 09:17:23,053 WARNING pdfminer.pdfpage CropBox missing from /Page, defaulting to MediaBox
2026-03-28 09:17:23,070 WARNING pdfminer.pdfpage CropBox missing from /Page, defaulting to MediaBox
2026-03-28 09:17:23,086 WARNING pdfminer.pdfpage CropBox missing from /Page, defaulting to MediaBox
2026-03-28 09:17:23,102 WARNING pdfminer.pdfpage CropBox missing from /Page, defaulting to MediaBox
2026-03-28 09:17:23,119 WARNING pdfminer.pdfpage CropBox missing from /Page, defaulting to MediaBox
2026-03-28 09:17:23,134 WARNING pdfminer.pdfpage CropBox missing from /Page, defaulting to MediaBox
2026-03-28 09:17:23,151 WARNING pdfminer.pdfpage CropBox missing from /Page, defaulting to MediaBox
2026-03-28 09:17:23,167 WARNING pdfminer.pdfpage CropBox missing from /Page, defaulting to MediaBox
2026-03-28 09:17:23,186 WARNING pdfminer.pdfpage CropBox missing from /Page, defaulting to MediaBox
2026-03-28 09:17:23,209 WARNING pdfminer.pdfpage CropBox missing from /Page, defaulting to MediaBox
2026-03-28 09:17:23,234 WARNING pdfminer.pdfpage CropBox missing from /Page, defaulting to MediaBox
2026-03-28 09:17:23,257 WARNING pdfminer.pdfpage CropBox missing from /Page, defaulting to MediaBox
2026-03-28 09:17:23,281 WARNING pdfminer.pdfpage CropBox missing from /Page, defaulting to MediaBox
2026-03-28 09:17:23,300 WARNING pdfminer.pdfpage CropBox missing from /Page, defaulting to MediaBox
2026-03-28 09:17:23,323 WARNING pdfminer.pdfpage CropBox missing from /Page, defaulting to MediaBox
2026-03-28 09:17:23,344 WARNING pdfminer.pdfpage CropBox missing from /Page, defaulting to MediaBox
2026-03-28 09:17:23,363 WARNING pdfminer.pdfpage CropBox missing from /Page, defaulting to MediaBox
2026-03-28 09:17:23,384 WARNING pdfminer.pdfpage CropBox missing from /Page, defaulting to MediaBox
2026-03-28 09:17:23,407 WARNING pdfminer.pdfpage CropBox missing from /Page, defaulting to MediaBox
2026-03-28 09:17:23,432 WARNING pdfminer.pdfpage CropBox missing from /Page, defaulting to MediaBox
2026-03-28 09:17:23,454 WARNING pdfminer.pdfpage CropBox missing from /Page, defaulting to MediaBox
2026-03-28 09:17:23,475 WARNING pdfminer.pdfpage CropBox missing from /Page, defaulting to MediaBox
2026-03-28 09:17:23,499 WARNING pdfminer.pdfpage CropBox missing from /Page, defaulting to MediaBox
2026-03-28 09:17:23,518 WARNING pdfminer.pdfpage CropBox missing from /Page, defaulting to MediaBox
2026-03-28 09:17:23,540 WARNING pdfminer.pdfpage CropBox missing from /Page, defaulting to MediaBox
2026-03-28 09:17:23,559 WARNING pdfminer.pdfpage CropBox missing from /Page, defaulting to MediaBox
2026-03-28 09:17:23,579 WARNING pdfminer.pdfpage CropBox missing from /Page, defaulting to MediaBox
2026-03-28 09:17:23,598 WARNING pdfminer.pdfpage CropBox missing from /Page, defaulting to MediaBox
2026-03-28 09:17:23,617 WARNING pdfminer.pdfpage CropBox missing from /Page, defaulting to MediaBox
2026-03-28 09:17:23,636 WARNING pdfminer.pdfpage CropBox missing from /Page, defaulting to MediaBox
2026-03-28 09:17:23,653 WARNING pdfminer.pdfpage CropBox missing from /Page, defaulting to MediaBox
2026-03-28 09:17:23,668 WARNING pdfminer.pdfpage CropBox missing from /Page, defaulting to MediaBox
2026-03-28 09:17:23,692 WARNING pdfminer.pdfpage CropBox missing from /Page, defaulting to MediaBox
2026-03-28 09:17:23,713 WARNING pdfminer.pdfpage CropBox missing from /Page, defaulting to MediaBox
2026-03-28 09:17:23,735 WARNING pdfminer.pdfpage CropBox missing from /Page, defaulting to MediaBox
2026-03-28 09:17:23,750 WARNING pdfminer.pdfpage CropBox missing from /Page, defaulting to MediaBox
2026-03-28 09:17:23,770 WARNING pdfminer.pdfpage CropBox missing from /Page, defaulting to MediaBox
2026-03-28 09:17:23,783 WARNING pdfminer.pdfpage CropBox missing from /Page, defaulting to MediaBox
2026-03-28 09:17:23,792 WARNING pdfminer.pdfpage CropBox missing from /Page, defaulting to MediaBox
2026-03-28 09:17:23,808 WARNING pdfminer.pdfpage CropBox missing from /Page, defaulting to MediaBox
2026-03-28 09:17:23,819 INFO root SUCCESS 22-451 [41/75] → data\22-451\json\20230724_amici_State_West_Virginia_Other_0b3639.json
2026-03-28 09:17:25,923 WARNING pdfminer.pdfpage CropBox missing from /Page, defaulting to MediaBox
2026-03-28 09:17:25,931 WARNING pdfminer.pdfpage CropBox missing from /Page, defaulting to MediaBox
2026-03-28 09:17:25,934 WARNING pdfminer.pdfpage CropBox missing from /Page, defaulting to MediaBox
2026-03-28 09:17:25,943 WARNING pdfminer.pdfpage CropBox missing from /Page, defaulting to MediaBox
2026-03-28 09:17:25,949 WARNING pdfminer.pdfpage CropBox missing from /Page, defaulting to MediaBox
2026-03-28 09:17:25,955 WARNING pdfminer.pdfpage CropBox missing from /Page, defaulting to MediaBox
2026-03-28 09:17:25,961 WARNING pdfminer.pdfpage CropBox missing from /Page, defaulting to MediaBox
2026-03-28 09:17:25,968 WARNING pdfminer.pdfpage CropBox missing from /Page, defaulting to MediaBox
2026-03-28 09:17:25,974 WARNING pdfminer.pdfpage CropBox missing from /Page, defaulting to MediaBox
2026-03-28 09:17:25,980 WARNING pdfminer.pdfpage CropBox missing from /Page, defaulting to MediaBox
2026-03-28 09:17:25,987 WARNING pdfminer.pdfpage CropBox missing from /Page, defaulting to MediaBox
2026-03-28 09:17:25,993 WARNING pdfminer.pdfpage CropBox missing from /Page, defaulting to MediaBox
2026-03-28 09:17:26,002 WARNING pdfminer.pdfpage CropBox missing from /Page, defaulting to MediaBox
2026-03-28 09:17:26,012 WARNING pdfminer.pdfpage CropBox missing from /Page, defaulting to MediaBox
2026-03-28 09:17:26,020 WARNING pdfminer.pdfpage CropBox missing from /Page, defaulting to MediaBox
2026-03-28 09:17:26,031 WARNING pdfminer.pdfpage CropBox missing from /Page, defaulting to MediaBox
2026-03-28 09:17:26,040 WARNING pdfminer.pdfpage CropBox missing from /Page, defaulting to MediaBox
2026-03-28 09:17:26,050 WARNING pdfminer.pdfpage CropBox missing from /Page, defaulting to MediaBox
2026-03-28 09:17:26,060 WARNING pdfminer.pdfpage CropBox missing from /Page, defaulting to MediaBox
2026-03-28 09:17:26,070 WARNING pdfminer.pdfpage CropBox missing from /Page, defaulting to MediaBox
2026-03-28 09:17:26,080 WARNING pdfminer.pdfpage CropBox missing from /Page, defaulting to MediaBox
2026-03-28 09:17:26,090 WARNING pdfminer.pdfpage CropBox missing from /Page, defaulting to MediaBox
2026-03-28 09:17:26,100 WARNING pdfminer.pdfpage CropBox missing from /Page, defaulting to MediaBox
2026-03-28 09:17:26,109 WARNING pdfminer.pdfpage CropBox missing from /Page, defaulting to MediaBox
2026-03-28 09:17:26,118 WARNING pdfminer.pdfpage CropBox missing from /Page, defaulting to MediaBox
2026-03-28 09:17:26,127 WARNING pdfminer.pdfpage CropBox missing from /Page, defaulting to MediaBox
2026-03-28 09:17:26,135 WARNING pdfminer.pdfpage CropBox missing from /Page, defaulting to MediaBox
2026-03-28 09:17:26,145 WARNING pdfminer.pdfpage CropBox missing from /Page, defaulting to MediaBox
2026-03-28 09:17:26,155 WARNING pdfminer.pdfpage CropBox missing from /Page, defaulting to MediaBox
2026-03-28 09:17:26,164 WARNING pdfminer.pdfpage CropBox missing from /Page, defaulting to MediaBox
2026-03-28 09:17:26,173 WARNING pdfminer.pdfpage CropBox missing from /Page, defaulting to MediaBox
2026-03-28 09:17:26,182 WARNING pdfminer.pdfpage CropBox missing from /Page, defaulting to MediaBox
2026-03-28 09:17:26,191 WARNING pdfminer.pdfpage CropBox missing from /Page, defaulting to MediaBox
2026-03-28 09:17:26,200 WARNING pdfminer.pdfpage CropBox missing from /Page, defaulting to MediaBox
2026-03-28 09:17:26,210 WARNING pdfminer.pdfpage CropBox missing from /Page, defaulting to MediaBox
2026-03-28 09:17:26,219 WARNING pdfminer.pdfpage CropBox missing from /Page, defaulting to MediaBox
2026-03-28 09:17:26,229 WARNING pdfminer.pdfpage CropBox missing from /Page, defaulting to MediaBox
2026-03-28 09:17:26,239 WARNING pdfminer.pdfpage CropBox missing from /Page, defaulting to MediaBox
2026-03-28 09:17:26,249 WARNING pdfminer.pdfpage CropBox missing from /Page, defaulting to MediaBox
2026-03-28 09:17:26,258 WARNING pdfminer.pdfpage CropBox missing from /Page, defaulting to MediaBox
2026-03-28 09:17:26,268 WARNING pdfminer.pdfpage CropBox missing from /Page, defaulting to MediaBox
2026-03-28 09:17:26,277 WARNING pdfminer.pdfpage CropBox missing from /Page, defaulting to MediaBox
2026-03-28 09:17:26,284 INFO root SUCCESS 22-451 [42/75] → data\22-451\json\20230724_amicus_Professor_Aditya_Bamzai_6949d4.json
2026-03-28 09:17:28,522 WARNING pdfminer.pdfpage CropBox missing from /Page, defaulting to MediaBox
2026-03-28 09:17:28,542 WARNING pdfminer.pdfpage CropBox missing from /Page, defaulting to MediaBox
2026-03-28 09:17:28,552 WARNING pdfminer.pdfpage CropBox missing from /Page, defaulting to MediaBox
2026-03-28 09:17:28,569 WARNING pdfminer.pdfpage CropBox missing from /Page, defaulting to MediaBox
2026-03-28 09:17:28,588 WARNING pdfminer.pdfpage CropBox missing from /Page, defaulting to MediaBox
2026-03-28 09:17:28,609 WARNING pdfminer.pdfpage CropBox missing from /Page, defaulting to MediaBox
2026-03-28 09:17:28,630 WARNING pdfminer.pdfpage CropBox missing from /Page, defaulting to MediaBox
2026-03-28 09:17:28,650 WARNING pdfminer.pdfpage CropBox missing from /Page, defaulting to MediaBox
2026-03-28 09:17:28,667 WARNING pdfminer.pdfpage CropBox missing from /Page, defaulting to MediaBox
2026-03-28 09:17:28,685 WARNING pdfminer.pdfpage CropBox missing from /Page, defaulting to MediaBox
2026-03-28 09:17:28,701 WARNING pdfminer.pdfpage CropBox missing from /Page, defaulting to MediaBox
2026-03-28 09:17:28,717 WARNING pdfminer.pdfpage CropBox missing from /Page, defaulting to MediaBox
2026-03-28 09:17:28,736 WARNING pdfminer.pdfpage CropBox missing from /Page, defaulting to MediaBox
2026-03-28 09:17:28,754 WARNING pdfminer.pdfpage CropBox missing from /Page, defaulting to MediaBox
2026-03-28 09:17:28,775 WARNING pdfminer.pdfpage CropBox missing from /Page, defaulting to MediaBox
2026-03-28 09:17:28,795 WARNING pdfminer.pdfpage CropBox missing from /Page, defaulting to MediaBox
2026-03-28 09:17:28,809 WARNING pdfminer.pdfpage CropBox missing from /Page, defaulting to MediaBox
2026-03-28 09:17:28,827 WARNING pdfminer.pdfpage CropBox missing from /Page, defaulting to MediaBox
2026-03-28 09:17:28,849 WARNING pdfminer.pdfpage CropBox missing from /Page, defaulting to MediaBox
2026-03-28 09:17:28,870 WARNING pdfminer.pdfpage CropBox missing from /Page, defaulting to MediaBox
2026-03-28 09:17:28,889 WARNING pdfminer.pdfpage CropBox missing from /Page, defaulting to MediaBox
2026-03-28 09:17:28,910 WARNING pdfminer.pdfpage CropBox missing from /Page, defaulting to MediaBox
2026-03-28 09:17:28,927 WARNING pdfminer.pdfpage CropBox missing from /Page, defaulting to MediaBox
2026-03-28 09:17:28,949 WARNING pdfminer.pdfpage CropBox missing from /Page, defaulting to MediaBox
2026-03-28 09:17:28,966 WARNING pdfminer.pdfpage CropBox missing from /Page, defaulting to MediaBox
2026-03-28 09:17:28,983 WARNING pdfminer.pdfpage CropBox missing from /Page, defaulting to MediaBox
2026-03-28 09:17:29,001 WARNING pdfminer.pdfpage CropBox missing from /Page, defaulting to MediaBox
2026-03-28 09:17:29,021 WARNING pdfminer.pdfpage CropBox missing from /Page, defaulting to MediaBox
2026-03-28 09:17:29,042 WARNING pdfminer.pdfpage CropBox missing from /Page, defaulting to MediaBox
2026-03-28 09:17:29,060 WARNING pdfminer.pdfpage CropBox missing from /Page, defaulting to MediaBox
2026-03-28 09:17:29,082 WARNING pdfminer.pdfpage CropBox missing from /Page, defaulting to MediaBox
2026-03-28 09:17:29,103 WARNING pdfminer.pdfpage CropBox missing from /Page, defaulting to MediaBox
2026-03-28 09:17:29,119 WARNING pdfminer.pdfpage CropBox missing from /Page, defaulting to MediaBox
2026-03-28 09:17:29,141 WARNING pdfminer.pdfpage CropBox missing from /Page, defaulting to MediaBox
2026-03-28 09:17:29,160 WARNING pdfminer.pdfpage CropBox missing from /Page, defaulting to MediaBox
2026-03-28 09:17:29,181 WARNING pdfminer.pdfpage CropBox missing from /Page, defaulting to MediaBox
2026-03-28 09:17:29,203 WARNING pdfminer.pdfpage CropBox missing from /Page, defaulting to MediaBox
2026-03-28 09:17:29,224 WARNING pdfminer.pdfpage CropBox missing from /Page, defaulting to MediaBox
2026-03-28 09:17:29,245 WARNING pdfminer.pdfpage CropBox missing from /Page, defaulting to MediaBox
2026-03-28 09:17:29,266 WARNING pdfminer.pdfpage CropBox missing from /Page, defaulting to MediaBox
2026-03-28 09:17:29,284 WARNING pdfminer.pdfpage CropBox missing from /Page, defaulting to MediaBox
2026-03-28 09:17:29,303 WARNING pdfminer.pdfpage CropBox missing from /Page, defaulting to MediaBox
2026-03-28 09:17:29,325 WARNING pdfminer.pdfpage CropBox missing from /Page, defaulting to MediaBox
2026-03-28 09:17:29,344 WARNING pdfminer.pdfpage CropBox missing from /Page, defaulting to MediaBox
2026-03-28 09:17:29,363 WARNING pdfminer.pdfpage CropBox missing from /Page, defaulting to MediaBox
2026-03-28 09:17:29,380 WARNING pdfminer.pdfpage CropBox missing from /Page, defaulting to MediaBox
2026-03-28 09:17:29,396 WARNING pdfminer.pdfpage CropBox missing from /Page, defaulting to MediaBox
2026-03-28 09:17:29,421 WARNING pdfminer.pdfpage CropBox missing from /Page, defaulting to MediaBox
2026-03-28 09:17:29,437 INFO root SUCCESS 22-451 [43/75] → data\22-451\json\20230724_amici_Electronic_Nicotine_Delivery_System_Industry_4c1cd8.json
2026-03-28 09:17:32,444 INFO root SUCCESS 22-451 [44/75] → data\22-451\json\20230724_amici_FPC_Action_Foundation_Firearms_Policy_618b5a.json
2026-03-28 09:17:34,651 INFO root SUCCESS 22-451 [45/75] → data\22-451\json\20230724_amici_Professors_Kent_Barnett_Christopher_Walker_e8a228.json
2026-03-28 09:17:36,841 WARNING pdfminer.pdfpage CropBox missing from /Page, defaulting to MediaBox
2026-03-28 09:17:36,865 WARNING pdfminer.pdfpage CropBox missing from /Page, defaulting to MediaBox
2026-03-28 09:17:36,870 WARNING pdfminer.pdfpage CropBox missing from /Page, defaulting to MediaBox
2026-03-28 09:17:36,883 WARNING pdfminer.pdfpage CropBox missing from /Page, defaulting to MediaBox
2026-03-28 09:17:36,899 WARNING pdfminer.pdfpage CropBox missing from /Page, defaulting to MediaBox
2026-03-28 09:17:36,916 WARNING pdfminer.pdfpage CropBox missing from /Page, defaulting to MediaBox
2026-03-28 09:17:36,932 WARNING pdfminer.pdfpage CropBox missing from /Page, defaulting to MediaBox
2026-03-28 09:17:36,948 WARNING pdfminer.pdfpage CropBox missing from /Page, defaulting to MediaBox
2026-03-28 09:17:36,960 WARNING pdfminer.pdfpage CropBox missing from /Page, defaulting to MediaBox
2026-03-28 09:17:36,975 WARNING pdfminer.pdfpage CropBox missing from /Page, defaulting to MediaBox
2026-03-28 09:17:36,988 WARNING pdfminer.pdfpage CropBox missing from /Page, defaulting to MediaBox
2026-03-28 09:17:36,995 WARNING pdfminer.pdfpage CropBox missing from /Page, defaulting to MediaBox
2026-03-28 09:17:37,012 WARNING pdfminer.pdfpage CropBox missing from /Page, defaulting to MediaBox
2026-03-28 09:17:37,033 WARNING pdfminer.pdfpage CropBox missing from /Page, defaulting to MediaBox
2026-03-28 09:17:37,050 WARNING pdfminer.pdfpage CropBox missing from /Page, defaulting to MediaBox
2026-03-28 09:17:37,071 WARNING pdfminer.pdfpage CropBox missing from /Page, defaulting to MediaBox
2026-03-28 09:17:37,089 WARNING pdfminer.pdfpage CropBox missing from /Page, defaulting to MediaBox
2026-03-28 09:17:37,110 WARNING pdfminer.pdfpage CropBox missing from /Page, defaulting to MediaBox
2026-03-28 09:17:37,129 WARNING pdfminer.pdfpage CropBox missing from /Page, defaulting to MediaBox
2026-03-28 09:17:37,148 WARNING pdfminer.pdfpage CropBox missing from /Page, defaulting to MediaBox
2026-03-28 09:17:37,165 WARNING pdfminer.pdfpage CropBox missing from /Page, defaulting to MediaBox
2026-03-28 09:17:37,185 WARNING pdfminer.pdfpage CropBox missing from /Page, defaulting to MediaBox
2026-03-28 09:17:37,205 WARNING pdfminer.pdfpage CropBox missing from /Page, defaulting to MediaBox
2026-03-28 09:17:37,222 WARNING pdfminer.pdfpage CropBox missing from /Page, defaulting to MediaBox
2026-03-28 09:17:37,246 WARNING pdfminer.pdfpage CropBox missing from /Page, defaulting to MediaBox
2026-03-28 09:17:37,266 WARNING pdfminer.pdfpage CropBox missing from /Page, defaulting to MediaBox
2026-03-28 09:17:37,284 WARNING pdfminer.pdfpage CropBox missing from /Page, defaulting to MediaBox
2026-03-28 09:17:37,303 WARNING pdfminer.pdfpage CropBox missing from /Page, defaulting to MediaBox
2026-03-28 09:17:37,319 WARNING pdfminer.pdfpage CropBox missing from /Page, defaulting to MediaBox
2026-03-28 09:17:37,337 WARNING pdfminer.pdfpage CropBox missing from /Page, defaulting to MediaBox
2026-03-28 09:17:37,354 WARNING pdfminer.pdfpage CropBox missing from /Page, defaulting to MediaBox
2026-03-28 09:17:37,373 WARNING pdfminer.pdfpage CropBox missing from /Page, defaulting to MediaBox
2026-03-28 09:17:37,393 WARNING pdfminer.pdfpage CropBox missing from /Page, defaulting to MediaBox
2026-03-28 09:17:37,413 WARNING pdfminer.pdfpage CropBox missing from /Page, defaulting to MediaBox
2026-03-28 09:17:37,432 WARNING pdfminer.pdfpage CropBox missing from /Page, defaulting to MediaBox
2026-03-28 09:17:37,454 WARNING pdfminer.pdfpage CropBox missing from /Page, defaulting to MediaBox
2026-03-28 09:17:37,476 WARNING pdfminer.pdfpage CropBox missing from /Page, defaulting to MediaBox
2026-03-28 09:17:37,494 WARNING pdfminer.pdfpage CropBox missing from /Page, defaulting to MediaBox
2026-03-28 09:17:37,509 INFO root SUCCESS 22-451 [46/75] → data\22-451\json\20230724_amicus_Third_Party_Payment_Processors_Association_59c229.json
2026-03-28 09:17:39,766 INFO root SUCCESS 22-451 [47/75] → data\22-451\json\20230724_amicus_Strive_Asset_Management_ebd41f.json
2026-03-28 09:17:42,121 INFO root SUCCESS 22-451 [48/75] → data\22-451\json\20230724_amicus_Advance_Colorado_Institute_f8679b.json
2026-03-28 09:17:44,733 INFO root SUCCESS 22-451 [49/75] → data\22-451\json\20230724_amicus_New_Civil_Liberties_Alliance_2372d9.json
2026-03-28 09:17:47,494 INFO root SUCCESS 22-451 [50/75] → data\22-451\json\20230724_amicus_Governor_Brian_Kemp_3b6195.json
2026-03-28 09:17:49,296 WARNING pdfminer.pdfpage CropBox missing from /Page, defaulting to MediaBox
2026-03-28 09:17:49,304 WARNING pdfminer.pdfpage CropBox missing from /Page, defaulting to MediaBox
2026-03-28 09:17:49,306 WARNING pdfminer.pdfpage CropBox missing from /Page, defaulting to MediaBox
2026-03-28 09:17:49,316 WARNING pdfminer.pdfpage CropBox missing from /Page, defaulting to MediaBox
2026-03-28 09:17:49,326 WARNING pdfminer.pdfpage CropBox missing from /Page, defaulting to MediaBox
2026-03-28 09:17:49,337 WARNING pdfminer.pdfpage CropBox missing from /Page, defaulting to MediaBox
2026-03-28 09:17:49,348 WARNING pdfminer.pdfpage CropBox missing from /Page, defaulting to MediaBox
2026-03-28 09:17:49,359 WARNING pdfminer.pdfpage CropBox missing from /Page, defaulting to MediaBox
2026-03-28 09:17:49,369 WARNING pdfminer.pdfpage CropBox missing from /Page, defaulting to MediaBox
2026-03-28 09:17:49,378 WARNING pdfminer.pdfpage CropBox missing from /Page, defaulting to MediaBox
2026-03-28 09:17:49,385 WARNING pdfminer.pdfpage CropBox missing from /Page, defaulting to MediaBox
2026-03-28 09:17:49,398 WARNING pdfminer.pdfpage CropBox missing from /Page, defaulting to MediaBox
2026-03-28 09:17:49,412 WARNING pdfminer.pdfpage CropBox missing from /Page, defaulting to MediaBox
2026-03-28 09:17:49,426 WARNING pdfminer.pdfpage CropBox missing from /Page, defaulting to MediaBox
2026-03-28 09:17:49,441 WARNING pdfminer.pdfpage CropBox missing from /Page, defaulting to MediaBox
2026-03-28 09:17:49,455 WARNING pdfminer.pdfpage CropBox missing from /Page, defaulting to MediaBox
2026-03-28 09:17:49,468 WARNING pdfminer.pdfpage CropBox missing from /Page, defaulting to MediaBox
2026-03-28 09:17:49,482 WARNING pdfminer.pdfpage CropBox missing from /Page, defaulting to MediaBox
2026-03-28 09:17:49,493 WARNING pdfminer.pdfpage CropBox missing from /Page, defaulting to MediaBox
2026-03-28 09:17:49,506 WARNING pdfminer.pdfpage CropBox missing from /Page, defaulting to MediaBox
2026-03-28 09:17:49,519 WARNING pdfminer.pdfpage CropBox missing from /Page, defaulting to MediaBox
2026-03-28 09:17:49,531 WARNING pdfminer.pdfpage CropBox missing from /Page, defaulting to MediaBox
2026-03-28 09:17:49,544 WARNING pdfminer.pdfpage CropBox missing from /Page, defaulting to MediaBox
2026-03-28 09:17:49,558 WARNING pdfminer.pdfpage CropBox missing from /Page, defaulting to MediaBox
2026-03-28 09:17:49,573 WARNING pdfminer.pdfpage CropBox missing from /Page, defaulting to MediaBox
2026-03-28 09:17:49,586 WARNING pdfminer.pdfpage CropBox missing from /Page, defaulting to MediaBox
2026-03-28 09:17:49,599 WARNING pdfminer.pdfpage CropBox missing from /Page, defaulting to MediaBox
2026-03-28 09:17:49,611 WARNING pdfminer.pdfpage CropBox missing from /Page, defaulting to MediaBox
2026-03-28 09:17:49,623 WARNING pdfminer.pdfpage CropBox missing from /Page, defaulting to MediaBox
2026-03-28 09:17:49,636 WARNING pdfminer.pdfpage CropBox missing from /Page, defaulting to MediaBox
2026-03-28 09:17:49,649 WARNING pdfminer.pdfpage CropBox missing from /Page, defaulting to MediaBox
2026-03-28 09:17:49,661 WARNING pdfminer.pdfpage CropBox missing from /Page, defaulting to MediaBox
2026-03-28 09:17:49,674 WARNING pdfminer.pdfpage CropBox missing from /Page, defaulting to MediaBox
2026-03-28 09:17:49,691 WARNING pdfminer.pdfpage CropBox missing from /Page, defaulting to MediaBox
2026-03-28 09:17:49,704 WARNING pdfminer.pdfpage CropBox missing from /Page, defaulting to MediaBox
2026-03-28 09:17:49,717 WARNING pdfminer.pdfpage CropBox missing from /Page, defaulting to MediaBox
2026-03-28 09:17:49,726 WARNING pdfminer.pdfpage CropBox missing from /Page, defaulting to MediaBox
2026-03-28 09:17:49,734 INFO root SUCCESS 22-451 [51/75] → data\22-451\json\20230724_amici_Eight_National_Business_Organizations_546d4e.json
2026-03-28 09:17:51,939 WARNING pdfminer.pdfpage CropBox missing from /Page, defaulting to MediaBox
2026-03-28 09:17:51,947 WARNING pdfminer.pdfpage CropBox missing from /Page, defaulting to MediaBox
2026-03-28 09:17:51,956 WARNING pdfminer.pdfpage CropBox missing from /Page, defaulting to MediaBox
2026-03-28 09:17:51,958 WARNING pdfminer.pdfpage CropBox missing from /Page, defaulting to MediaBox
2026-03-28 09:17:51,966 WARNING pdfminer.pdfpage CropBox missing from /Page, defaulting to MediaBox
2026-03-28 09:17:51,973 WARNING pdfminer.pdfpage CropBox missing from /Page, defaulting to MediaBox
2026-03-28 09:17:51,980 WARNING pdfminer.pdfpage CropBox missing from /Page, defaulting to MediaBox
2026-03-28 09:17:51,988 WARNING pdfminer.pdfpage CropBox missing from /Page, defaulting to MediaBox
2026-03-28 09:17:51,994 WARNING pdfminer.pdfpage CropBox missing from /Page, defaulting to MediaBox
2026-03-28 09:17:52,000 WARNING pdfminer.pdfpage CropBox missing from /Page, defaulting to MediaBox
2026-03-28 09:17:52,005 WARNING pdfminer.pdfpage CropBox missing from /Page, defaulting to MediaBox
2026-03-28 09:17:52,013 WARNING pdfminer.pdfpage CropBox missing from /Page, defaulting to MediaBox
2026-03-28 09:17:52,023 WARNING pdfminer.pdfpage CropBox missing from /Page, defaulting to MediaBox
2026-03-28 09:17:52,031 WARNING pdfminer.pdfpage CropBox missing from /Page, defaulting to MediaBox
2026-03-28 09:17:52,040 WARNING pdfminer.pdfpage CropBox missing from /Page, defaulting to MediaBox
2026-03-28 09:17:52,049 WARNING pdfminer.pdfpage CropBox missing from /Page, defaulting to MediaBox
2026-03-28 09:17:52,057 WARNING pdfminer.pdfpage CropBox missing from /Page, defaulting to MediaBox
2026-03-28 09:17:52,065 WARNING pdfminer.pdfpage CropBox missing from /Page, defaulting to MediaBox
2026-03-28 09:17:52,073 WARNING pdfminer.pdfpage CropBox missing from /Page, defaulting to MediaBox
2026-03-28 09:17:52,081 WARNING pdfminer.pdfpage CropBox missing from /Page, defaulting to MediaBox
2026-03-28 09:17:52,090 WARNING pdfminer.pdfpage CropBox missing from /Page, defaulting to MediaBox
2026-03-28 09:17:52,099 WARNING pdfminer.pdfpage CropBox missing from /Page, defaulting to MediaBox
2026-03-28 09:17:52,107 WARNING pdfminer.pdfpage CropBox missing from /Page, defaulting to MediaBox
2026-03-28 09:17:52,115 WARNING pdfminer.pdfpage CropBox missing from /Page, defaulting to MediaBox
2026-03-28 09:17:52,123 WARNING pdfminer.pdfpage CropBox missing from /Page, defaulting to MediaBox
2026-03-28 09:17:52,131 WARNING pdfminer.pdfpage CropBox missing from /Page, defaulting to MediaBox
2026-03-28 09:17:52,138 WARNING pdfminer.pdfpage CropBox missing from /Page, defaulting to MediaBox
2026-03-28 09:17:52,147 WARNING pdfminer.pdfpage CropBox missing from /Page, defaulting to MediaBox
2026-03-28 09:17:52,155 WARNING pdfminer.pdfpage CropBox missing from /Page, defaulting to MediaBox
2026-03-28 09:17:52,164 WARNING pdfminer.pdfpage CropBox missing from /Page, defaulting to MediaBox
2026-03-28 09:17:52,171 WARNING pdfminer.pdfpage CropBox missing from /Page, defaulting to MediaBox
2026-03-28 09:17:52,183 WARNING pdfminer.pdfpage CropBox missing from /Page, defaulting to MediaBox
2026-03-28 09:17:52,192 WARNING pdfminer.pdfpage CropBox missing from /Page, defaulting to MediaBox
2026-03-28 09:17:52,202 WARNING pdfminer.pdfpage CropBox missing from /Page, defaulting to MediaBox
2026-03-28 09:17:52,213 WARNING pdfminer.pdfpage CropBox missing from /Page, defaulting to MediaBox
2026-03-28 09:17:52,221 WARNING pdfminer.pdfpage CropBox missing from /Page, defaulting to MediaBox
2026-03-28 09:17:52,228 WARNING pdfminer.pdfpage CropBox missing from /Page, defaulting to MediaBox
2026-03-28 09:17:52,236 WARNING pdfminer.pdfpage CropBox missing from /Page, defaulting to MediaBox
2026-03-28 09:17:52,245 WARNING pdfminer.pdfpage CropBox missing from /Page, defaulting to MediaBox
2026-03-28 09:17:52,253 WARNING pdfminer.pdfpage CropBox missing from /Page, defaulting to MediaBox
2026-03-28 09:17:52,259 WARNING pdfminer.pdfpage CropBox missing from /Page, defaulting to MediaBox
2026-03-28 09:17:52,265 WARNING pdfminer.pdfpage CropBox missing from /Page, defaulting to MediaBox
2026-03-28 09:17:52,271 WARNING pdfminer.pdfpage CropBox missing from /Page, defaulting to MediaBox
2026-03-28 09:17:52,275 INFO root SUCCESS 22-451 [52/75] → data\22-451\json\20230724_amicus_American_Cornerstone_Institute_acbf59.json
2026-03-28 09:17:54,473 INFO root SUCCESS 22-451 [53/75] → data\22-451\json\20230724_amici_Southeastern_Legal_Foundation_bd23b4.json
2026-03-28 09:17:56,729 INFO root SUCCESS 22-451 [54/75] → data\22-451\json\20230724_amicus_Ohio_Chamber_Commerce_c5bb2e.json
2026-03-28 09:17:59,680 INFO root SUCCESS 22-451 [55/75] → data\22-451\json\20230724_amicus_American_Free_Enterprise_Chamber_Commerce_4b0981.json
2026-03-28 09:18:02,206 INFO root SUCCESS 22-451 [56/75] → data\22-451\json\20230724_amicus_National_Sports_Shooting_Foundation_Inc_9169d4.json
2026-03-28 09:18:04,471 INFO root SUCCESS 22-451 [57/75] → data\22-451\json\20230724_amici_Advancing_American_Freedom_6bfed5.json
2026-03-28 09:18:07,101 INFO root SUCCESS 22-451 [58/75] → data\22-451\json\20230724_amici_Buckeye_Institute_National_Federation_Independent_d4406e.json
2026-03-28 09:18:09,320 INFO root SUCCESS 22-451 [59/75] → data\22-451\json\20230724_amici_Independent_Women's_Law_Center_Washington_a07552.json
2026-03-28 09:18:11,234 WARNING pdfminer.pdfpage CropBox missing from /Page, defaulting to MediaBox
2026-03-28 09:18:11,243 WARNING pdfminer.pdfpage CropBox missing from /Page, defaulting to MediaBox
2026-03-28 09:18:11,252 WARNING pdfminer.pdfpage CropBox missing from /Page, defaulting to MediaBox
2026-03-28 09:18:11,254 WARNING pdfminer.pdfpage CropBox missing from /Page, defaulting to MediaBox
2026-03-28 09:18:11,260 WARNING pdfminer.pdfpage CropBox missing from /Page, defaulting to MediaBox
2026-03-28 09:18:11,267 WARNING pdfminer.pdfpage CropBox missing from /Page, defaulting to MediaBox
2026-03-28 09:18:11,274 WARNING pdfminer.pdfpage CropBox missing from /Page, defaulting to MediaBox
2026-03-28 09:18:11,278 WARNING pdfminer.pdfpage CropBox missing from /Page, defaulting to MediaBox
2026-03-28 09:18:11,284 WARNING pdfminer.pdfpage CropBox missing from /Page, defaulting to MediaBox
2026-03-28 09:18:11,290 WARNING pdfminer.pdfpage CropBox missing from /Page, defaulting to MediaBox
2026-03-28 09:18:11,296 WARNING pdfminer.pdfpage CropBox missing from /Page, defaulting to MediaBox
2026-03-28 09:18:11,302 WARNING pdfminer.pdfpage CropBox missing from /Page, defaulting to MediaBox
2026-03-28 09:18:11,307 WARNING pdfminer.pdfpage CropBox missing from /Page, defaulting to MediaBox
2026-03-28 09:18:11,314 WARNING pdfminer.pdfpage CropBox missing from /Page, defaulting to MediaBox
2026-03-28 09:18:11,321 WARNING pdfminer.pdfpage CropBox missing from /Page, defaulting to MediaBox
2026-03-28 09:18:11,327 WARNING pdfminer.pdfpage CropBox missing from /Page, defaulting to MediaBox
2026-03-28 09:18:11,333 WARNING pdfminer.pdfpage CropBox missing from /Page, defaulting to MediaBox
2026-03-28 09:18:11,339 WARNING pdfminer.pdfpage CropBox missing from /Page, defaulting to MediaBox
2026-03-28 09:18:11,346 WARNING pdfminer.pdfpage CropBox missing from /Page, defaulting to MediaBox
2026-03-28 09:18:11,352 WARNING pdfminer.pdfpage CropBox missing from /Page, defaulting to MediaBox
2026-03-28 09:18:11,358 WARNING pdfminer.pdfpage CropBox missing from /Page, defaulting to MediaBox
2026-03-28 09:18:11,364 WARNING pdfminer.pdfpage CropBox missing from /Page, defaulting to MediaBox
2026-03-28 09:18:11,372 WARNING pdfminer.pdfpage CropBox missing from /Page, defaulting to MediaBox
2026-03-28 09:18:11,378 WARNING pdfminer.pdfpage CropBox missing from /Page, defaulting to MediaBox
2026-03-28 09:18:11,385 WARNING pdfminer.pdfpage CropBox missing from /Page, defaulting to MediaBox
2026-03-28 09:18:11,391 WARNING pdfminer.pdfpage CropBox missing from /Page, defaulting to MediaBox
2026-03-28 09:18:11,397 WARNING pdfminer.pdfpage CropBox missing from /Page, defaulting to MediaBox
2026-03-28 09:18:11,406 WARNING pdfminer.pdfpage CropBox missing from /Page, defaulting to MediaBox
2026-03-28 09:18:11,412 WARNING pdfminer.pdfpage CropBox missing from /Page, defaulting to MediaBox
2026-03-28 09:18:11,418 WARNING pdfminer.pdfpage CropBox missing from /Page, defaulting to MediaBox
2026-03-28 09:18:11,424 WARNING pdfminer.pdfpage CropBox missing from /Page, defaulting to MediaBox
2026-03-28 09:18:11,430 WARNING pdfminer.pdfpage CropBox missing from /Page, defaulting to MediaBox
2026-03-28 09:18:11,436 WARNING pdfminer.pdfpage CropBox missing from /Page, defaulting to MediaBox
2026-03-28 09:18:11,443 WARNING pdfminer.pdfpage CropBox missing from /Page, defaulting to MediaBox
2026-03-28 09:18:11,450 WARNING pdfminer.pdfpage CropBox missing from /Page, defaulting to MediaBox
2026-03-28 09:18:11,457 WARNING pdfminer.pdfpage CropBox missing from /Page, defaulting to MediaBox
2026-03-28 09:18:11,464 WARNING pdfminer.pdfpage CropBox missing from /Page, defaulting to MediaBox
2026-03-28 09:18:11,469 WARNING pdfminer.pdfpage CropBox missing from /Page, defaulting to MediaBox
2026-03-28 09:18:11,476 INFO root SUCCESS 22-451 [60/75] → data\22-451\json\20230724_amici_Gun_Owners_America_Inc_0bc820.json
2026-03-28 09:18:15,632 INFO root SUCCESS 22-451 [61/75] → data\22-451\json\20230915_respondent_Raimondo_Gina_a3d661.json
2026-03-28 09:18:18,646 INFO root SUCCESS 22-451 [62/75] → data\22-451\json\20230921_amici_U.S_Senators_Sheldon_Whitehouse_fe662f.json
2026-03-28 09:18:21,638 INFO root SUCCESS 22-451 [63/75] → data\22-451\json\20230922_amicus_Environmental_Defense_Fund_92e754.json
2026-03-28 09:18:24,085 INFO root SUCCESS 22-451 [64/75] → data\22-451\json\20230922_amicus_Public_Citizen_bde3d1.json
2026-03-28 09:18:26,546 INFO root SUCCESS 22-451 [65/75] → data\22-451\json\20230922_amici_American_Association_Advancement_Science_5c7c1e.json
2026-03-28 09:18:28,750 WARNING pdfminer.pdfpage CropBox missing from /Page, defaulting to MediaBox
2026-03-28 09:18:28,768 WARNING pdfminer.pdfpage CropBox missing from /Page, defaulting to MediaBox
2026-03-28 09:18:28,786 WARNING pdfminer.pdfpage CropBox missing from /Page, defaulting to MediaBox
2026-03-28 09:18:28,805 WARNING pdfminer.pdfpage CropBox missing from /Page, defaulting to MediaBox
2026-03-28 09:18:28,826 WARNING pdfminer.pdfpage CropBox missing from /Page, defaulting to MediaBox
2026-03-28 09:18:28,845 WARNING pdfminer.pdfpage CropBox missing from /Page, defaulting to MediaBox
2026-03-28 09:18:28,865 WARNING pdfminer.pdfpage CropBox missing from /Page, defaulting to MediaBox
2026-03-28 09:18:28,883 WARNING pdfminer.pdfpage CropBox missing from /Page, defaulting to MediaBox
2026-03-28 09:18:28,903 WARNING pdfminer.pdfpage CropBox missing from /Page, defaulting to MediaBox
2026-03-28 09:18:28,918 WARNING pdfminer.pdfpage CropBox missing from /Page, defaulting to MediaBox
2026-03-28 09:18:28,935 WARNING pdfminer.pdfpage CropBox missing from /Page, defaulting to MediaBox
2026-03-28 09:18:28,955 WARNING pdfminer.pdfpage CropBox missing from /Page, defaulting to MediaBox
2026-03-28 09:18:28,976 WARNING pdfminer.pdfpage CropBox missing from /Page, defaulting to MediaBox
2026-03-28 09:18:28,998 WARNING pdfminer.pdfpage CropBox missing from /Page, defaulting to MediaBox
2026-03-28 09:18:29,016 WARNING pdfminer.pdfpage CropBox missing from /Page, defaulting to MediaBox
2026-03-28 09:18:29,042 WARNING pdfminer.pdfpage CropBox missing from /Page, defaulting to MediaBox
2026-03-28 09:18:29,067 WARNING pdfminer.pdfpage CropBox missing from /Page, defaulting to MediaBox
2026-03-28 09:18:29,089 WARNING pdfminer.pdfpage CropBox missing from /Page, defaulting to MediaBox
2026-03-28 09:18:29,109 WARNING pdfminer.pdfpage CropBox missing from /Page, defaulting to MediaBox
2026-03-28 09:18:29,128 WARNING pdfminer.pdfpage CropBox missing from /Page, defaulting to MediaBox
2026-03-28 09:18:29,147 WARNING pdfminer.pdfpage CropBox missing from /Page, defaulting to MediaBox
2026-03-28 09:18:29,169 WARNING pdfminer.pdfpage CropBox missing from /Page, defaulting to MediaBox
2026-03-28 09:18:29,189 WARNING pdfminer.pdfpage CropBox missing from /Page, defaulting to MediaBox
2026-03-28 09:18:29,210 WARNING pdfminer.pdfpage CropBox missing from /Page, defaulting to MediaBox
2026-03-28 09:18:29,234 WARNING pdfminer.pdfpage CropBox missing from /Page, defaulting to MediaBox
2026-03-28 09:18:29,255 WARNING pdfminer.pdfpage CropBox missing from /Page, defaulting to MediaBox
2026-03-28 09:18:29,271 WARNING pdfminer.pdfpage CropBox missing from /Page, defaulting to MediaBox
2026-03-28 09:18:29,292 WARNING pdfminer.pdfpage CropBox missing from /Page, defaulting to MediaBox
2026-03-28 09:18:29,314 WARNING pdfminer.pdfpage CropBox missing from /Page, defaulting to MediaBox
2026-03-28 09:18:29,332 WARNING pdfminer.pdfpage CropBox missing from /Page, defaulting to MediaBox
2026-03-28 09:18:29,355 WARNING pdfminer.pdfpage CropBox missing from /Page, defaulting to MediaBox
2026-03-28 09:18:29,374 WARNING pdfminer.pdfpage CropBox missing from /Page, defaulting to MediaBox
2026-03-28 09:18:29,394 WARNING pdfminer.pdfpage CropBox missing from /Page, defaulting to MediaBox
2026-03-28 09:18:29,417 WARNING pdfminer.pdfpage CropBox missing from /Page, defaulting to MediaBox
2026-03-28 09:18:29,437 WARNING pdfminer.pdfpage CropBox missing from /Page, defaulting to MediaBox
2026-03-28 09:18:29,454 WARNING pdfminer.pdfpage CropBox missing from /Page, defaulting to MediaBox
2026-03-28 09:18:29,469 INFO root SUCCESS 22-451 [66/75] → data\22-451\json\20230922_amici_Scholars_Administrative_Law_Administrative_Procedure_9b9ab3.json
2026-03-28 09:18:31,933 INFO root SUCCESS 22-451 [67/75] → data\22-451\json\20230922_amicus_Natural_Resources_Defense_Council_d807a8.json
2026-03-28 09:18:33,726 WARNING pdfminer.pdfpage CropBox missing from /Page, defaulting to MediaBox
2026-03-28 09:18:33,745 WARNING pdfminer.pdfpage CropBox missing from /Page, defaulting to MediaBox
2026-03-28 09:18:33,761 WARNING pdfminer.pdfpage CropBox missing from /Page, defaulting to MediaBox
2026-03-28 09:18:33,781 WARNING pdfminer.pdfpage CropBox missing from /Page, defaulting to MediaBox
2026-03-28 09:18:33,801 WARNING pdfminer.pdfpage CropBox missing from /Page, defaulting to MediaBox
2026-03-28 09:18:33,816 WARNING pdfminer.pdfpage CropBox missing from /Page, defaulting to MediaBox
2026-03-28 09:18:33,825 WARNING pdfminer.pdfpage CropBox missing from /Page, defaulting to MediaBox
2026-03-28 09:18:33,838 WARNING pdfminer.pdfpage CropBox missing from /Page, defaulting to MediaBox
2026-03-28 09:18:33,841 WARNING pdfminer.pdfpage CropBox missing from /Page, defaulting to MediaBox
2026-03-28 09:18:33,858 WARNING pdfminer.pdfpage CropBox missing from /Page, defaulting to MediaBox
2026-03-28 09:18:33,876 WARNING pdfminer.pdfpage CropBox missing from /Page, defaulting to MediaBox
2026-03-28 09:18:33,891 WARNING pdfminer.pdfpage CropBox missing from /Page, defaulting to MediaBox
2026-03-28 09:18:33,904 WARNING pdfminer.pdfpage CropBox missing from /Page, defaulting to MediaBox
2026-03-28 09:18:33,921 WARNING pdfminer.pdfpage CropBox missing from /Page, defaulting to MediaBox
2026-03-28 09:18:33,940 WARNING pdfminer.pdfpage CropBox missing from /Page, defaulting to MediaBox
2026-03-28 09:18:33,958 WARNING pdfminer.pdfpage CropBox missing from /Page, defaulting to MediaBox
2026-03-28 09:18:33,979 WARNING pdfminer.pdfpage CropBox missing from /Page, defaulting to MediaBox
2026-03-28 09:18:33,996 WARNING pdfminer.pdfpage CropBox missing from /Page, defaulting to MediaBox
2026-03-28 09:18:34,016 WARNING pdfminer.pdfpage CropBox missing from /Page, defaulting to MediaBox
2026-03-28 09:18:34,036 WARNING pdfminer.pdfpage CropBox missing from /Page, defaulting to MediaBox
2026-03-28 09:18:34,053 WARNING pdfminer.pdfpage CropBox missing from /Page, defaulting to MediaBox
2026-03-28 09:18:34,073 WARNING pdfminer.pdfpage CropBox missing from /Page, defaulting to MediaBox
2026-03-28 09:18:34,092 WARNING pdfminer.pdfpage CropBox missing from /Page, defaulting to MediaBox
2026-03-28 09:18:34,110 WARNING pdfminer.pdfpage CropBox missing from /Page, defaulting to MediaBox
2026-03-28 09:18:34,126 WARNING pdfminer.pdfpage CropBox missing from /Page, defaulting to MediaBox
2026-03-28 09:18:34,143 WARNING pdfminer.pdfpage CropBox missing from /Page, defaulting to MediaBox
2026-03-28 09:18:34,159 WARNING pdfminer.pdfpage CropBox missing from /Page, defaulting to MediaBox
2026-03-28 09:18:34,175 WARNING pdfminer.pdfpage CropBox missing from /Page, defaulting to MediaBox
2026-03-28 09:18:34,193 WARNING pdfminer.pdfpage CropBox missing from /Page, defaulting to MediaBox
2026-03-28 09:18:34,209 WARNING pdfminer.pdfpage CropBox missing from /Page, defaulting to MediaBox
2026-03-28 09:18:34,227 WARNING pdfminer.pdfpage CropBox missing from /Page, defaulting to MediaBox
2026-03-28 09:18:34,244 WARNING pdfminer.pdfpage CropBox missing from /Page, defaulting to MediaBox
2026-03-28 09:18:34,264 WARNING pdfminer.pdfpage CropBox missing from /Page, defaulting to MediaBox
2026-03-28 09:18:34,279 WARNING pdfminer.pdfpage CropBox missing from /Page, defaulting to MediaBox
2026-03-28 09:18:34,288 WARNING pdfminer.pdfpage CropBox missing from /Page, defaulting to MediaBox
2026-03-28 09:18:34,295 INFO root SUCCESS 22-451 [68/75] → data\22-451\json\20230922_amici_Administrative_Federal_Regulatory_Law_Professors_b68079.json
2026-03-28 09:18:37,098 INFO root SUCCESS 22-451 [69/75] → data\22-451\json\20230922_amici_Lawyersâ_Committee_Civil_Rights_Under_469fd6.json
2026-03-28 09:18:39,703 INFO root SUCCESS 22-451 [70/75] → data\22-451\json\20230922_amici_Conservation_Law_Foundation_3c81da.json
2026-03-28 09:18:42,014 INFO root SUCCESS 22-451 [71/75] → data\22-451\json\20230922_amici_American_Cancer_Society_37f4d9.json
2026-03-28 09:18:44,253 WARNING pdfminer.pdfpage CropBox missing from /Page, defaulting to MediaBox
2026-03-28 09:18:44,260 WARNING pdfminer.pdfpage CropBox missing from /Page, defaulting to MediaBox
2026-03-28 09:18:44,266 WARNING pdfminer.pdfpage CropBox missing from /Page, defaulting to MediaBox
2026-03-28 09:18:44,271 WARNING pdfminer.pdfpage CropBox missing from /Page, defaulting to MediaBox
2026-03-28 09:18:44,278 WARNING pdfminer.pdfpage CropBox missing from /Page, defaulting to MediaBox
2026-03-28 09:18:44,285 WARNING pdfminer.pdfpage CropBox missing from /Page, defaulting to MediaBox
2026-03-28 09:18:44,291 WARNING pdfminer.pdfpage CropBox missing from /Page, defaulting to MediaBox
2026-03-28 09:18:44,293 WARNING pdfminer.pdfpage CropBox missing from /Page, defaulting to MediaBox
2026-03-28 09:18:44,300 WARNING pdfminer.pdfpage CropBox missing from /Page, defaulting to MediaBox
2026-03-28 09:18:44,309 WARNING pdfminer.pdfpage CropBox missing from /Page, defaulting to MediaBox
2026-03-28 09:18:44,319 WARNING pdfminer.pdfpage CropBox missing from /Page, defaulting to MediaBox
2026-03-28 09:18:44,328 WARNING pdfminer.pdfpage CropBox missing from /Page, defaulting to MediaBox
2026-03-28 09:18:44,338 WARNING pdfminer.pdfpage CropBox missing from /Page, defaulting to MediaBox
2026-03-28 09:18:44,346 WARNING pdfminer.pdfpage CropBox missing from /Page, defaulting to MediaBox
2026-03-28 09:18:44,357 WARNING pdfminer.pdfpage CropBox missing from /Page, defaulting to MediaBox
2026-03-28 09:18:44,366 WARNING pdfminer.pdfpage CropBox missing from /Page, defaulting to MediaBox
2026-03-28 09:18:44,375 WARNING pdfminer.pdfpage CropBox missing from /Page, defaulting to MediaBox
2026-03-28 09:18:44,383 WARNING pdfminer.pdfpage CropBox missing from /Page, defaulting to MediaBox
2026-03-28 09:18:44,392 WARNING pdfminer.pdfpage CropBox missing from /Page, defaulting to MediaBox
2026-03-28 09:18:44,401 WARNING pdfminer.pdfpage CropBox missing from /Page, defaulting to MediaBox
2026-03-28 09:18:44,410 WARNING pdfminer.pdfpage CropBox missing from /Page, defaulting to MediaBox
2026-03-28 09:18:44,421 WARNING pdfminer.pdfpage CropBox missing from /Page, defaulting to MediaBox
2026-03-28 09:18:44,431 WARNING pdfminer.pdfpage CropBox missing from /Page, defaulting to MediaBox
2026-03-28 09:18:44,439 WARNING pdfminer.pdfpage CropBox missing from /Page, defaulting to MediaBox
2026-03-28 09:18:44,448 WARNING pdfminer.pdfpage CropBox missing from /Page, defaulting to MediaBox
2026-03-28 09:18:44,457 WARNING pdfminer.pdfpage CropBox missing from /Page, defaulting to MediaBox
2026-03-28 09:18:44,462 WARNING pdfminer.pdfpage CropBox missing from /Page, defaulting to MediaBox
2026-03-28 09:18:44,466 INFO root SUCCESS 22-451 [72/75] → data\22-451\json\20230922_amici_Small_Business_Associations_e5550b.json
2026-03-28 09:18:47,145 INFO root SUCCESS 22-451 [73/75] → data\22-451\json\20230922_amici_District_Columbia_176a12.json
2026-03-28 09:18:49,340 INFO root SUCCESS 22-451 [74/75] → data\22-451\json\20230922_amicus_American_Federation_Labor_Congress_Industrial_a8185c.json
2026-03-28 09:18:51,662 INFO root SUCCESS 22-451 [75/75] → data\22-451\json\20231016_reply_Loper_Bright_Enterprises_d44983.json
2026-03-28 09:18:52,065 INFO root Processing Main Document: "Main Document"
2026-03-28 09:18:52,065 INFO root Skipping non-brief document: "Nov 17 2022 Motion to extend the time to file a response from December 7, 2022 t"
2026-03-28 09:18:52,065 INFO root Processing Main Document: "Main Document"
2026-03-28 09:18:52,065 INFO root Skipping non-brief document: "Dec 20 2022 Motion to extend the time to file a response from January 6, 2023 to"
2026-03-28 09:18:52,065 INFO root Processing Main Document: "Main Document"
2026-03-28 09:18:52,065 INFO root Filename: "20230206_respondent_Carolyn_Maloney_opposition"
2026-03-28 09:18:52,066 INFO root Processing Main Document: "Main Document"
2026-03-28 09:18:52,066 INFO root Filename: "20230222_reply_Robin_Carnahan_Administrator_the_General_Services"
2026-03-28 09:18:52,066 INFO root Processing Main Document: "Main Document"
2026-03-28 09:18:52,066 INFO root Skipping non-brief document: "Jun 07 2023 Letter from counsel for respondents notifying the Court of their vol"
2026-03-28 09:18:52,066 INFO root Processing Main Document: "Main Document"
2026-03-28 09:18:52,066 INFO root Skipping non-brief document: "Jun 14 2023 Suggestion of mootness filed by petitioner Robin Carnahan, Administr"
2026-03-28 09:18:52,066 INFO root Processing Main Document: "Main Document"
2026-03-28 09:18:52,066 INFO root Skipping non-brief document: "Jun 20 2023 Response to suggestion of mootness from respondents Maloney, et al. "
2026-03-28 09:18:52,066 INFO root Processing Main Document: "Main Document"
2026-03-28 09:18:52,067 INFO root Skipping non-brief document: "Jul 28 2023 Judgment issued. Main Document"
2026-03-28 09:18:52,067 INFO root Found 2 brief/reply documents for 22-425
2026-03-28 09:18:52,067 INFO root Processing 2 brief/reply documents for case 22-425
2026-03-28 09:18:54,533 INFO root SUCCESS 22-425 [1/2] → data\22-425\json\20230206_respondent_Carolyn_Maloney_opposition_fb605c.json
2026-03-28 09:18:56,667 INFO root SUCCESS 22-425 [2/2] → data\22-425\json\20230222_reply_Robin_Carnahan_Administrator_the_General_Services_4f5ab6.json
2026-03-28 09:18:56,942 INFO root Processing Main Document: "Main Document"
2026-03-28 09:18:56,942 INFO root Skipping non-brief document: "Nov 18 2022 Application (22A453) to extend the time to file a petition for a wri"
2026-03-28 09:18:56,942 INFO root Processing Main Document: "Main Document"
2026-03-28 09:18:56,942 INFO root Skipping non-brief document: "Jan 12 2023 Motion to extend the time to file a response from January 23, 2023 t"
2026-03-28 09:18:56,942 INFO root Processing Main Document: "Main Document"
2026-03-28 09:18:56,943 INFO root Skipping non-brief document: "Feb 15 2023 Motion to extend the time to file a response from February 22, 2023 "
2026-03-28 09:18:56,943 INFO root Processing Main Document: "Main Document"
2026-03-28 09:18:56,943 INFO root Filename: "20230324_respondent_US"
2026-03-28 09:18:56,943 INFO root Processing Main Document: "Main Document"
2026-03-28 09:18:56,943 INFO root Filename: "20230412_reply_Justin_Rashaad_Brown"
2026-03-28 09:18:56,943 INFO root Processing Main Document: "Main Document"
2026-03-28 09:18:56,943 INFO root Skipping non-brief document: "Jun 01 2023 Motion for an extension of time to file the briefs on the merits fil"
2026-03-28 09:18:56,943 INFO root Processing Main Document: "Main Document"
2026-03-28 09:18:56,944 INFO root Skipping non-brief document: "Jun 13 2023 Motion to dispense with printing the joint appendix filed by petitio"
2026-03-28 09:18:56,944 INFO root Processing Main Document: "Main Document"
2026-03-28 09:18:56,944 INFO root Filename: "20230712_petitioner_Justin_Rashaad_Brown_(as_22-6389)"
2026-03-28 09:18:56,944 INFO root Processing Main Document: "Main Document"
2026-03-28 09:18:56,944 INFO root Skipping non-brief document: "Jul 12 2023 Joint appendix (as to 22-6389) filed.  (Statement of costs filed) Ma"
2026-03-28 09:18:56,944 INFO root Processing Main Document: "Main Document"
2026-03-28 09:18:56,944 INFO root Filename: "20230712_petitioner_Eugene_Jackson_(as_22-6640)"
2026-03-28 09:18:56,944 INFO root Processing Main Document: "Main Document"
2026-03-28 09:18:56,944 INFO root Skipping non-brief document: "Jul 17 2023 Notice of Substitution of Counsel of Record filed on behalf of petit"
2026-03-28 09:18:56,944 INFO root Processing Main Document: "Main Document"
2026-03-28 09:18:56,945 INFO root Filename: "20230719_amicus_National_Association_Federal_Defenders_VIDED"
2026-03-28 09:18:56,945 INFO root Processing Main Document: "Main Document"
2026-03-28 09:18:56,945 INFO root Filename: "20230719_amicus_National_Association_Criminal_Defense_Lawyers"
2026-03-28 09:18:56,945 INFO root Processing Main Document: "Main Document"
2026-03-28 09:18:56,945 INFO root Filename: "20230719_amicus_Clause_Foundation_(in_22-6640)"
2026-03-28 09:18:56,945 INFO root Processing Main Document: "Main Document"
2026-03-28 09:18:56,945 INFO root Filename: "20230719_amicus_FAMM_VIDED"
2026-03-28 09:18:56,945 INFO root Processing Main Document: "Main Document"
2026-03-28 09:18:56,945 INFO root Filename: "20230821_respondent_US"
2026-03-28 09:18:56,946 INFO root Processing Main Document: "Main Document"
2026-03-28 09:18:56,946 INFO root Skipping non-brief document: "Aug 28 2023 Motion for divided argument filed by petitioners Eugene Jackson.  VI"
2026-03-28 09:18:56,946 INFO root Processing Main Document: "Main Document"
2026-03-28 09:18:56,946 INFO root Filename: "20230920_reply_Justin_Rashaad_Brown_(as_22-6389)"
2026-03-28 09:18:56,946 INFO root Processing Main Document: "Main Document"
2026-03-28 09:18:56,946 INFO root Filename: "20230920_reply_Eugene_Jackson_(as_22-6640)"
2026-03-28 09:18:56,946 INFO root Processing Main Document: "Main Document"
2026-03-28 09:18:56,946 INFO root Skipping non-brief document: "Jun 24 2024 Judgment Issued. Main Document"
2026-03-28 09:18:56,946 INFO root Found 11 brief/reply documents for 22-6389
2026-03-28 09:18:56,947 INFO root Processing 11 brief/reply documents for case 22-6389
2026-03-28 09:18:59,057 INFO root SUCCESS 22-6389 [1/11] → data\22-6389\json\20230324_respondent_US_d40d27.json
2026-03-28 09:19:01,176 INFO root SUCCESS 22-6389 [2/11] → data\22-6389\json\20230412_reply_Justin_Rashaad_Brown_4e3085.json
2026-03-28 09:19:03,561 INFO root SUCCESS 22-6389 [3/11] → data\22-6389\json\20230712_petitioner_Justin_Rashaad_Brown_(as_22-6389)_0d0851.json
2026-03-28 09:19:06,671 INFO root SUCCESS 22-6389 [4/11] → data\22-6389\json\20230712_petitioner_Eugene_Jackson_(as_22-6640)_0e670f.json
2026-03-28 09:19:08,804 INFO root SUCCESS 22-6389 [5/11] → data\22-6389\json\20230719_amicus_National_Association_Federal_Defenders_VIDED_87ca18.json
2026-03-28 09:19:10,983 INFO root SUCCESS 22-6389 [6/11] → data\22-6389\json\20230719_amicus_National_Association_Criminal_Defense_Lawyers_593a80.json
2026-03-28 09:19:13,115 INFO root SUCCESS 22-6389 [7/11] → data\22-6389\json\20230719_amicus_Clause_Foundation_(in_22-6640)_984fe2.json
2026-03-28 09:19:15,136 WARNING pdfminer.pdfpage CropBox missing from /Page, defaulting to MediaBox
2026-03-28 09:19:15,163 WARNING pdfminer.pdfpage CropBox missing from /Page, defaulting to MediaBox
2026-03-28 09:19:15,169 WARNING pdfminer.pdfpage CropBox missing from /Page, defaulting to MediaBox
2026-03-28 09:19:15,184 WARNING pdfminer.pdfpage CropBox missing from /Page, defaulting to MediaBox
2026-03-28 09:19:15,190 WARNING pdfminer.pdfpage CropBox missing from /Page, defaulting to MediaBox
2026-03-28 09:19:15,207 WARNING pdfminer.pdfpage CropBox missing from /Page, defaulting to MediaBox
2026-03-28 09:19:15,224 WARNING pdfminer.pdfpage CropBox missing from /Page, defaulting to MediaBox
2026-03-28 09:19:15,244 WARNING pdfminer.pdfpage CropBox missing from /Page, defaulting to MediaBox
2026-03-28 09:19:15,266 WARNING pdfminer.pdfpage CropBox missing from /Page, defaulting to MediaBox
2026-03-28 09:19:15,286 WARNING pdfminer.pdfpage CropBox missing from /Page, defaulting to MediaBox
2026-03-28 09:19:15,310 WARNING pdfminer.pdfpage CropBox missing from /Page, defaulting to MediaBox
2026-03-28 09:19:15,334 WARNING pdfminer.pdfpage CropBox missing from /Page, defaulting to MediaBox
2026-03-28 09:19:15,351 WARNING pdfminer.pdfpage CropBox missing from /Page, defaulting to MediaBox
2026-03-28 09:19:15,373 WARNING pdfminer.pdfpage CropBox missing from /Page, defaulting to MediaBox
2026-03-28 09:19:15,390 WARNING pdfminer.pdfpage CropBox missing from /Page, defaulting to MediaBox
2026-03-28 09:19:15,413 WARNING pdfminer.pdfpage CropBox missing from /Page, defaulting to MediaBox
2026-03-28 09:19:15,434 WARNING pdfminer.pdfpage CropBox missing from /Page, defaulting to MediaBox
2026-03-28 09:19:15,455 WARNING pdfminer.pdfpage CropBox missing from /Page, defaulting to MediaBox
2026-03-28 09:19:15,476 WARNING pdfminer.pdfpage CropBox missing from /Page, defaulting to MediaBox
2026-03-28 09:19:15,497 WARNING pdfminer.pdfpage CropBox missing from /Page, defaulting to MediaBox
2026-03-28 09:19:15,517 WARNING pdfminer.pdfpage CropBox missing from /Page, defaulting to MediaBox
2026-03-28 09:19:15,536 WARNING pdfminer.pdfpage CropBox missing from /Page, defaulting to MediaBox
2026-03-28 09:19:15,555 WARNING pdfminer.pdfpage CropBox missing from /Page, defaulting to MediaBox
2026-03-28 09:19:15,573 WARNING pdfminer.pdfpage CropBox missing from /Page, defaulting to MediaBox
2026-03-28 09:19:15,596 WARNING pdfminer.pdfpage CropBox missing from /Page, defaulting to MediaBox
2026-03-28 09:19:15,617 WARNING pdfminer.pdfpage CropBox missing from /Page, defaulting to MediaBox
2026-03-28 09:19:15,635 WARNING pdfminer.pdfpage CropBox missing from /Page, defaulting to MediaBox
2026-03-28 09:19:15,652 WARNING pdfminer.pdfpage CropBox missing from /Page, defaulting to MediaBox
2026-03-28 09:19:15,671 WARNING pdfminer.pdfpage CropBox missing from /Page, defaulting to MediaBox
2026-03-28 09:19:15,690 WARNING pdfminer.pdfpage CropBox missing from /Page, defaulting to MediaBox
2026-03-28 09:19:15,710 WARNING pdfminer.pdfpage CropBox missing from /Page, defaulting to MediaBox
2026-03-28 09:19:15,729 WARNING pdfminer.pdfpage CropBox missing from /Page, defaulting to MediaBox
2026-03-28 09:19:15,749 WARNING pdfminer.pdfpage CropBox missing from /Page, defaulting to MediaBox
2026-03-28 09:19:15,769 WARNING pdfminer.pdfpage CropBox missing from /Page, defaulting to MediaBox
2026-03-28 09:19:15,788 WARNING pdfminer.pdfpage CropBox missing from /Page, defaulting to MediaBox
2026-03-28 09:19:15,804 WARNING pdfminer.pdfpage CropBox missing from /Page, defaulting to MediaBox
2026-03-28 09:19:15,821 WARNING pdfminer.pdfpage CropBox missing from /Page, defaulting to MediaBox
2026-03-28 09:19:15,839 WARNING pdfminer.pdfpage CropBox missing from /Page, defaulting to MediaBox
2026-03-28 09:19:15,861 WARNING pdfminer.pdfpage CropBox missing from /Page, defaulting to MediaBox
2026-03-28 09:19:15,882 WARNING pdfminer.pdfpage CropBox missing from /Page, defaulting to MediaBox
2026-03-28 09:19:15,900 WARNING pdfminer.pdfpage CropBox missing from /Page, defaulting to MediaBox
2026-03-28 09:19:15,925 WARNING pdfminer.pdfpage CropBox missing from /Page, defaulting to MediaBox
2026-03-28 09:19:15,947 WARNING pdfminer.pdfpage CropBox missing from /Page, defaulting to MediaBox
2026-03-28 09:19:15,973 WARNING pdfminer.pdfpage CropBox missing from /Page, defaulting to MediaBox
2026-03-28 09:19:15,994 WARNING pdfminer.pdfpage CropBox missing from /Page, defaulting to MediaBox
2026-03-28 09:19:16,011 INFO root SUCCESS 22-6389 [8/11] → data\22-6389\json\20230719_amicus_FAMM_VIDED_7ffad2.json
2026-03-28 09:19:19,135 INFO root SUCCESS 22-6389 [9/11] → data\22-6389\json\20230821_respondent_US_7703ac.json
2026-03-28 09:19:21,802 INFO root SUCCESS 22-6389 [10/11] → data\22-6389\json\20230920_reply_Justin_Rashaad_Brown_(as_22-6389)_c61e46.json
2026-03-28 09:19:23,726 WARNING pdfminer.pdfpage CropBox missing from /Page, defaulting to MediaBox
2026-03-28 09:19:23,743 WARNING pdfminer.pdfpage CropBox missing from /Page, defaulting to MediaBox
2026-03-28 09:19:23,752 WARNING pdfminer.pdfpage CropBox missing from /Page, defaulting to MediaBox
2026-03-28 09:19:23,769 WARNING pdfminer.pdfpage CropBox missing from /Page, defaulting to MediaBox
2026-03-28 09:19:23,785 WARNING pdfminer.pdfpage CropBox missing from /Page, defaulting to MediaBox
2026-03-28 09:19:23,806 WARNING pdfminer.pdfpage CropBox missing from /Page, defaulting to MediaBox
2026-03-28 09:19:23,826 WARNING pdfminer.pdfpage CropBox missing from /Page, defaulting to MediaBox
2026-03-28 09:19:23,854 WARNING pdfminer.pdfpage CropBox missing from /Page, defaulting to MediaBox
2026-03-28 09:19:23,879 WARNING pdfminer.pdfpage CropBox missing from /Page, defaulting to MediaBox
2026-03-28 09:19:23,904 WARNING pdfminer.pdfpage CropBox missing from /Page, defaulting to MediaBox
2026-03-28 09:19:23,927 WARNING pdfminer.pdfpage CropBox missing from /Page, defaulting to MediaBox
2026-03-28 09:19:23,951 WARNING pdfminer.pdfpage CropBox missing from /Page, defaulting to MediaBox
2026-03-28 09:19:23,975 WARNING pdfminer.pdfpage CropBox missing from /Page, defaulting to MediaBox
2026-03-28 09:19:23,994 WARNING pdfminer.pdfpage CropBox missing from /Page, defaulting to MediaBox
2026-03-28 09:19:24,011 WARNING pdfminer.pdfpage CropBox missing from /Page, defaulting to MediaBox
2026-03-28 09:19:24,031 WARNING pdfminer.pdfpage CropBox missing from /Page, defaulting to MediaBox
2026-03-28 09:19:24,049 WARNING pdfminer.pdfpage CropBox missing from /Page, defaulting to MediaBox
2026-03-28 09:19:24,066 WARNING pdfminer.pdfpage CropBox missing from /Page, defaulting to MediaBox
2026-03-28 09:19:24,085 WARNING pdfminer.pdfpage CropBox missing from /Page, defaulting to MediaBox
2026-03-28 09:19:24,110 WARNING pdfminer.pdfpage CropBox missing from /Page, defaulting to MediaBox
2026-03-28 09:19:24,134 WARNING pdfminer.pdfpage CropBox missing from /Page, defaulting to MediaBox
2026-03-28 09:19:24,155 WARNING pdfminer.pdfpage CropBox missing from /Page, defaulting to MediaBox
2026-03-28 09:19:24,179 WARNING pdfminer.pdfpage CropBox missing from /Page, defaulting to MediaBox
2026-03-28 09:19:24,202 WARNING pdfminer.pdfpage CropBox missing from /Page, defaulting to MediaBox
2026-03-28 09:19:24,225 WARNING pdfminer.pdfpage CropBox missing from /Page, defaulting to MediaBox
2026-03-28 09:19:24,237 INFO root SUCCESS 22-6389 [11/11] → data\22-6389\json\20230920_reply_Eugene_Jackson_(as_22-6640)_24a849.json
2026-03-28 09:19:24,619 INFO root Processing Main Document: "Main Document"
2026-03-28 09:19:24,620 INFO root Skipping non-brief document: "Nov 11 2022 Application (22A438) to extend the time to file a petition for a wri"
2026-03-28 09:19:24,620 INFO root Processing Main Document: "Main Document"
2026-03-28 09:19:24,620 INFO root Skipping non-brief document: "Feb 03 2023 Motion to extend the time to file a response from February 17, 2023 "
2026-03-28 09:19:24,620 INFO root Processing Main Document: "Main Document"
2026-03-28 09:19:24,620 INFO root Filename: "20230217_amicus_Public_Citizen"
2026-03-28 09:19:24,620 INFO root Processing Main Document: "Main Document"
2026-03-28 09:19:24,621 INFO root Filename: "20230217_amici_U.S_Senator_Charles_Grassley"
2026-03-28 09:19:24,621 INFO root Processing Main Document: "Main Document"
2026-03-28 09:19:24,621 INFO root Filename: "20230320_respondent_UBS_Securities_LLC_opposition"
2026-03-28 09:19:24,621 INFO root Processing Main Document: "Main Document"
2026-03-28 09:19:24,621 INFO root Filename: "20230405_reply_Trevor_Murray"
2026-03-28 09:19:24,621 INFO root Processing Main Document: "Main Document"
2026-03-28 09:19:24,621 INFO root Skipping non-brief document: "May 05 2023 Motion for an extension of time for the filing of the briefs on the "
2026-03-28 09:19:24,621 INFO root Processing Main Document: "Main Document"
2026-03-28 09:19:24,622 INFO root Filename: "20230627_petitioner_Trevor_Murray"
2026-03-28 09:19:24,622 INFO root Processing Main Document: "Main Document"
2026-03-28 09:19:24,622 INFO root Skipping non-brief document: "Jun 27 2023 Joint appendix filed. Main Document Proof of Service"
2026-03-28 09:19:24,622 INFO root Processing Main Document: "Main Document"
2026-03-28 09:19:24,622 INFO root Filename: "20230630_amicus_National_Whistleblower_Center"
2026-03-28 09:19:24,622 INFO root Processing Main Document: "Main Document"
2026-03-28 09:19:24,622 INFO root Filename: "20230630_amici_Senator_Chalres_Grassley"
2026-03-28 09:19:24,622 INFO root Processing Main Document: "Main Document"
2026-03-28 09:19:24,622 INFO root Filename: "20230705_amicus_US"
2026-03-28 09:19:24,622 INFO root Processing Main Document: "Main Document"
2026-03-28 09:19:24,623 INFO root Filename: "20230705_amici_Anti-Fraud_Coalition"
2026-03-28 09:19:24,623 INFO root Processing Main Document: "Main Document"
2026-03-28 09:19:24,623 INFO root Filename: "20230705_amicus_Public_Citizen"
2026-03-28 09:19:24,623 INFO root Processing Main Document: "Main Document"
2026-03-28 09:19:24,623 INFO root Filename: "20230705_amicus_Academy_Rail_Labor_Attorneys"
2026-03-28 09:19:24,623 INFO root Processing Main Document: "Main Document"
2026-03-28 09:19:24,623 INFO root Filename: "20230808_respondent_UBS_Securities_LLC"
2026-03-28 09:19:24,623 INFO root Processing Main Document: "Main Document"
2026-03-28 09:19:24,624 INFO root Filename: "20230811_amicus_Society_Human_Resource_Management_(Distributed)"
2026-03-28 09:19:24,624 INFO root Processing Main Document: "Main Document"
2026-03-28 09:19:24,624 INFO root Filename: "20230814_amicus_Washington_Legal_Foundation_(Distributed)"
2026-03-28 09:19:24,624 INFO root Processing Main Document: "Main Document"
2026-03-28 09:19:24,624 INFO root Filename: "20230815_amicus_Securities_Industry_Financial_Markets_Association"
2026-03-28 09:19:24,624 INFO root Processing Main Document: "Main Document"
2026-03-28 09:19:24,624 INFO root Filename: "20230815_amicus_Chamber_Commerce_US_America"
2026-03-28 09:19:24,624 INFO root Processing Main Document: "Main Document"
2026-03-28 09:19:24,624 INFO root Filename: "20230815_amicus_Airlines_America_(Distributed)"
2026-03-28 09:19:24,624 INFO root Processing Main Document: "Main Document"
2026-03-28 09:19:24,625 INFO root Filename: "20230815_amicus_American_Association_Railroads_(Distributed)"
2026-03-28 09:19:24,625 INFO root Processing Main Document: "Main Document"
2026-03-28 09:19:24,625 INFO root Skipping non-brief document: "Aug 15 2023 Motion of the Solicitor General for leave to participate in oral arg"
2026-03-28 09:19:24,625 INFO root Processing Main Document: "Main Document"
2026-03-28 09:19:24,625 INFO root Filename: "20230907_reply_Trevor_Murray"
2026-03-28 09:19:24,625 INFO root Processing Main Document: "Main Document"
2026-03-28 09:19:24,625 INFO root Skipping non-brief document: "Mar 11 2024 Judgment issued. Main Document"
2026-03-28 09:19:24,625 INFO root Found 19 brief/reply documents for 22-660
2026-03-28 09:19:24,626 INFO root Processing 19 brief/reply documents for case 22-660
2026-03-28 09:19:26,599 WARNING pdfminer.pdfpage CropBox missing from /Page, defaulting to MediaBox
2026-03-28 09:19:26,618 WARNING pdfminer.pdfpage CropBox missing from /Page, defaulting to MediaBox
2026-03-28 09:19:26,628 WARNING pdfminer.pdfpage CropBox missing from /Page, defaulting to MediaBox
2026-03-28 09:19:26,649 WARNING pdfminer.pdfpage CropBox missing from /Page, defaulting to MediaBox
2026-03-28 09:19:26,667 WARNING pdfminer.pdfpage CropBox missing from /Page, defaulting to MediaBox
2026-03-28 09:19:26,686 WARNING pdfminer.pdfpage CropBox missing from /Page, defaulting to MediaBox
2026-03-28 09:19:26,706 WARNING pdfminer.pdfpage CropBox missing from /Page, defaulting to MediaBox
2026-03-28 09:19:26,719 WARNING pdfminer.pdfpage CropBox missing from /Page, defaulting to MediaBox
2026-03-28 09:19:26,737 WARNING pdfminer.pdfpage CropBox missing from /Page, defaulting to MediaBox
2026-03-28 09:19:26,755 WARNING pdfminer.pdfpage CropBox missing from /Page, defaulting to MediaBox
2026-03-28 09:19:26,775 WARNING pdfminer.pdfpage CropBox missing from /Page, defaulting to MediaBox
2026-03-28 09:19:26,798 WARNING pdfminer.pdfpage CropBox missing from /Page, defaulting to MediaBox
2026-03-28 09:19:26,823 WARNING pdfminer.pdfpage CropBox missing from /Page, defaulting to MediaBox
2026-03-28 09:19:26,844 WARNING pdfminer.pdfpage CropBox missing from /Page, defaulting to MediaBox
2026-03-28 09:19:26,866 WARNING pdfminer.pdfpage CropBox missing from /Page, defaulting to MediaBox
2026-03-28 09:19:26,888 WARNING pdfminer.pdfpage CropBox missing from /Page, defaulting to MediaBox
2026-03-28 09:19:26,909 WARNING pdfminer.pdfpage CropBox missing from /Page, defaulting to MediaBox
2026-03-28 09:19:26,930 WARNING pdfminer.pdfpage CropBox missing from /Page, defaulting to MediaBox
2026-03-28 09:19:26,946 INFO root SUCCESS 22-660 [1/19] → data\22-660\json\20230217_amicus_Public_Citizen_8c7aaa.json
2026-03-28 09:19:29,185 INFO root SUCCESS 22-660 [2/19] → data\22-660\json\20230217_amici_U.S_Senator_Charles_Grassley_067fc9.json
2026-03-28 09:19:31,432 INFO root SUCCESS 22-660 [3/19] → data\22-660\json\20230320_respondent_UBS_Securities_LLC_opposition_a76c86.json
2026-03-28 09:19:33,835 INFO root SUCCESS 22-660 [4/19] → data\22-660\json\20230405_reply_Trevor_Murray_844df0.json
2026-03-28 09:19:36,207 INFO root SUCCESS 22-660 [5/19] → data\22-660\json\20230627_petitioner_Trevor_Murray_59ba7d.json
2026-03-28 09:19:38,549 INFO root SUCCESS 22-660 [6/19] → data\22-660\json\20230630_amicus_National_Whistleblower_Center_b46cce.json
2026-03-28 09:19:40,518 WARNING pdfminer.pdfpage CropBox missing from /Page, defaulting to MediaBox
2026-03-28 09:19:40,532 WARNING pdfminer.pdfpage CropBox missing from /Page, defaulting to MediaBox
2026-03-28 09:19:40,539 WARNING pdfminer.pdfpage CropBox missing from /Page, defaulting to MediaBox
2026-03-28 09:19:40,550 WARNING pdfminer.pdfpage CropBox missing from /Page, defaulting to MediaBox
2026-03-28 09:19:40,561 WARNING pdfminer.pdfpage CropBox missing from /Page, defaulting to MediaBox
2026-03-28 09:19:40,569 WARNING pdfminer.pdfpage CropBox missing from /Page, defaulting to MediaBox
2026-03-28 09:19:40,585 WARNING pdfminer.pdfpage CropBox missing from /Page, defaulting to MediaBox
2026-03-28 09:19:40,597 WARNING pdfminer.pdfpage CropBox missing from /Page, defaulting to MediaBox
2026-03-28 09:19:40,610 WARNING pdfminer.pdfpage CropBox missing from /Page, defaulting to MediaBox
2026-03-28 09:19:40,623 WARNING pdfminer.pdfpage CropBox missing from /Page, defaulting to MediaBox
2026-03-28 09:19:40,635 WARNING pdfminer.pdfpage CropBox missing from /Page, defaulting to MediaBox
2026-03-28 09:19:40,647 WARNING pdfminer.pdfpage CropBox missing from /Page, defaulting to MediaBox
2026-03-28 09:19:40,662 WARNING pdfminer.pdfpage CropBox missing from /Page, defaulting to MediaBox
2026-03-28 09:19:40,676 WARNING pdfminer.pdfpage CropBox missing from /Page, defaulting to MediaBox
2026-03-28 09:19:40,692 WARNING pdfminer.pdfpage CropBox missing from /Page, defaulting to MediaBox
2026-03-28 09:19:40,707 WARNING pdfminer.pdfpage CropBox missing from /Page, defaulting to MediaBox
2026-03-28 09:19:40,723 WARNING pdfminer.pdfpage CropBox missing from /Page, defaulting to MediaBox
2026-03-28 09:19:40,737 WARNING pdfminer.pdfpage CropBox missing from /Page, defaulting to MediaBox
2026-03-28 09:19:40,753 WARNING pdfminer.pdfpage CropBox missing from /Page, defaulting to MediaBox
2026-03-28 09:19:40,766 WARNING pdfminer.pdfpage CropBox missing from /Page, defaulting to MediaBox
2026-03-28 09:19:40,779 WARNING pdfminer.pdfpage CropBox missing from /Page, defaulting to MediaBox
2026-03-28 09:19:40,792 WARNING pdfminer.pdfpage CropBox missing from /Page, defaulting to MediaBox
2026-03-28 09:19:40,809 WARNING pdfminer.pdfpage CropBox missing from /Page, defaulting to MediaBox
2026-03-28 09:19:40,826 WARNING pdfminer.pdfpage CropBox missing from /Page, defaulting to MediaBox
2026-03-28 09:19:40,842 WARNING pdfminer.pdfpage CropBox missing from /Page, defaulting to MediaBox
2026-03-28 09:19:40,857 WARNING pdfminer.pdfpage CropBox missing from /Page, defaulting to MediaBox
2026-03-28 09:19:40,866 WARNING pdfminer.pdfpage CropBox missing from /Page, defaulting to MediaBox
2026-03-28 09:19:40,874 INFO root SUCCESS 22-660 [7/19] → data\22-660\json\20230630_amici_Senator_Chalres_Grassley_4d205a.json
2026-03-28 09:19:43,870 INFO root SUCCESS 22-660 [8/19] → data\22-660\json\20230705_amicus_US_ad30ae.json
2026-03-28 09:19:45,987 INFO root SUCCESS 22-660 [9/19] → data\22-660\json\20230705_amici_Anti-Fraud_Coalition_bb3ca4.json
2026-03-28 09:19:48,014 WARNING pdfminer.pdfpage CropBox missing from /Page, defaulting to MediaBox
2026-03-28 09:19:48,033 WARNING pdfminer.pdfpage CropBox missing from /Page, defaulting to MediaBox
2026-03-28 09:19:48,044 WARNING pdfminer.pdfpage CropBox missing from /Page, defaulting to MediaBox
2026-03-28 09:19:48,061 WARNING pdfminer.pdfpage CropBox missing from /Page, defaulting to MediaBox
2026-03-28 09:19:48,080 WARNING pdfminer.pdfpage CropBox missing from /Page, defaulting to MediaBox
2026-03-28 09:19:48,098 WARNING pdfminer.pdfpage CropBox missing from /Page, defaulting to MediaBox
2026-03-28 09:19:48,115 WARNING pdfminer.pdfpage CropBox missing from /Page, defaulting to MediaBox
2026-03-28 09:19:48,136 WARNING pdfminer.pdfpage CropBox missing from /Page, defaulting to MediaBox
2026-03-28 09:19:48,142 WARNING pdfminer.pdfpage CropBox missing from /Page, defaulting to MediaBox
2026-03-28 09:19:48,161 WARNING pdfminer.pdfpage CropBox missing from /Page, defaulting to MediaBox
2026-03-28 09:19:48,183 WARNING pdfminer.pdfpage CropBox missing from /Page, defaulting to MediaBox
2026-03-28 09:19:48,208 WARNING pdfminer.pdfpage CropBox missing from /Page, defaulting to MediaBox
2026-03-28 09:19:48,230 WARNING pdfminer.pdfpage CropBox missing from /Page, defaulting to MediaBox
2026-03-28 09:19:48,252 WARNING pdfminer.pdfpage CropBox missing from /Page, defaulting to MediaBox
2026-03-28 09:19:48,274 WARNING pdfminer.pdfpage CropBox missing from /Page, defaulting to MediaBox
2026-03-28 09:19:48,299 WARNING pdfminer.pdfpage CropBox missing from /Page, defaulting to MediaBox
2026-03-28 09:19:48,323 WARNING pdfminer.pdfpage CropBox missing from /Page, defaulting to MediaBox
2026-03-28 09:19:48,346 WARNING pdfminer.pdfpage CropBox missing from /Page, defaulting to MediaBox
2026-03-28 09:19:48,367 WARNING pdfminer.pdfpage CropBox missing from /Page, defaulting to MediaBox
2026-03-28 09:19:48,388 WARNING pdfminer.pdfpage CropBox missing from /Page, defaulting to MediaBox
2026-03-28 09:19:48,409 WARNING pdfminer.pdfpage CropBox missing from /Page, defaulting to MediaBox
2026-03-28 09:19:48,431 WARNING pdfminer.pdfpage CropBox missing from /Page, defaulting to MediaBox
2026-03-28 09:19:48,455 WARNING pdfminer.pdfpage CropBox missing from /Page, defaulting to MediaBox
2026-03-28 09:19:48,469 INFO root SUCCESS 22-660 [10/19] → data\22-660\json\20230705_amicus_Public_Citizen_22d7c7.json
2026-03-28 09:19:51,019 INFO root SUCCESS 22-660 [11/19] → data\22-660\json\20230705_amicus_Academy_Rail_Labor_Attorneys_ccfd3e.json
2026-03-28 09:19:53,708 INFO root SUCCESS 22-660 [12/19] → data\22-660\json\20230808_respondent_UBS_Securities_LLC_a4c48b.json
2026-03-28 09:19:55,460 WARNING pdfminer.pdfpage CropBox missing from /Page, defaulting to MediaBox
2026-03-28 09:19:55,479 WARNING pdfminer.pdfpage CropBox missing from /Page, defaulting to MediaBox
2026-03-28 09:19:55,496 WARNING pdfminer.pdfpage CropBox missing from /Page, defaulting to MediaBox
2026-03-28 09:19:55,513 WARNING pdfminer.pdfpage CropBox missing from /Page, defaulting to MediaBox
2026-03-28 09:19:55,530 WARNING pdfminer.pdfpage CropBox missing from /Page, defaulting to MediaBox
2026-03-28 09:19:55,544 WARNING pdfminer.pdfpage CropBox missing from /Page, defaulting to MediaBox
2026-03-28 09:19:55,552 WARNING pdfminer.pdfpage CropBox missing from /Page, defaulting to MediaBox
2026-03-28 09:19:55,571 WARNING pdfminer.pdfpage CropBox missing from /Page, defaulting to MediaBox
2026-03-28 09:19:55,586 WARNING pdfminer.pdfpage CropBox missing from /Page, defaulting to MediaBox
2026-03-28 09:19:55,601 WARNING pdfminer.pdfpage CropBox missing from /Page, defaulting to MediaBox
2026-03-28 09:19:55,616 WARNING pdfminer.pdfpage CropBox missing from /Page, defaulting to MediaBox
2026-03-28 09:19:55,634 WARNING pdfminer.pdfpage CropBox missing from /Page, defaulting to MediaBox
2026-03-28 09:19:55,655 WARNING pdfminer.pdfpage CropBox missing from /Page, defaulting to MediaBox
2026-03-28 09:19:55,673 WARNING pdfminer.pdfpage CropBox missing from /Page, defaulting to MediaBox
2026-03-28 09:19:55,688 WARNING pdfminer.pdfpage CropBox missing from /Page, defaulting to MediaBox
2026-03-28 09:19:55,701 WARNING pdfminer.pdfpage CropBox missing from /Page, defaulting to MediaBox
2026-03-28 09:19:55,718 WARNING pdfminer.pdfpage CropBox missing from /Page, defaulting to MediaBox
2026-03-28 09:19:55,736 WARNING pdfminer.pdfpage CropBox missing from /Page, defaulting to MediaBox
2026-03-28 09:19:55,752 WARNING pdfminer.pdfpage CropBox missing from /Page, defaulting to MediaBox
2026-03-28 09:19:55,767 WARNING pdfminer.pdfpage CropBox missing from /Page, defaulting to MediaBox
2026-03-28 09:19:55,775 WARNING pdfminer.pdfpage CropBox missing from /Page, defaulting to MediaBox
2026-03-28 09:19:55,784 INFO root SUCCESS 22-660 [13/19] → data\22-660\json\20230811_amicus_Society_Human_Resource_Management_(Distributed)_df41a5.json
2026-03-28 09:19:57,773 WARNING pdfminer.pdfpage CropBox missing from /Page, defaulting to MediaBox
2026-03-28 09:19:57,786 WARNING pdfminer.pdfpage CropBox missing from /Page, defaulting to MediaBox
2026-03-28 09:19:57,789 WARNING pdfminer.pdfpage CropBox missing from /Page, defaulting to MediaBox
2026-03-28 09:19:57,805 WARNING pdfminer.pdfpage CropBox missing from /Page, defaulting to MediaBox
2026-03-28 09:19:57,816 WARNING pdfminer.pdfpage CropBox missing from /Page, defaulting to MediaBox
2026-03-28 09:19:57,836 WARNING pdfminer.pdfpage CropBox missing from /Page, defaulting to MediaBox
2026-03-28 09:19:57,857 WARNING pdfminer.pdfpage CropBox missing from /Page, defaulting to MediaBox
2026-03-28 09:19:57,880 WARNING pdfminer.pdfpage CropBox missing from /Page, defaulting to MediaBox
2026-03-28 09:19:57,897 WARNING pdfminer.pdfpage CropBox missing from /Page, defaulting to MediaBox
2026-03-28 09:19:57,903 WARNING pdfminer.pdfpage CropBox missing from /Page, defaulting to MediaBox
2026-03-28 09:19:57,919 WARNING pdfminer.pdfpage CropBox missing from /Page, defaulting to MediaBox
2026-03-28 09:19:57,936 WARNING pdfminer.pdfpage CropBox missing from /Page, defaulting to MediaBox
2026-03-28 09:19:57,950 WARNING pdfminer.pdfpage CropBox missing from /Page, defaulting to MediaBox
2026-03-28 09:19:57,968 WARNING pdfminer.pdfpage CropBox missing from /Page, defaulting to MediaBox
2026-03-28 09:19:57,984 WARNING pdfminer.pdfpage CropBox missing from /Page, defaulting to MediaBox
2026-03-28 09:19:57,999 WARNING pdfminer.pdfpage CropBox missing from /Page, defaulting to MediaBox
2026-03-28 09:19:58,017 WARNING pdfminer.pdfpage CropBox missing from /Page, defaulting to MediaBox
2026-03-28 09:19:58,034 WARNING pdfminer.pdfpage CropBox missing from /Page, defaulting to MediaBox
2026-03-28 09:19:58,050 WARNING pdfminer.pdfpage CropBox missing from /Page, defaulting to MediaBox
2026-03-28 09:19:58,067 WARNING pdfminer.pdfpage CropBox missing from /Page, defaulting to MediaBox
2026-03-28 09:19:58,083 WARNING pdfminer.pdfpage CropBox missing from /Page, defaulting to MediaBox
2026-03-28 09:19:58,102 WARNING pdfminer.pdfpage CropBox missing from /Page, defaulting to MediaBox
2026-03-28 09:19:58,121 WARNING pdfminer.pdfpage CropBox missing from /Page, defaulting to MediaBox
2026-03-28 09:19:58,139 WARNING pdfminer.pdfpage CropBox missing from /Page, defaulting to MediaBox
2026-03-28 09:19:58,157 WARNING pdfminer.pdfpage CropBox missing from /Page, defaulting to MediaBox
2026-03-28 09:19:58,173 WARNING pdfminer.pdfpage CropBox missing from /Page, defaulting to MediaBox
2026-03-28 09:19:58,189 WARNING pdfminer.pdfpage CropBox missing from /Page, defaulting to MediaBox
2026-03-28 09:19:58,208 WARNING pdfminer.pdfpage CropBox missing from /Page, defaulting to MediaBox
2026-03-28 09:19:58,227 WARNING pdfminer.pdfpage CropBox missing from /Page, defaulting to MediaBox
2026-03-28 09:19:58,243 WARNING pdfminer.pdfpage CropBox missing from /Page, defaulting to MediaBox
2026-03-28 09:19:58,260 WARNING pdfminer.pdfpage CropBox missing from /Page, defaulting to MediaBox
2026-03-28 09:19:58,273 WARNING pdfminer.pdfpage CropBox missing from /Page, defaulting to MediaBox
2026-03-28 09:19:58,287 WARNING pdfminer.pdfpage CropBox missing from /Page, defaulting to MediaBox
2026-03-28 09:19:58,297 INFO root SUCCESS 22-660 [14/19] → data\22-660\json\20230814_amicus_Washington_Legal_Foundation_(Distributed)_d26c12.json
2026-03-28 09:20:00,513 INFO root SUCCESS 22-660 [15/19] → data\22-660\json\20230815_amicus_Securities_Industry_Financial_Markets_Association_c71063.json
2026-03-28 09:20:02,618 INFO root SUCCESS 22-660 [16/19] → data\22-660\json\20230815_amicus_Chamber_Commerce_US_America_5fc634.json
2026-03-28 09:20:04,802 INFO root SUCCESS 22-660 [17/19] → data\22-660\json\20230815_amicus_Airlines_America_(Distributed)_6c78d8.json
2026-03-28 09:20:07,175 INFO root SUCCESS 22-660 [18/19] → data\22-660\json\20230815_amicus_American_Association_Railroads_(Distributed)_340425.json
2026-03-28 09:20:09,556 INFO root SUCCESS 22-660 [19/19] → data\22-660\json\20230907_reply_Trevor_Murray_8b4e5d.json
2026-03-28 09:20:09,816 INFO root Processing Main Document: "Main Document"
2026-03-28 09:20:09,816 INFO root Filename: "20230329_amici_Alabama"
2026-03-28 09:20:09,816 INFO root Processing Main Document: "Main Document"
2026-03-28 09:20:09,816 INFO root Filename: "20230329_amicus_National_Republican_Redistricting_Trust"
2026-03-28 09:20:09,816 INFO root Processing Main Document: "Main Document"
2026-03-28 09:20:09,817 INFO root Skipping non-brief document: "Mar 29 2023 Motion to affirm filed by appellees The South Carolina State Confere"
2026-03-28 09:20:09,817 INFO root Processing Main Document: "Main Document"
2026-03-28 09:20:09,817 INFO root Skipping non-brief document: "Apr 12 2023 Opposition to motion of Senate Appellants, et al. filed. (Distribute"
2026-03-28 09:20:09,817 INFO root Processing Main Document: "Main Document"
2026-03-28 09:20:09,817 INFO root Skipping non-brief document: "May 25 2023 Motion for an extension of time to file the briefs on the merits fil"
2026-03-28 09:20:09,817 INFO root Processing Main Document: "Main Document"
2026-03-28 09:20:09,817 INFO root Skipping non-brief document: "Jul 07 2023 Brief of  Appellants filed. Main Document Certificate of Word Count "
2026-03-28 09:20:09,817 INFO root Processing Main Document: "Main Document"
2026-03-28 09:20:09,817 INFO root Skipping non-brief document: "Jul 07 2023 Joint appendix filed.  (Distributed) (Statement of costs filed) Main"
2026-03-28 09:20:09,817 INFO root Processing Main Document: "Main Document"
2026-03-28 09:20:09,817 INFO root Filename: "20230714_amicus_US_support_neither"
2026-03-28 09:20:09,817 INFO root Processing Main Document: "Main Document"
2026-03-28 09:20:09,818 INFO root Filename: "20230714_amici_Judicial_Watch_Inc_Allied_Educational"
2026-03-28 09:20:09,818 INFO root Processing Main Document: "Main Document"
2026-03-28 09:20:09,818 INFO root Filename: "20230714_amicus_Governor_Henry_McMaster"
2026-03-28 09:20:09,818 INFO root Processing Main Document: "Main Document"
2026-03-28 09:20:09,818 INFO root Filename: "20230714_amici_Nancy_Mace_Joe_Wilson_Jeff"
2026-03-28 09:20:09,818 INFO root Processing Main Document: "Main Document"
2026-03-28 09:20:09,818 INFO root Filename: "20230714_amici_State_Alabama"
2026-03-28 09:20:09,818 INFO root Processing Main Document: "Main Document"
2026-03-28 09:20:09,819 INFO root Filename: "20230714_amicus_National_Republican_Redistricting_Trust"
2026-03-28 09:20:09,819 INFO root Processing Main Document: "Main Document"
2026-03-28 09:20:09,819 INFO root Filename: "20230714_amicus_Fair_Lines_America_Foundation"
2026-03-28 09:20:09,819 INFO root Processing Main Document: "Main Document"
2026-03-28 09:20:09,819 INFO root Skipping non-brief document: "Aug 11 2023 Brief of appellees The South Carolina State Conference of the NAACP,"
2026-03-28 09:20:09,819 INFO root Processing Main Document: "Main Document"
2026-03-28 09:20:09,819 INFO root Skipping non-brief document: "Aug 11 2023 Supplemental Joint appendix filed.(Distributed) Main Document Proof "
2026-03-28 09:20:09,819 INFO root Processing Main Document: "Main Document"
2026-03-28 09:20:09,820 INFO root Skipping non-brief document: "Aug 16 2023 Motion of the Solicitor General for leave to participate in oral arg"
2026-03-28 09:20:09,820 INFO root Processing Main Document: "Main Document"
2026-03-28 09:20:09,820 INFO root Filename: "20230818_amicus_Constitutional_Accountability_Center_(Distributed)"
2026-03-28 09:20:09,820 INFO root Processing Main Document: "Main Document"
2026-03-28 09:20:09,820 INFO root Filename: "20230818_amici_Political_Science_Professors_(Distributed)"
2026-03-28 09:20:09,820 INFO root Processing Main Document: "Main Document"
2026-03-28 09:20:09,820 INFO root Filename: "20230818_amici_Lawyersâ_Committee_Civil_Rights_Under"
2026-03-28 09:20:09,820 INFO root Processing Main Document: "Main Document"
2026-03-28 09:20:09,820 INFO root Filename: "20230818_amici_League_Women_Voters_South_Carolina"
2026-03-28 09:20:09,821 INFO root Processing Main Document: "Main Document"
2026-03-28 09:20:09,821 INFO root Filename: "20230818_amici_Nicholas_Stephanopoulos_Jowei_Chen_(Distributed)"
2026-03-28 09:20:09,821 INFO root Processing Main Document: "Main Document"
2026-03-28 09:20:09,821 INFO root Filename: "20230818_amicus_Congressman_James_Clyburn_(Distributed)"
2026-03-28 09:20:09,821 INFO root Processing Main Document: "Main Document"
2026-03-28 09:20:09,821 INFO root Filename: "20230818_amici_Historians_(Distributed)"
2026-03-28 09:20:09,821 INFO root Processing Main Document: "Main Document"
2026-03-28 09:20:09,822 INFO root Skipping non-brief document: "Sep 11 2023 Reply of appellant Senate Appellants filed.  (Distributed) Main Docu"
2026-03-28 09:20:09,822 INFO root Processing Main Document: "Main Document"
2026-03-28 09:20:09,822 INFO root Skipping non-brief document: "Mar 18 2024 Application (23A851) for a stay, submitted to The Chief Justice. Mai"
2026-03-28 09:20:09,822 INFO root Processing Main Document: "Main Document"
2026-03-28 09:20:09,822 INFO root Skipping non-brief document: "Mar 25 2024 Response to application from respondents The South Carolina State Co"
2026-03-28 09:20:09,822 INFO root Processing Main Document: "Main Document"
2026-03-28 09:20:09,822 INFO root Skipping non-brief document: "Mar 28 2024 Letter of March 28, 2024 from counsel for Senate Appellants filed. M"
2026-03-28 09:20:09,823 INFO root Processing Main Document: "Main Document"
2026-03-28 09:20:09,823 INFO root Skipping non-brief document: "Jun 24 2024 Judgment Issued. Main Document"
2026-03-28 09:20:09,823 INFO root Found 16 brief/reply documents for 22-807
2026-03-28 09:20:09,823 INFO root Processing 16 brief/reply documents for case 22-807
2026-03-28 09:20:11,653 WARNING pdfminer.pdfpage CropBox missing from /Page, defaulting to MediaBox
2026-03-28 09:20:11,668 WARNING pdfminer.pdfpage CropBox missing from /Page, defaulting to MediaBox
2026-03-28 09:20:11,672 WARNING pdfminer.pdfpage CropBox missing from /Page, defaulting to MediaBox
2026-03-28 09:20:11,679 WARNING pdfminer.pdfpage CropBox missing from /Page, defaulting to MediaBox
2026-03-28 09:20:11,687 WARNING pdfminer.pdfpage CropBox missing from /Page, defaulting to MediaBox
2026-03-28 09:20:11,696 WARNING pdfminer.pdfpage CropBox missing from /Page, defaulting to MediaBox
2026-03-28 09:20:11,702 WARNING pdfminer.pdfpage CropBox missing from /Page, defaulting to MediaBox
2026-03-28 09:20:11,714 WARNING pdfminer.pdfpage CropBox missing from /Page, defaulting to MediaBox
2026-03-28 09:20:11,720 WARNING pdfminer.pdfpage CropBox missing from /Page, defaulting to MediaBox
2026-03-28 09:20:11,731 WARNING pdfminer.pdfpage CropBox missing from /Page, defaulting to MediaBox
2026-03-28 09:20:11,744 WARNING pdfminer.pdfpage CropBox missing from /Page, defaulting to MediaBox
2026-03-28 09:20:11,753 WARNING pdfminer.pdfpage CropBox missing from /Page, defaulting to MediaBox
2026-03-28 09:20:11,765 WARNING pdfminer.pdfpage CropBox missing from /Page, defaulting to MediaBox
2026-03-28 09:20:11,778 WARNING pdfminer.pdfpage CropBox missing from /Page, defaulting to MediaBox
2026-03-28 09:20:11,790 WARNING pdfminer.pdfpage CropBox missing from /Page, defaulting to MediaBox
2026-03-28 09:20:11,801 WARNING pdfminer.pdfpage CropBox missing from /Page, defaulting to MediaBox
2026-03-28 09:20:11,812 WARNING pdfminer.pdfpage CropBox missing from /Page, defaulting to MediaBox
2026-03-28 09:20:11,824 WARNING pdfminer.pdfpage CropBox missing from /Page, defaulting to MediaBox
2026-03-28 09:20:11,837 WARNING pdfminer.pdfpage CropBox missing from /Page, defaulting to MediaBox
2026-03-28 09:20:11,847 WARNING pdfminer.pdfpage CropBox missing from /Page, defaulting to MediaBox
2026-03-28 09:20:11,859 WARNING pdfminer.pdfpage CropBox missing from /Page, defaulting to MediaBox
2026-03-28 09:20:11,872 WARNING pdfminer.pdfpage CropBox missing from /Page, defaulting to MediaBox
2026-03-28 09:20:11,885 WARNING pdfminer.pdfpage CropBox missing from /Page, defaulting to MediaBox
2026-03-28 09:20:11,896 WARNING pdfminer.pdfpage CropBox missing from /Page, defaulting to MediaBox
2026-03-28 09:20:11,907 WARNING pdfminer.pdfpage CropBox missing from /Page, defaulting to MediaBox
2026-03-28 09:20:11,919 WARNING pdfminer.pdfpage CropBox missing from /Page, defaulting to MediaBox
2026-03-28 09:20:11,930 WARNING pdfminer.pdfpage CropBox missing from /Page, defaulting to MediaBox
2026-03-28 09:20:11,940 WARNING pdfminer.pdfpage CropBox missing from /Page, defaulting to MediaBox
2026-03-28 09:20:11,944 WARNING pdfminer.pdfpage CropBox missing from /Page, defaulting to MediaBox
2026-03-28 09:20:11,949 WARNING pdfminer.pdfpage CropBox missing from /Page, defaulting to MediaBox
2026-03-28 09:20:11,953 INFO root SUCCESS 22-807 [1/16] → data\22-807\json\20230329_amici_Alabama_fdf8dc.json
2026-03-28 09:20:14,222 WARNING pdfminer.pdfpage CropBox missing from /Page, defaulting to MediaBox
2026-03-28 09:20:14,230 WARNING pdfminer.pdfpage CropBox missing from /Page, defaulting to MediaBox
2026-03-28 09:20:14,239 WARNING pdfminer.pdfpage CropBox missing from /Page, defaulting to MediaBox
2026-03-28 09:20:14,243 WARNING pdfminer.pdfpage CropBox missing from /Page, defaulting to MediaBox
2026-03-28 09:20:14,253 WARNING pdfminer.pdfpage CropBox missing from /Page, defaulting to MediaBox
2026-03-28 09:20:14,259 WARNING pdfminer.pdfpage CropBox missing from /Page, defaulting to MediaBox
2026-03-28 09:20:14,267 WARNING pdfminer.pdfpage CropBox missing from /Page, defaulting to MediaBox
2026-03-28 09:20:14,274 WARNING pdfminer.pdfpage CropBox missing from /Page, defaulting to MediaBox
2026-03-28 09:20:14,283 WARNING pdfminer.pdfpage CropBox missing from /Page, defaulting to MediaBox
2026-03-28 09:20:14,291 WARNING pdfminer.pdfpage CropBox missing from /Page, defaulting to MediaBox
2026-03-28 09:20:14,298 WARNING pdfminer.pdfpage CropBox missing from /Page, defaulting to MediaBox
2026-03-28 09:20:14,307 WARNING pdfminer.pdfpage CropBox missing from /Page, defaulting to MediaBox
2026-03-28 09:20:14,315 WARNING pdfminer.pdfpage CropBox missing from /Page, defaulting to MediaBox
2026-03-28 09:20:14,324 WARNING pdfminer.pdfpage CropBox missing from /Page, defaulting to MediaBox
2026-03-28 09:20:14,334 WARNING pdfminer.pdfpage CropBox missing from /Page, defaulting to MediaBox
2026-03-28 09:20:14,342 WARNING pdfminer.pdfpage CropBox missing from /Page, defaulting to MediaBox
2026-03-28 09:20:14,349 WARNING pdfminer.pdfpage CropBox missing from /Page, defaulting to MediaBox
2026-03-28 09:20:14,355 WARNING pdfminer.pdfpage CropBox missing from /Page, defaulting to MediaBox
2026-03-28 09:20:14,362 WARNING pdfminer.pdfpage CropBox missing from /Page, defaulting to MediaBox
2026-03-28 09:20:14,369 WARNING pdfminer.pdfpage CropBox missing from /Page, defaulting to MediaBox
2026-03-28 09:20:14,378 WARNING pdfminer.pdfpage CropBox missing from /Page, defaulting to MediaBox
2026-03-28 09:20:14,385 WARNING pdfminer.pdfpage CropBox missing from /Page, defaulting to MediaBox
2026-03-28 09:20:14,392 WARNING pdfminer.pdfpage CropBox missing from /Page, defaulting to MediaBox
2026-03-28 09:20:14,399 WARNING pdfminer.pdfpage CropBox missing from /Page, defaulting to MediaBox
2026-03-28 09:20:14,406 WARNING pdfminer.pdfpage CropBox missing from /Page, defaulting to MediaBox
2026-03-28 09:20:14,413 INFO root SUCCESS 22-807 [2/16] → data\22-807\json\20230329_amicus_National_Republican_Redistricting_Trust_4ae0b9.json
2026-03-28 09:20:17,206 INFO root SUCCESS 22-807 [3/16] → data\22-807\json\20230714_amicus_US_support_neither_2737a8.json
2026-03-28 09:20:19,776 INFO root SUCCESS 22-807 [4/16] → data\22-807\json\20230714_amici_Judicial_Watch_Inc_Allied_Educational_6d2cae.json
2026-03-28 09:20:22,378 INFO root SUCCESS 22-807 [5/16] → data\22-807\json\20230714_amicus_Governor_Henry_McMaster_32fa71.json
2026-03-28 09:20:24,436 WARNING pdfminer.pdfpage CropBox missing from /Page, defaulting to MediaBox
2026-03-28 09:20:24,446 WARNING pdfminer.pdfpage CropBox missing from /Page, defaulting to MediaBox
2026-03-28 09:20:24,455 WARNING pdfminer.pdfpage CropBox missing from /Page, defaulting to MediaBox
2026-03-28 09:20:24,459 WARNING pdfminer.pdfpage CropBox missing from /Page, defaulting to MediaBox
2026-03-28 09:20:24,465 WARNING pdfminer.pdfpage CropBox missing from /Page, defaulting to MediaBox
2026-03-28 09:20:24,469 WARNING pdfminer.pdfpage CropBox missing from /Page, defaulting to MediaBox
2026-03-28 09:20:24,479 WARNING pdfminer.pdfpage CropBox missing from /Page, defaulting to MediaBox
2026-03-28 09:20:24,490 WARNING pdfminer.pdfpage CropBox missing from /Page, defaulting to MediaBox
2026-03-28 09:20:24,500 WARNING pdfminer.pdfpage CropBox missing from /Page, defaulting to MediaBox
2026-03-28 09:20:24,508 WARNING pdfminer.pdfpage CropBox missing from /Page, defaulting to MediaBox
2026-03-28 09:20:24,514 WARNING pdfminer.pdfpage CropBox missing from /Page, defaulting to MediaBox
2026-03-28 09:20:24,522 WARNING pdfminer.pdfpage CropBox missing from /Page, defaulting to MediaBox
2026-03-28 09:20:24,528 WARNING pdfminer.pdfpage CropBox missing from /Page, defaulting to MediaBox
2026-03-28 09:20:24,536 WARNING pdfminer.pdfpage CropBox missing from /Page, defaulting to MediaBox
2026-03-28 09:20:24,542 WARNING pdfminer.pdfpage CropBox missing from /Page, defaulting to MediaBox
2026-03-28 09:20:24,551 WARNING pdfminer.pdfpage CropBox missing from /Page, defaulting to MediaBox
2026-03-28 09:20:24,558 WARNING pdfminer.pdfpage CropBox missing from /Page, defaulting to MediaBox
2026-03-28 09:20:24,565 WARNING pdfminer.pdfpage CropBox missing from /Page, defaulting to MediaBox
2026-03-28 09:20:24,571 WARNING pdfminer.pdfpage CropBox missing from /Page, defaulting to MediaBox
2026-03-28 09:20:24,578 WARNING pdfminer.pdfpage CropBox missing from /Page, defaulting to MediaBox
2026-03-28 09:20:24,585 WARNING pdfminer.pdfpage CropBox missing from /Page, defaulting to MediaBox
2026-03-28 09:20:24,590 WARNING pdfminer.pdfpage CropBox missing from /Page, defaulting to MediaBox
2026-03-28 09:20:24,595 INFO root SUCCESS 22-807 [6/16] → data\22-807\json\20230714_amici_Nancy_Mace_Joe_Wilson_Jeff_7add42.json
2026-03-28 09:20:26,381 WARNING pdfminer.pdfpage CropBox missing from /Page, defaulting to MediaBox
2026-03-28 09:20:26,395 WARNING pdfminer.pdfpage CropBox missing from /Page, defaulting to MediaBox
2026-03-28 09:20:26,399 WARNING pdfminer.pdfpage CropBox missing from /Page, defaulting to MediaBox
2026-03-28 09:20:26,406 WARNING pdfminer.pdfpage CropBox missing from /Page, defaulting to MediaBox
2026-03-28 09:20:26,415 WARNING pdfminer.pdfpage CropBox missing from /Page, defaulting to MediaBox
2026-03-28 09:20:26,423 WARNING pdfminer.pdfpage CropBox missing from /Page, defaulting to MediaBox
2026-03-28 09:20:26,430 WARNING pdfminer.pdfpage CropBox missing from /Page, defaulting to MediaBox
2026-03-28 09:20:26,443 WARNING pdfminer.pdfpage CropBox missing from /Page, defaulting to MediaBox
2026-03-28 09:20:26,450 WARNING pdfminer.pdfpage CropBox missing from /Page, defaulting to MediaBox
2026-03-28 09:20:26,461 WARNING pdfminer.pdfpage CropBox missing from /Page, defaulting to MediaBox
2026-03-28 09:20:26,475 WARNING pdfminer.pdfpage CropBox missing from /Page, defaulting to MediaBox
2026-03-28 09:20:26,485 WARNING pdfminer.pdfpage CropBox missing from /Page, defaulting to MediaBox
2026-03-28 09:20:26,498 WARNING pdfminer.pdfpage CropBox missing from /Page, defaulting to MediaBox
2026-03-28 09:20:26,509 WARNING pdfminer.pdfpage CropBox missing from /Page, defaulting to MediaBox
2026-03-28 09:20:26,522 WARNING pdfminer.pdfpage CropBox missing from /Page, defaulting to MediaBox
2026-03-28 09:20:26,534 WARNING pdfminer.pdfpage CropBox missing from /Page, defaulting to MediaBox
2026-03-28 09:20:26,546 WARNING pdfminer.pdfpage CropBox missing from /Page, defaulting to MediaBox
2026-03-28 09:20:26,557 WARNING pdfminer.pdfpage CropBox missing from /Page, defaulting to MediaBox
2026-03-28 09:20:26,569 WARNING pdfminer.pdfpage CropBox missing from /Page, defaulting to MediaBox
2026-03-28 09:20:26,582 WARNING pdfminer.pdfpage CropBox missing from /Page, defaulting to MediaBox
2026-03-28 09:20:26,594 WARNING pdfminer.pdfpage CropBox missing from /Page, defaulting to MediaBox
2026-03-28 09:20:26,604 WARNING pdfminer.pdfpage CropBox missing from /Page, defaulting to MediaBox
2026-03-28 09:20:26,617 WARNING pdfminer.pdfpage CropBox missing from /Page, defaulting to MediaBox
2026-03-28 09:20:26,629 WARNING pdfminer.pdfpage CropBox missing from /Page, defaulting to MediaBox
2026-03-28 09:20:26,642 WARNING pdfminer.pdfpage CropBox missing from /Page, defaulting to MediaBox
2026-03-28 09:20:26,654 WARNING pdfminer.pdfpage CropBox missing from /Page, defaulting to MediaBox
2026-03-28 09:20:26,667 WARNING pdfminer.pdfpage CropBox missing from /Page, defaulting to MediaBox
2026-03-28 09:20:26,678 WARNING pdfminer.pdfpage CropBox missing from /Page, defaulting to MediaBox
2026-03-28 09:20:26,690 WARNING pdfminer.pdfpage CropBox missing from /Page, defaulting to MediaBox
2026-03-28 09:20:26,698 WARNING pdfminer.pdfpage CropBox missing from /Page, defaulting to MediaBox
2026-03-28 09:20:26,705 WARNING pdfminer.pdfpage CropBox missing from /Page, defaulting to MediaBox
2026-03-28 09:20:26,708 INFO root SUCCESS 22-807 [7/16] → data\22-807\json\20230714_amici_State_Alabama_acedae.json
2026-03-28 09:20:28,672 WARNING pdfminer.pdfpage CropBox missing from /Page, defaulting to MediaBox
2026-03-28 09:20:28,680 WARNING pdfminer.pdfpage CropBox missing from /Page, defaulting to MediaBox
2026-03-28 09:20:28,689 WARNING pdfminer.pdfpage CropBox missing from /Page, defaulting to MediaBox
2026-03-28 09:20:28,696 WARNING pdfminer.pdfpage CropBox missing from /Page, defaulting to MediaBox
2026-03-28 09:20:28,703 WARNING pdfminer.pdfpage CropBox missing from /Page, defaulting to MediaBox
2026-03-28 09:20:28,710 WARNING pdfminer.pdfpage CropBox missing from /Page, defaulting to MediaBox
2026-03-28 09:20:28,716 WARNING pdfminer.pdfpage CropBox missing from /Page, defaulting to MediaBox
2026-03-28 09:20:28,718 WARNING pdfminer.pdfpage CropBox missing from /Page, defaulting to MediaBox
2026-03-28 09:20:28,725 WARNING pdfminer.pdfpage CropBox missing from /Page, defaulting to MediaBox
2026-03-28 09:20:28,731 WARNING pdfminer.pdfpage CropBox missing from /Page, defaulting to MediaBox
2026-03-28 09:20:28,740 WARNING pdfminer.pdfpage CropBox missing from /Page, defaulting to MediaBox
2026-03-28 09:20:28,748 WARNING pdfminer.pdfpage CropBox missing from /Page, defaulting to MediaBox
2026-03-28 09:20:28,755 WARNING pdfminer.pdfpage CropBox missing from /Page, defaulting to MediaBox
2026-03-28 09:20:28,763 WARNING pdfminer.pdfpage CropBox missing from /Page, defaulting to MediaBox
2026-03-28 09:20:28,772 WARNING pdfminer.pdfpage CropBox missing from /Page, defaulting to MediaBox
2026-03-28 09:20:28,780 WARNING pdfminer.pdfpage CropBox missing from /Page, defaulting to MediaBox
2026-03-28 09:20:28,790 WARNING pdfminer.pdfpage CropBox missing from /Page, defaulting to MediaBox
2026-03-28 09:20:28,798 WARNING pdfminer.pdfpage CropBox missing from /Page, defaulting to MediaBox
2026-03-28 09:20:28,807 WARNING pdfminer.pdfpage CropBox missing from /Page, defaulting to MediaBox
2026-03-28 09:20:28,819 WARNING pdfminer.pdfpage CropBox missing from /Page, defaulting to MediaBox
2026-03-28 09:20:28,825 WARNING pdfminer.pdfpage CropBox missing from /Page, defaulting to MediaBox
2026-03-28 09:20:28,833 WARNING pdfminer.pdfpage CropBox missing from /Page, defaulting to MediaBox
2026-03-28 09:20:28,839 WARNING pdfminer.pdfpage CropBox missing from /Page, defaulting to MediaBox
2026-03-28 09:20:28,848 WARNING pdfminer.pdfpage CropBox missing from /Page, defaulting to MediaBox
2026-03-28 09:20:28,855 WARNING pdfminer.pdfpage CropBox missing from /Page, defaulting to MediaBox
2026-03-28 09:20:28,862 WARNING pdfminer.pdfpage CropBox missing from /Page, defaulting to MediaBox
2026-03-28 09:20:28,870 WARNING pdfminer.pdfpage CropBox missing from /Page, defaulting to MediaBox
2026-03-28 09:20:28,878 WARNING pdfminer.pdfpage CropBox missing from /Page, defaulting to MediaBox
2026-03-28 09:20:28,884 WARNING pdfminer.pdfpage CropBox missing from /Page, defaulting to MediaBox
2026-03-28 09:20:28,891 WARNING pdfminer.pdfpage CropBox missing from /Page, defaulting to MediaBox
2026-03-28 09:20:28,895 INFO root SUCCESS 22-807 [8/16] → data\22-807\json\20230714_amicus_National_Republican_Redistricting_Trust_0ffffc.json
2026-03-28 09:20:31,876 INFO root SUCCESS 22-807 [9/16] → data\22-807\json\20230714_amicus_Fair_Lines_America_Foundation_062236.json
2026-03-28 09:20:34,064 INFO root SUCCESS 22-807 [10/16] → data\22-807\json\20230818_amicus_Constitutional_Accountability_Center_(Distributed)_aefff4.json
2026-03-28 09:20:36,216 INFO root SUCCESS 22-807 [11/16] → data\22-807\json\20230818_amici_Political_Science_Professors_(Distributed)_09a4ce.json
2026-03-28 09:20:38,610 INFO root SUCCESS 22-807 [12/16] → data\22-807\json\20230818_amici_Lawyersâ_Committee_Civil_Rights_Under_277aa2.json
2026-03-28 09:20:41,039 INFO root SUCCESS 22-807 [13/16] → data\22-807\json\20230818_amici_League_Women_Voters_South_Carolina_0007c4.json
2026-03-28 09:20:43,418 INFO root SUCCESS 22-807 [14/16] → data\22-807\json\20230818_amici_Nicholas_Stephanopoulos_Jowei_Chen_(Distributed)_2c5fd8.json
2026-03-28 09:20:45,574 INFO root SUCCESS 22-807 [15/16] → data\22-807\json\20230818_amicus_Congressman_James_Clyburn_(Distributed)_006e48.json
2026-03-28 09:20:48,539 INFO root SUCCESS 22-807 [16/16] → data\22-807\json\20230818_amici_Historians_(Distributed)_0924b4.json
2026-03-28 09:20:48,914 INFO root Processing Main Document: "Main Document"
2026-03-28 09:20:48,914 INFO root Skipping non-brief document: "Jan 17 2023 Application (22A642) to extend the time to file a petition for a wri"
2026-03-28 09:20:48,914 INFO root Processing Main Document: "Main Document"
2026-03-28 09:20:48,914 INFO root Skipping non-brief document: "Mar 21 2023 Motion to extend the time to file a response from April 6, 2023 to M"
2026-03-28 09:20:48,914 INFO root Processing Main Document: "Main Document"
2026-03-28 09:20:48,915 INFO root Filename: "20230502_respondent_Reginald_Kirtz_opposition"
2026-03-28 09:20:48,915 INFO root Processing Main Document: "Main Document"
2026-03-28 09:20:48,915 INFO root Filename: "20230516_reply_Department_Agriculture_Rural_Development_Rural_Housing"
2026-03-28 09:20:48,915 INFO root Processing Main Document: "Main Document"
2026-03-28 09:20:48,915 INFO root Skipping non-brief document: "Jun 27 2023 Motion to dispense with printing the joint appendix filed by petitio"
2026-03-28 09:20:48,915 INFO root Processing Main Document: "Main Document"
2026-03-28 09:20:48,915 INFO root Skipping non-brief document: "Jun 27 2023 Motion for an extension of time to file the briefs on the merits fil"
2026-03-28 09:20:48,915 INFO root Processing Main Document: "Main Document"
2026-03-28 09:20:48,915 INFO root Filename: "20230815_petitioner_Department_Agriculture_Rural_Development_Rural_Housing"
2026-03-28 09:20:48,916 INFO root Processing Main Document: "Main Document"
2026-03-28 09:20:48,916 INFO root Filename: "20230925_respondent_Reginald_Kirtz"
2026-03-28 09:20:48,916 INFO root Processing Main Document: "Main Document"
2026-03-28 09:20:48,916 INFO root Filename: "20231002_amicus_Constitutional_Accountability_Center_(Distributed)"
2026-03-28 09:20:48,916 INFO root Processing Main Document: "Main Document"
2026-03-28 09:20:48,916 INFO root Filename: "20231002_amici_National_Consumer_Law_Center"
2026-03-28 09:20:48,916 INFO root Processing Main Document: "Main Document"
2026-03-28 09:20:48,917 INFO root Filename: "20231025_reply_Department_Agriculture_Rural_Development_Rural_Housing"
2026-03-28 09:20:48,917 INFO root Processing Main Document: "Main Document"
2026-03-28 09:20:48,917 INFO root Skipping non-brief document: "Mar 11 2024 Judgment issued. Main Document"
2026-03-28 09:20:48,917 INFO root Found 7 brief/reply documents for 22-846
2026-03-28 09:20:48,917 INFO root Processing 7 brief/reply documents for case 22-846
2026-03-28 09:20:51,061 WARNING pdfminer.pdfpage CropBox missing from /Page, defaulting to MediaBox
2026-03-28 09:20:51,077 WARNING pdfminer.pdfpage CropBox missing from /Page, defaulting to MediaBox
2026-03-28 09:20:51,083 WARNING pdfminer.pdfpage CropBox missing from /Page, defaulting to MediaBox
2026-03-28 09:20:51,090 WARNING pdfminer.pdfpage CropBox missing from /Page, defaulting to MediaBox
2026-03-28 09:20:51,102 WARNING pdfminer.pdfpage CropBox missing from /Page, defaulting to MediaBox
2026-03-28 09:20:51,122 WARNING pdfminer.pdfpage CropBox missing from /Page, defaulting to MediaBox
2026-03-28 09:20:51,135 WARNING pdfminer.pdfpage CropBox missing from /Page, defaulting to MediaBox
2026-03-28 09:20:51,149 WARNING pdfminer.pdfpage CropBox missing from /Page, defaulting to MediaBox
2026-03-28 09:20:51,152 WARNING pdfminer.pdfpage CropBox missing from /Page, defaulting to MediaBox
2026-03-28 09:20:51,166 WARNING pdfminer.pdfpage CropBox missing from /Page, defaulting to MediaBox
2026-03-28 09:20:51,178 WARNING pdfminer.pdfpage CropBox missing from /Page, defaulting to MediaBox
2026-03-28 09:20:51,193 WARNING pdfminer.pdfpage CropBox missing from /Page, defaulting to MediaBox
2026-03-28 09:20:51,205 WARNING pdfminer.pdfpage CropBox missing from /Page, defaulting to MediaBox
2026-03-28 09:20:51,221 WARNING pdfminer.pdfpage CropBox missing from /Page, defaulting to MediaBox
2026-03-28 09:20:51,238 WARNING pdfminer.pdfpage CropBox missing from /Page, defaulting to MediaBox
2026-03-28 09:20:51,254 WARNING pdfminer.pdfpage CropBox missing from /Page, defaulting to MediaBox
2026-03-28 09:20:51,268 WARNING pdfminer.pdfpage CropBox missing from /Page, defaulting to MediaBox
2026-03-28 09:20:51,283 WARNING pdfminer.pdfpage CropBox missing from /Page, defaulting to MediaBox
2026-03-28 09:20:51,298 WARNING pdfminer.pdfpage CropBox missing from /Page, defaulting to MediaBox
2026-03-28 09:20:51,314 WARNING pdfminer.pdfpage CropBox missing from /Page, defaulting to MediaBox
2026-03-28 09:20:51,328 WARNING pdfminer.pdfpage CropBox missing from /Page, defaulting to MediaBox
2026-03-28 09:20:51,344 WARNING pdfminer.pdfpage CropBox missing from /Page, defaulting to MediaBox
2026-03-28 09:20:51,360 WARNING pdfminer.pdfpage CropBox missing from /Page, defaulting to MediaBox
2026-03-28 09:20:51,375 WARNING pdfminer.pdfpage CropBox missing from /Page, defaulting to MediaBox
2026-03-28 09:20:51,389 WARNING pdfminer.pdfpage CropBox missing from /Page, defaulting to MediaBox
2026-03-28 09:20:51,402 WARNING pdfminer.pdfpage CropBox missing from /Page, defaulting to MediaBox
2026-03-28 09:20:51,416 WARNING pdfminer.pdfpage CropBox missing from /Page, defaulting to MediaBox
2026-03-28 09:20:51,432 WARNING pdfminer.pdfpage CropBox missing from /Page, defaulting to MediaBox
2026-03-28 09:20:51,446 WARNING pdfminer.pdfpage CropBox missing from /Page, defaulting to MediaBox
2026-03-28 09:20:51,461 WARNING pdfminer.pdfpage CropBox missing from /Page, defaulting to MediaBox
2026-03-28 09:20:51,474 WARNING pdfminer.pdfpage CropBox missing from /Page, defaulting to MediaBox
2026-03-28 09:20:51,489 WARNING pdfminer.pdfpage CropBox missing from /Page, defaulting to MediaBox
2026-03-28 09:20:51,502 WARNING pdfminer.pdfpage CropBox missing from /Page, defaulting to MediaBox
2026-03-28 09:20:51,517 WARNING pdfminer.pdfpage CropBox missing from /Page, defaulting to MediaBox
2026-03-28 09:20:51,531 WARNING pdfminer.pdfpage CropBox missing from /Page, defaulting to MediaBox
2026-03-28 09:20:51,544 INFO root SUCCESS 22-846 [1/7] → data\22-846\json\20230502_respondent_Reginald_Kirtz_opposition_81463a.json
2026-03-28 09:20:53,964 INFO root SUCCESS 22-846 [2/7] → data\22-846\json\20230516_reply_Department_Agriculture_Rural_Development_Rural_Housing_e7a8fc.json
2026-03-28 09:20:57,825 INFO root SUCCESS 22-846 [3/7] → data\22-846\json\20230815_petitioner_Department_Agriculture_Rural_Development_Rural_Housing_7821e3.json
2026-03-28 09:20:59,756 WARNING pdfminer.pdfpage CropBox missing from /Page, defaulting to MediaBox
2026-03-28 09:20:59,770 WARNING pdfminer.pdfpage CropBox missing from /Page, defaulting to MediaBox
2026-03-28 09:20:59,776 WARNING pdfminer.pdfpage CropBox missing from /Page, defaulting to MediaBox
2026-03-28 09:20:59,787 WARNING pdfminer.pdfpage CropBox missing from /Page, defaulting to MediaBox
2026-03-28 09:20:59,791 WARNING pdfminer.pdfpage CropBox missing from /Page, defaulting to MediaBox
2026-03-28 09:20:59,803 WARNING pdfminer.pdfpage CropBox missing from /Page, defaulting to MediaBox
2026-03-28 09:20:59,814 WARNING pdfminer.pdfpage CropBox missing from /Page, defaulting to MediaBox
2026-03-28 09:20:59,824 WARNING pdfminer.pdfpage CropBox missing from /Page, defaulting to MediaBox
2026-03-28 09:20:59,835 WARNING pdfminer.pdfpage CropBox missing from /Page, defaulting to MediaBox
2026-03-28 09:20:59,846 WARNING pdfminer.pdfpage CropBox missing from /Page, defaulting to MediaBox
2026-03-28 09:20:59,857 WARNING pdfminer.pdfpage CropBox missing from /Page, defaulting to MediaBox
2026-03-28 09:20:59,872 WARNING pdfminer.pdfpage CropBox missing from /Page, defaulting to MediaBox
2026-03-28 09:20:59,887 WARNING pdfminer.pdfpage CropBox missing from /Page, defaulting to MediaBox
2026-03-28 09:20:59,901 WARNING pdfminer.pdfpage CropBox missing from /Page, defaulting to MediaBox
2026-03-28 09:20:59,913 WARNING pdfminer.pdfpage CropBox missing from /Page, defaulting to MediaBox
2026-03-28 09:20:59,920 WARNING pdfminer.pdfpage CropBox missing from /Page, defaulting to MediaBox
2026-03-28 09:20:59,936 WARNING pdfminer.pdfpage CropBox missing from /Page, defaulting to MediaBox
2026-03-28 09:20:59,950 WARNING pdfminer.pdfpage CropBox missing from /Page, defaulting to MediaBox
2026-03-28 09:20:59,964 WARNING pdfminer.pdfpage CropBox missing from /Page, defaulting to MediaBox
2026-03-28 09:20:59,976 WARNING pdfminer.pdfpage CropBox missing from /Page, defaulting to MediaBox
2026-03-28 09:20:59,990 WARNING pdfminer.pdfpage CropBox missing from /Page, defaulting to MediaBox
2026-03-28 09:21:00,006 WARNING pdfminer.pdfpage CropBox missing from /Page, defaulting to MediaBox
2026-03-28 09:21:00,022 WARNING pdfminer.pdfpage CropBox missing from /Page, defaulting to MediaBox
2026-03-28 09:21:00,035 WARNING pdfminer.pdfpage CropBox missing from /Page, defaulting to MediaBox
2026-03-28 09:21:00,049 WARNING pdfminer.pdfpage CropBox missing from /Page, defaulting to MediaBox
2026-03-28 09:21:00,062 WARNING pdfminer.pdfpage CropBox missing from /Page, defaulting to MediaBox
2026-03-28 09:21:00,076 WARNING pdfminer.pdfpage CropBox missing from /Page, defaulting to MediaBox
2026-03-28 09:21:00,091 WARNING pdfminer.pdfpage CropBox missing from /Page, defaulting to MediaBox
2026-03-28 09:21:00,105 WARNING pdfminer.pdfpage CropBox missing from /Page, defaulting to MediaBox
2026-03-28 09:21:00,119 WARNING pdfminer.pdfpage CropBox missing from /Page, defaulting to MediaBox
2026-03-28 09:21:00,132 WARNING pdfminer.pdfpage CropBox missing from /Page, defaulting to MediaBox
2026-03-28 09:21:00,147 WARNING pdfminer.pdfpage CropBox missing from /Page, defaulting to MediaBox
2026-03-28 09:21:00,161 WARNING pdfminer.pdfpage CropBox missing from /Page, defaulting to MediaBox
2026-03-28 09:21:00,175 WARNING pdfminer.pdfpage CropBox missing from /Page, defaulting to MediaBox
2026-03-28 09:21:00,188 WARNING pdfminer.pdfpage CropBox missing from /Page, defaulting to MediaBox
2026-03-28 09:21:00,200 WARNING pdfminer.pdfpage CropBox missing from /Page, defaulting to MediaBox
2026-03-28 09:21:00,216 WARNING pdfminer.pdfpage CropBox missing from /Page, defaulting to MediaBox
2026-03-28 09:21:00,229 WARNING pdfminer.pdfpage CropBox missing from /Page, defaulting to MediaBox
2026-03-28 09:21:00,243 WARNING pdfminer.pdfpage CropBox missing from /Page, defaulting to MediaBox
2026-03-28 09:21:00,258 WARNING pdfminer.pdfpage CropBox missing from /Page, defaulting to MediaBox
2026-03-28 09:21:00,271 WARNING pdfminer.pdfpage CropBox missing from /Page, defaulting to MediaBox
2026-03-28 09:21:00,284 WARNING pdfminer.pdfpage CropBox missing from /Page, defaulting to MediaBox
2026-03-28 09:21:00,299 WARNING pdfminer.pdfpage CropBox missing from /Page, defaulting to MediaBox
2026-03-28 09:21:00,313 WARNING pdfminer.pdfpage CropBox missing from /Page, defaulting to MediaBox
2026-03-28 09:21:00,327 WARNING pdfminer.pdfpage CropBox missing from /Page, defaulting to MediaBox
2026-03-28 09:21:00,341 WARNING pdfminer.pdfpage CropBox missing from /Page, defaulting to MediaBox
2026-03-28 09:21:00,355 WARNING pdfminer.pdfpage CropBox missing from /Page, defaulting to MediaBox
2026-03-28 09:21:00,375 WARNING pdfminer.pdfpage CropBox missing from /Page, defaulting to MediaBox
2026-03-28 09:21:00,389 WARNING pdfminer.pdfpage CropBox missing from /Page, defaulting to MediaBox
2026-03-28 09:21:00,403 WARNING pdfminer.pdfpage CropBox missing from /Page, defaulting to MediaBox
2026-03-28 09:21:00,416 WARNING pdfminer.pdfpage CropBox missing from /Page, defaulting to MediaBox
2026-03-28 09:21:00,429 WARNING pdfminer.pdfpage CropBox missing from /Page, defaulting to MediaBox
2026-03-28 09:21:00,443 WARNING pdfminer.pdfpage CropBox missing from /Page, defaulting to MediaBox
2026-03-28 09:21:00,458 WARNING pdfminer.pdfpage CropBox missing from /Page, defaulting to MediaBox
2026-03-28 09:21:00,473 WARNING pdfminer.pdfpage CropBox missing from /Page, defaulting to MediaBox
2026-03-28 09:21:00,488 WARNING pdfminer.pdfpage CropBox missing from /Page, defaulting to MediaBox
2026-03-28 09:21:00,502 WARNING pdfminer.pdfpage CropBox missing from /Page, defaulting to MediaBox
2026-03-28 09:21:00,515 WARNING pdfminer.pdfpage CropBox missing from /Page, defaulting to MediaBox
2026-03-28 09:21:00,529 WARNING pdfminer.pdfpage CropBox missing from /Page, defaulting to MediaBox
2026-03-28 09:21:00,545 WARNING pdfminer.pdfpage CropBox missing from /Page, defaulting to MediaBox
2026-03-28 09:21:00,558 WARNING pdfminer.pdfpage CropBox missing from /Page, defaulting to MediaBox
2026-03-28 09:21:00,573 WARNING pdfminer.pdfpage CropBox missing from /Page, defaulting to MediaBox
2026-03-28 09:21:00,587 WARNING pdfminer.pdfpage CropBox missing from /Page, defaulting to MediaBox
2026-03-28 09:21:00,596 INFO root SUCCESS 22-846 [4/7] → data\22-846\json\20230925_respondent_Reginald_Kirtz_c35957.json
2026-03-28 09:21:02,519 WARNING pdfminer.pdfpage CropBox missing from /Page, defaulting to MediaBox
2026-03-28 09:21:02,541 WARNING pdfminer.pdfpage CropBox missing from /Page, defaulting to MediaBox
2026-03-28 09:21:02,555 WARNING pdfminer.pdfpage CropBox missing from /Page, defaulting to MediaBox
2026-03-28 09:21:02,575 WARNING pdfminer.pdfpage CropBox missing from /Page, defaulting to MediaBox
2026-03-28 09:21:02,595 WARNING pdfminer.pdfpage CropBox missing from /Page, defaulting to MediaBox
2026-03-28 09:21:02,614 WARNING pdfminer.pdfpage CropBox missing from /Page, defaulting to MediaBox
2026-03-28 09:21:02,635 WARNING pdfminer.pdfpage CropBox missing from /Page, defaulting to MediaBox
2026-03-28 09:21:02,649 WARNING pdfminer.pdfpage CropBox missing from /Page, defaulting to MediaBox
2026-03-28 09:21:02,669 WARNING pdfminer.pdfpage CropBox missing from /Page, defaulting to MediaBox
2026-03-28 09:21:02,693 WARNING pdfminer.pdfpage CropBox missing from /Page, defaulting to MediaBox
2026-03-28 09:21:02,716 WARNING pdfminer.pdfpage CropBox missing from /Page, defaulting to MediaBox
2026-03-28 09:21:02,736 WARNING pdfminer.pdfpage CropBox missing from /Page, defaulting to MediaBox
2026-03-28 09:21:02,756 WARNING pdfminer.pdfpage CropBox missing from /Page, defaulting to MediaBox
2026-03-28 09:21:02,775 WARNING pdfminer.pdfpage CropBox missing from /Page, defaulting to MediaBox
2026-03-28 09:21:02,798 WARNING pdfminer.pdfpage CropBox missing from /Page, defaulting to MediaBox
2026-03-28 09:21:02,818 WARNING pdfminer.pdfpage CropBox missing from /Page, defaulting to MediaBox
2026-03-28 09:21:02,839 WARNING pdfminer.pdfpage CropBox missing from /Page, defaulting to MediaBox
2026-03-28 09:21:02,859 WARNING pdfminer.pdfpage CropBox missing from /Page, defaulting to MediaBox
2026-03-28 09:21:02,880 WARNING pdfminer.pdfpage CropBox missing from /Page, defaulting to MediaBox
2026-03-28 09:21:02,900 WARNING pdfminer.pdfpage CropBox missing from /Page, defaulting to MediaBox
2026-03-28 09:21:02,920 WARNING pdfminer.pdfpage CropBox missing from /Page, defaulting to MediaBox
2026-03-28 09:21:02,941 WARNING pdfminer.pdfpage CropBox missing from /Page, defaulting to MediaBox
2026-03-28 09:21:02,956 WARNING pdfminer.pdfpage CropBox missing from /Page, defaulting to MediaBox
2026-03-28 09:21:02,966 INFO root SUCCESS 22-846 [5/7] → data\22-846\json\20231002_amicus_Constitutional_Accountability_Center_(Distributed)_afc187.json
2026-03-28 09:21:05,280 INFO root SUCCESS 22-846 [6/7] → data\22-846\json\20231002_amici_National_Consumer_Law_Center_88813f.json
2026-03-28 09:21:07,931 INFO root SUCCESS 22-846 [7/7] → data\22-846\json\20231025_reply_Department_Agriculture_Rural_Development_Rural_Housing_acb53f.json
2026-03-28 09:21:08,190 INFO root Processing Main Document: "Main Document"
2026-03-28 09:21:08,191 INFO root Skipping non-brief document: "Mar 16 2023 Motion to extend the time to file a response from March 27, 2023 to "
2026-03-28 09:21:08,191 INFO root Processing Main Document: "Main Document"
2026-03-28 09:21:08,191 INFO root Filename: "20230327_amicus_Cato_Institute"
2026-03-28 09:21:08,191 INFO root Processing Main Document: "Main Document"
2026-03-28 09:21:08,191 INFO root Filename: "20230327_amicus_Landmark_Legal_Foundation"
2026-03-28 09:21:08,192 INFO root Processing Main Document: "Main Document"
2026-03-28 09:21:08,192 INFO root Filename: "20230327_amicus_Chamber_Commerce_US_America"
2026-03-28 09:21:08,192 INFO root Processing Main Document: "Main Document"
2026-03-28 09:21:08,192 INFO root Filename: "20230327_amici_Manhattan_Institute_Policy_Research"
2026-03-28 09:21:08,192 INFO root Processing Main Document: "Main Document"
2026-03-28 09:21:08,192 INFO root Filename: "20230327_amicus_Southeastern_Legal_Foundation"
2026-03-28 09:21:08,193 INFO root Processing Main Document: "Main Document"
2026-03-28 09:21:08,193 INFO root Filename: "20230327_amicus_Buckeye_Institute"
2026-03-28 09:21:08,193 INFO root Processing Main Document: "Main Document"
2026-03-28 09:21:08,193 INFO root Filename: "20230327_amici_Pacific_Research_Institute"
2026-03-28 09:21:08,193 INFO root Processing Main Document: "Main Document"
2026-03-28 09:21:08,193 INFO root Filename: "20230327_amicus_Americans_Tax_Reform"
2026-03-28 09:21:08,193 INFO root Processing Main Document: "Main Document"
2026-03-28 09:21:08,193 INFO root Skipping non-brief document: "Apr 17 2023 Motion to extend the time to file a response from April 26, 2023 to "
2026-03-28 09:21:08,193 INFO root Processing Main Document: "Main Document"
2026-03-28 09:21:08,193 INFO root Filename: "20230516_respondent_US_opposition"
2026-03-28 09:21:08,194 INFO root Processing Main Document: "Main Document"
2026-03-28 09:21:08,194 INFO root Filename: "20230530_reply_Charles_Moore"
2026-03-28 09:21:08,194 INFO root Processing Main Document: "Main Document"
2026-03-28 09:21:08,194 INFO root Skipping non-brief document: "Jul 10 2023 Motion for an extension of time within which to file the briefs on t"
2026-03-28 09:21:08,194 INFO root Processing Main Document: "Main Document"
2026-03-28 09:21:08,194 INFO root Skipping non-brief document: "Jul 10 2023 Motion to dispense with printing the joint appendix filed by petitio"
2026-03-28 09:21:08,194 INFO root Processing Main Document: "Main Document"
2026-03-28 09:21:08,194 INFO root Filename: "20230830_petitioner_Charles_G._Moore"
2026-03-28 09:21:08,194 INFO root Processing Main Document: "Main Document"
2026-03-28 09:21:08,194 INFO root Filename: "20230905_amicus_Professor_Hank_Adler"
2026-03-28 09:21:08,194 INFO root Processing Main Document: "Main Document"
2026-03-28 09:21:08,195 INFO root Filename: "20230905_amicus_Southern_Policy_Law_Institute"
2026-03-28 09:21:08,195 INFO root Processing Main Document: "Main Document"
2026-03-28 09:21:08,195 INFO root Filename: "20230905_amici_Stop_Extraterritorial_American_Taxation_Association"
2026-03-28 09:21:08,195 INFO root Processing Main Document: "Main Document"
2026-03-28 09:21:08,195 INFO root Filename: "20230906_amicus_Independent_Women's_Law_Center"
2026-03-28 09:21:08,195 INFO root Processing Main Document: "Main Document"
2026-03-28 09:21:08,195 INFO root Filename: "20230906_amicus_Liberty_Justice_Center"
2026-03-28 09:21:08,195 INFO root Processing Main Document: "Main Document"
2026-03-28 09:21:08,196 INFO root Filename: "20230906_amicus_Pacific_Research_Institute"
2026-03-28 09:21:08,196 INFO root Processing Main Document: "Main Document"
2026-03-28 09:21:08,196 INFO root Filename: "20230906_amicus_Atlantic_Legal_Foundation"
2026-03-28 09:21:08,196 INFO root Processing Main Document: "Main Document"
2026-03-28 09:21:08,196 INFO root Filename: "20230906_amici_West_Virginia"
2026-03-28 09:21:08,196 INFO root Processing Main Document: "Main Document"
2026-03-28 09:21:08,196 INFO root Filename: "20230906_amicus_Landmark_Legal_Foundation"
2026-03-28 09:21:08,197 INFO root Processing Main Document: "Main Document"
2026-03-28 09:21:08,197 INFO root Filename: "20230906_amici_Manhattan_Institute_Policy_Research"
2026-03-28 09:21:08,197 INFO root Processing Main Document: "Main Document"
2026-03-28 09:21:08,197 INFO root Filename: "20230906_amicus_Cato_Institute"
2026-03-28 09:21:08,197 INFO root Processing Main Document: "Main Document"
2026-03-28 09:21:08,198 INFO root Filename: "20230906_amicus_Mark_Berg"
2026-03-28 09:21:08,198 INFO root Processing Main Document: "Main Document"
2026-03-28 09:21:08,198 INFO root Filename: "20230906_amici_Saving_America's_Family_Enterprises"
2026-03-28 09:21:08,198 INFO root Processing Main Document: "Main Document"
2026-03-28 09:21:08,198 INFO root Filename: "20230906_amicus_Philanthropy_Roundtable"
2026-03-28 09:21:08,198 INFO root Processing Main Document: "Main Document"
2026-03-28 09:21:08,198 INFO root Filename: "20230906_amicus_Chamber_Commerce_US_America"
2026-03-28 09:21:08,198 INFO root Processing Main Document: "Main Document"
2026-03-28 09:21:08,199 INFO root Filename: "20230906_amici_Individual_Taxpayers"
2026-03-28 09:21:08,199 INFO root Processing Main Document: "Main Document"
2026-03-28 09:21:08,199 INFO root Filename: "20230906_amicus_Small_Business_Entrepreneurship_Council"
2026-03-28 09:21:08,199 INFO root Processing Main Document: "Main Document"
2026-03-28 09:21:08,199 INFO root Filename: "20230906_amici_Professors_Law_Linguistics_support"
2026-03-28 09:21:08,199 INFO root Processing Main Document: "Main Document"
2026-03-28 09:21:08,199 INFO root Filename: "20230906_amicus_Americans_Tax_Reform"
2026-03-28 09:21:08,199 INFO root Processing Main Document: "Main Document"
2026-03-28 09:21:08,199 INFO root Filename: "20230906_amici_Sixteenth_Amendment_Insights_LLC_Jeffrey"
2026-03-28 09:21:08,200 INFO root Processing Main Document: "Main Document"
2026-03-28 09:21:08,200 INFO root Filename: "20230906_amicus_FreedomWorks_Inc"
2026-03-28 09:21:08,200 INFO root Processing Main Document: "Main Document"
2026-03-28 09:21:08,200 INFO root Filename: "20230906_amici_Southeastern_Legal_Foundation_Young_Americaâs"
2026-03-28 09:21:08,200 INFO root Processing Main Document: "Main Document"
2026-03-28 09:21:08,200 INFO root Filename: "20230906_amici_Buckeye_Institute_National_Federation_Independent"
2026-03-28 09:21:08,200 INFO root Processing Main Document: "Main Document"
2026-03-28 09:21:08,200 INFO root Filename: "20230906_amicus_National_Taxpayers_Union_Foundation"
2026-03-28 09:21:08,200 INFO root Processing Main Document: "Main Document"
2026-03-28 09:21:08,201 INFO root Filename: "20230906_amici_Former_Attorney_General_Edwin_Meese"
2026-03-28 09:21:08,201 INFO root Processing Main Document: "Main Document"
2026-03-28 09:21:08,201 INFO root Filename: "20230908_amicus_Calvin_Johnson"
2026-03-28 09:21:08,201 INFO root Processing Main Document: "Main Document"
2026-03-28 09:21:08,201 INFO root Filename: "20231011_amicus_Theodore_Seto"
2026-03-28 09:21:08,201 INFO root Processing Main Document: "Main Document"
2026-03-28 09:21:08,201 INFO root Filename: "20231011_amicus_L.E_Simmons"
2026-03-28 09:21:08,201 INFO root Processing Main Document: "Main Document"
2026-03-28 09:21:08,202 INFO root Filename: "20231016_respondent_US"
2026-03-28 09:21:08,202 INFO root Processing Main Document: "Main Document"
2026-03-28 09:21:08,202 INFO root Filename: "20231019_amici_Reuven_Avi-Yonah_Clinton_Wallace_Bret"
2026-03-28 09:21:08,202 INFO root Processing Main Document: "Main Document"
2026-03-28 09:21:08,202 INFO root Filename: "20231019_amicus_American_Tax_Policy_Institute_(Distributed)"
2026-03-28 09:21:08,202 INFO root Processing Main Document: "Main Document"
2026-03-28 09:21:08,203 INFO root Filename: "20231020_amici_Tax_Professors_Donald_Tobin_Ellen"
2026-03-28 09:21:08,203 INFO root Processing Main Document: "Main Document"
2026-03-28 09:21:08,203 INFO root Filename: "20231020_amici_Professors_Bruce_Ackerman_Joseph_Fishkin"
2026-03-28 09:21:08,203 INFO root Processing Main Document: "Main Document"
2026-03-28 09:21:08,203 INFO root Filename: "20231023_amici_John_Brooks_David_Gamage_(Distributed)"
2026-03-28 09:21:08,203 INFO root Processing Main Document: "Main Document"
2026-03-28 09:21:08,204 INFO root Filename: "20231023_amicus_Amandeep_Grewal_filed.(11_6_2023)_(Distributed)"
2026-03-28 09:21:08,204 INFO root Processing Main Document: "Main Document"
2026-03-28 09:21:08,204 INFO root Filename: "20231023_amici_George_Callas_Mindy_Herzfeld_(Distributed)"
2026-03-28 09:21:08,204 INFO root Processing Main Document: "Main Document"
2026-03-28 09:21:08,204 INFO root Filename: "20231023_amicus_American_College_Tax_Counsel_(Distributed)"
2026-03-28 09:21:08,204 INFO root Processing Main Document: "Main Document"
2026-03-28 09:21:08,204 INFO root Filename: "20231023_amici_Tax_Economists_(Distributed)"
2026-03-28 09:21:08,204 INFO root Processing Main Document: "Main Document"
2026-03-28 09:21:08,204 INFO root Filename: "20231023_amici_Streliance_(Distributed)"
2026-03-28 09:21:08,204 INFO root Processing Main Document: "Main Document"
2026-03-28 09:21:08,205 INFO root Filename: "20231023_amici_Professors_Akhil_Reed_Amar"
2026-03-28 09:21:08,205 INFO root Processing Main Document: "Main Document"
2026-03-28 09:21:08,205 INFO root Filename: "20231023_amici_Tax_Law_Center_NYU"
2026-03-28 09:21:08,205 INFO root Processing Main Document: "Main Document"
2026-03-28 09:21:08,205 INFO root Filename: "20231023_amici_Professors_Tax_Law_Legal_History"
2026-03-28 09:21:08,205 INFO root Processing Main Document: "Main Document"
2026-03-28 09:21:08,205 INFO root Filename: "20231023_amicus_Alex_Zhang_(Distributed)"
2026-03-28 09:21:08,205 INFO root Processing Main Document: "Main Document"
2026-03-28 09:21:08,205 INFO root Filename: "20231023_amici_Arizona_(Distributed)"
2026-03-28 09:21:08,205 INFO root Processing Main Document: "Main Document"
2026-03-28 09:21:08,206 INFO root Filename: "20231115_reply_Charles_G._Moore"
2026-03-28 09:21:08,206 INFO root Processing Main Document: "Main Document"
2026-03-28 09:21:08,206 INFO root Skipping non-brief document: "Jul 22 2024 Judgment Issued. Main Document"
2026-03-28 09:21:08,206 INFO root Found 56 brief/reply documents for 22-800
2026-03-28 09:21:08,206 INFO root Processing 56 brief/reply documents for case 22-800
2026-03-28 09:21:10,270 WARNING pdfminer.pdfpage CropBox missing from /Page, defaulting to MediaBox
2026-03-28 09:21:10,286 WARNING pdfminer.pdfpage CropBox missing from /Page, defaulting to MediaBox
2026-03-28 09:21:10,292 WARNING pdfminer.pdfpage CropBox missing from /Page, defaulting to MediaBox
2026-03-28 09:21:10,304 WARNING pdfminer.pdfpage CropBox missing from /Page, defaulting to MediaBox
2026-03-28 09:21:10,326 WARNING pdfminer.pdfpage CropBox missing from /Page, defaulting to MediaBox
2026-03-28 09:21:10,342 WARNING pdfminer.pdfpage CropBox missing from /Page, defaulting to MediaBox
2026-03-28 09:21:10,355 WARNING pdfminer.pdfpage CropBox missing from /Page, defaulting to MediaBox
2026-03-28 09:21:10,379 WARNING pdfminer.pdfpage CropBox missing from /Page, defaulting to MediaBox
2026-03-28 09:21:10,403 WARNING pdfminer.pdfpage CropBox missing from /Page, defaulting to MediaBox
2026-03-28 09:21:10,425 WARNING pdfminer.pdfpage CropBox missing from /Page, defaulting to MediaBox
2026-03-28 09:21:10,452 WARNING pdfminer.pdfpage CropBox missing from /Page, defaulting to MediaBox
2026-03-28 09:21:10,475 WARNING pdfminer.pdfpage CropBox missing from /Page, defaulting to MediaBox
2026-03-28 09:21:10,495 WARNING pdfminer.pdfpage CropBox missing from /Page, defaulting to MediaBox
2026-03-28 09:21:10,522 WARNING pdfminer.pdfpage CropBox missing from /Page, defaulting to MediaBox
2026-03-28 09:21:10,543 WARNING pdfminer.pdfpage CropBox missing from /Page, defaulting to MediaBox
2026-03-28 09:21:10,567 WARNING pdfminer.pdfpage CropBox missing from /Page, defaulting to MediaBox
2026-03-28 09:21:10,590 WARNING pdfminer.pdfpage CropBox missing from /Page, defaulting to MediaBox
2026-03-28 09:21:10,615 WARNING pdfminer.pdfpage CropBox missing from /Page, defaulting to MediaBox
2026-03-28 09:21:10,637 WARNING pdfminer.pdfpage CropBox missing from /Page, defaulting to MediaBox
2026-03-28 09:21:10,659 WARNING pdfminer.pdfpage CropBox missing from /Page, defaulting to MediaBox
2026-03-28 09:21:10,678 WARNING pdfminer.pdfpage CropBox missing from /Page, defaulting to MediaBox
2026-03-28 09:21:10,698 WARNING pdfminer.pdfpage CropBox missing from /Page, defaulting to MediaBox
2026-03-28 09:21:10,713 WARNING pdfminer.pdfpage CropBox missing from /Page, defaulting to MediaBox
2026-03-28 09:21:10,724 INFO root SUCCESS 22-800 [1/56] → data\22-800\json\20230327_amicus_Cato_Institute_e3c542.json
2026-03-28 09:21:12,919 INFO root SUCCESS 22-800 [2/56] → data\22-800\json\20230327_amicus_Landmark_Legal_Foundation_a87e66.json
2026-03-28 09:21:15,351 INFO root SUCCESS 22-800 [3/56] → data\22-800\json\20230327_amicus_Chamber_Commerce_US_America_b0fc99.json
2026-03-28 09:21:17,785 INFO root SUCCESS 22-800 [4/56] → data\22-800\json\20230327_amici_Manhattan_Institute_Policy_Research_b22c0e.json
2026-03-28 09:21:20,232 INFO root SUCCESS 22-800 [5/56] → data\22-800\json\20230327_amicus_Southeastern_Legal_Foundation_9d70f3.json
2026-03-28 09:21:22,735 INFO root SUCCESS 22-800 [6/56] → data\22-800\json\20230327_amicus_Buckeye_Institute_301ad6.json
2026-03-28 09:21:25,102 INFO root SUCCESS 22-800 [7/56] → data\22-800\json\20230327_amici_Pacific_Research_Institute_b7bda1.json
2026-03-28 09:21:27,440 INFO root SUCCESS 22-800 [8/56] → data\22-800\json\20230327_amicus_Americans_Tax_Reform_32c29f.json
2026-03-28 09:21:30,043 INFO root SUCCESS 22-800 [9/56] → data\22-800\json\20230516_respondent_US_opposition_fcc693.json
2026-03-28 09:21:32,145 WARNING pdfminer.pdfpage CropBox missing from /Page, defaulting to MediaBox
2026-03-28 09:21:32,153 WARNING pdfminer.pdfpage CropBox missing from /Page, defaulting to MediaBox
2026-03-28 09:21:32,156 WARNING pdfminer.pdfpage CropBox missing from /Page, defaulting to MediaBox
2026-03-28 09:21:32,163 WARNING pdfminer.pdfpage CropBox missing from /Page, defaulting to MediaBox
2026-03-28 09:21:32,169 WARNING pdfminer.pdfpage CropBox missing from /Page, defaulting to MediaBox
2026-03-28 09:21:32,171 WARNING pdfminer.pdfpage CropBox missing from /Page, defaulting to MediaBox
2026-03-28 09:21:32,177 WARNING pdfminer.pdfpage CropBox missing from /Page, defaulting to MediaBox
2026-03-28 09:21:32,183 WARNING pdfminer.pdfpage CropBox missing from /Page, defaulting to MediaBox
2026-03-28 09:21:32,190 WARNING pdfminer.pdfpage CropBox missing from /Page, defaulting to MediaBox
2026-03-28 09:21:32,196 WARNING pdfminer.pdfpage CropBox missing from /Page, defaulting to MediaBox
2026-03-28 09:21:32,203 WARNING pdfminer.pdfpage CropBox missing from /Page, defaulting to MediaBox
2026-03-28 09:21:32,209 WARNING pdfminer.pdfpage CropBox missing from /Page, defaulting to MediaBox
2026-03-28 09:21:32,215 WARNING pdfminer.pdfpage CropBox missing from /Page, defaulting to MediaBox
2026-03-28 09:21:32,220 WARNING pdfminer.pdfpage CropBox missing from /Page, defaulting to MediaBox
2026-03-28 09:21:32,227 WARNING pdfminer.pdfpage CropBox missing from /Page, defaulting to MediaBox
2026-03-28 09:21:32,233 WARNING pdfminer.pdfpage CropBox missing from /Page, defaulting to MediaBox
2026-03-28 09:21:32,236 WARNING pdfminer.pdfpage CropBox missing from /Page, defaulting to MediaBox
2026-03-28 09:21:32,242 WARNING pdfminer.pdfpage CropBox missing from /Page, defaulting to MediaBox
2026-03-28 09:21:32,247 WARNING pdfminer.pdfpage CropBox missing from /Page, defaulting to MediaBox
2026-03-28 09:21:32,252 INFO root SUCCESS 22-800 [10/56] → data\22-800\json\20230530_reply_Charles_Moore_5f5704.json
2026-03-28 09:21:34,275 WARNING pdfminer.pdfpage CropBox missing from /Page, defaulting to MediaBox
2026-03-28 09:21:34,284 WARNING pdfminer.pdfpage CropBox missing from /Page, defaulting to MediaBox
2026-03-28 09:21:34,286 WARNING pdfminer.pdfpage CropBox missing from /Page, defaulting to MediaBox
2026-03-28 09:21:34,289 WARNING pdfminer.pdfpage CropBox missing from /Page, defaulting to MediaBox
2026-03-28 09:21:34,297 WARNING pdfminer.pdfpage CropBox missing from /Page, defaulting to MediaBox
2026-03-28 09:21:34,299 WARNING pdfminer.pdfpage CropBox missing from /Page, defaulting to MediaBox
2026-03-28 09:21:34,305 WARNING pdfminer.pdfpage CropBox missing from /Page, defaulting to MediaBox
2026-03-28 09:21:34,312 WARNING pdfminer.pdfpage CropBox missing from /Page, defaulting to MediaBox
2026-03-28 09:21:34,319 WARNING pdfminer.pdfpage CropBox missing from /Page, defaulting to MediaBox
2026-03-28 09:21:34,330 WARNING pdfminer.pdfpage CropBox missing from /Page, defaulting to MediaBox
2026-03-28 09:21:34,338 WARNING pdfminer.pdfpage CropBox missing from /Page, defaulting to MediaBox
2026-03-28 09:21:34,344 WARNING pdfminer.pdfpage CropBox missing from /Page, defaulting to MediaBox
2026-03-28 09:21:34,351 WARNING pdfminer.pdfpage CropBox missing from /Page, defaulting to MediaBox
2026-03-28 09:21:34,358 WARNING pdfminer.pdfpage CropBox missing from /Page, defaulting to MediaBox
2026-03-28 09:21:34,365 WARNING pdfminer.pdfpage CropBox missing from /Page, defaulting to MediaBox
2026-03-28 09:21:34,373 WARNING pdfminer.pdfpage CropBox missing from /Page, defaulting to MediaBox
2026-03-28 09:21:34,376 WARNING pdfminer.pdfpage CropBox missing from /Page, defaulting to MediaBox
2026-03-28 09:21:34,383 WARNING pdfminer.pdfpage CropBox missing from /Page, defaulting to MediaBox
2026-03-28 09:21:34,391 WARNING pdfminer.pdfpage CropBox missing from /Page, defaulting to MediaBox
2026-03-28 09:21:34,398 WARNING pdfminer.pdfpage CropBox missing from /Page, defaulting to MediaBox
2026-03-28 09:21:34,404 WARNING pdfminer.pdfpage CropBox missing from /Page, defaulting to MediaBox
2026-03-28 09:21:34,411 WARNING pdfminer.pdfpage CropBox missing from /Page, defaulting to MediaBox
2026-03-28 09:21:34,419 WARNING pdfminer.pdfpage CropBox missing from /Page, defaulting to MediaBox
2026-03-28 09:21:34,426 WARNING pdfminer.pdfpage CropBox missing from /Page, defaulting to MediaBox
2026-03-28 09:21:34,434 WARNING pdfminer.pdfpage CropBox missing from /Page, defaulting to MediaBox
2026-03-28 09:21:34,443 WARNING pdfminer.pdfpage CropBox missing from /Page, defaulting to MediaBox
2026-03-28 09:21:34,451 WARNING pdfminer.pdfpage CropBox missing from /Page, defaulting to MediaBox
2026-03-28 09:21:34,459 WARNING pdfminer.pdfpage CropBox missing from /Page, defaulting to MediaBox
2026-03-28 09:21:34,467 WARNING pdfminer.pdfpage CropBox missing from /Page, defaulting to MediaBox
2026-03-28 09:21:34,474 WARNING pdfminer.pdfpage CropBox missing from /Page, defaulting to MediaBox
2026-03-28 09:21:34,484 WARNING pdfminer.pdfpage CropBox missing from /Page, defaulting to MediaBox
2026-03-28 09:21:34,491 WARNING pdfminer.pdfpage CropBox missing from /Page, defaulting to MediaBox
2026-03-28 09:21:34,497 WARNING pdfminer.pdfpage CropBox missing from /Page, defaulting to MediaBox
2026-03-28 09:21:34,505 WARNING pdfminer.pdfpage CropBox missing from /Page, defaulting to MediaBox
2026-03-28 09:21:34,514 WARNING pdfminer.pdfpage CropBox missing from /Page, defaulting to MediaBox
2026-03-28 09:21:34,523 WARNING pdfminer.pdfpage CropBox missing from /Page, defaulting to MediaBox
2026-03-28 09:21:34,531 WARNING pdfminer.pdfpage CropBox missing from /Page, defaulting to MediaBox
2026-03-28 09:21:34,541 WARNING pdfminer.pdfpage CropBox missing from /Page, defaulting to MediaBox
2026-03-28 09:21:34,549 WARNING pdfminer.pdfpage CropBox missing from /Page, defaulting to MediaBox
2026-03-28 09:21:34,556 WARNING pdfminer.pdfpage CropBox missing from /Page, defaulting to MediaBox
2026-03-28 09:21:34,565 WARNING pdfminer.pdfpage CropBox missing from /Page, defaulting to MediaBox
2026-03-28 09:21:34,575 WARNING pdfminer.pdfpage CropBox missing from /Page, defaulting to MediaBox
2026-03-28 09:21:34,582 WARNING pdfminer.pdfpage CropBox missing from /Page, defaulting to MediaBox
2026-03-28 09:21:34,590 WARNING pdfminer.pdfpage CropBox missing from /Page, defaulting to MediaBox
2026-03-28 09:21:34,599 WARNING pdfminer.pdfpage CropBox missing from /Page, defaulting to MediaBox
2026-03-28 09:21:34,608 WARNING pdfminer.pdfpage CropBox missing from /Page, defaulting to MediaBox
2026-03-28 09:21:34,616 WARNING pdfminer.pdfpage CropBox missing from /Page, defaulting to MediaBox
2026-03-28 09:21:34,624 WARNING pdfminer.pdfpage CropBox missing from /Page, defaulting to MediaBox
2026-03-28 09:21:34,632 WARNING pdfminer.pdfpage CropBox missing from /Page, defaulting to MediaBox
2026-03-28 09:21:34,640 WARNING pdfminer.pdfpage CropBox missing from /Page, defaulting to MediaBox
2026-03-28 09:21:34,648 WARNING pdfminer.pdfpage CropBox missing from /Page, defaulting to MediaBox
2026-03-28 09:21:34,657 WARNING pdfminer.pdfpage CropBox missing from /Page, defaulting to MediaBox
2026-03-28 09:21:34,665 WARNING pdfminer.pdfpage CropBox missing from /Page, defaulting to MediaBox
2026-03-28 09:21:34,673 WARNING pdfminer.pdfpage CropBox missing from /Page, defaulting to MediaBox
2026-03-28 09:21:34,682 WARNING pdfminer.pdfpage CropBox missing from /Page, defaulting to MediaBox
2026-03-28 09:21:34,690 WARNING pdfminer.pdfpage CropBox missing from /Page, defaulting to MediaBox
2026-03-28 09:21:34,698 WARNING pdfminer.pdfpage CropBox missing from /Page, defaulting to MediaBox
2026-03-28 09:21:34,706 WARNING pdfminer.pdfpage CropBox missing from /Page, defaulting to MediaBox
2026-03-28 09:21:34,716 WARNING pdfminer.pdfpage CropBox missing from /Page, defaulting to MediaBox
2026-03-28 09:21:34,725 WARNING pdfminer.pdfpage CropBox missing from /Page, defaulting to MediaBox
2026-03-28 09:21:34,734 WARNING pdfminer.pdfpage CropBox missing from /Page, defaulting to MediaBox
2026-03-28 09:21:34,742 WARNING pdfminer.pdfpage CropBox missing from /Page, defaulting to MediaBox
2026-03-28 09:21:34,750 WARNING pdfminer.pdfpage CropBox missing from /Page, defaulting to MediaBox
2026-03-28 09:21:34,757 WARNING pdfminer.pdfpage CropBox missing from /Page, defaulting to MediaBox
2026-03-28 09:21:34,765 WARNING pdfminer.pdfpage CropBox missing from /Page, defaulting to MediaBox
2026-03-28 09:21:34,774 WARNING pdfminer.pdfpage CropBox missing from /Page, defaulting to MediaBox
2026-03-28 09:21:34,782 WARNING pdfminer.pdfpage CropBox missing from /Page, defaulting to MediaBox
2026-03-28 09:21:34,792 WARNING pdfminer.pdfpage CropBox missing from /Page, defaulting to MediaBox
2026-03-28 09:21:34,800 WARNING pdfminer.pdfpage CropBox missing from /Page, defaulting to MediaBox
2026-03-28 09:21:34,808 WARNING pdfminer.pdfpage CropBox missing from /Page, defaulting to MediaBox
2026-03-28 09:21:34,815 INFO root SUCCESS 22-800 [11/56] → data\22-800\json\20230830_petitioner_Charles_G._Moore_913132.json
2026-03-28 09:21:36,799 INFO root SUCCESS 22-800 [12/56] → data\22-800\json\20230905_amicus_Professor_Hank_Adler_aa49f0.json
2026-03-28 09:21:38,872 INFO root SUCCESS 22-800 [13/56] → data\22-800\json\20230905_amicus_Southern_Policy_Law_Institute_4d8305.json
2026-03-28 09:21:41,398 INFO root SUCCESS 22-800 [14/56] → data\22-800\json\20230905_amici_Stop_Extraterritorial_American_Taxation_Association_3a3b5c.json
2026-03-28 09:21:43,896 INFO root SUCCESS 22-800 [15/56] → data\22-800\json\20230906_amicus_Independent_Women's_Law_Center_c82355.json
2026-03-28 09:21:46,004 INFO root SUCCESS 22-800 [16/56] → data\22-800\json\20230906_amicus_Liberty_Justice_Center_9de25f.json
2026-03-28 09:21:48,776 INFO root SUCCESS 22-800 [17/56] → data\22-800\json\20230906_amicus_Pacific_Research_Institute_91ab75.json
2026-03-28 09:21:50,834 INFO root SUCCESS 22-800 [18/56] → data\22-800\json\20230906_amicus_Atlantic_Legal_Foundation_c61634.json
2026-03-28 09:21:52,769 WARNING pdfminer.pdfpage CropBox missing from /Page, defaulting to MediaBox
2026-03-28 09:21:52,782 WARNING pdfminer.pdfpage CropBox missing from /Page, defaulting to MediaBox
2026-03-28 09:21:52,784 WARNING pdfminer.pdfpage CropBox missing from /Page, defaulting to MediaBox
2026-03-28 09:21:52,789 WARNING pdfminer.pdfpage CropBox missing from /Page, defaulting to MediaBox
2026-03-28 09:21:52,801 WARNING pdfminer.pdfpage CropBox missing from /Page, defaulting to MediaBox
2026-03-28 09:21:52,813 WARNING pdfminer.pdfpage CropBox missing from /Page, defaulting to MediaBox
2026-03-28 09:21:52,822 WARNING pdfminer.pdfpage CropBox missing from /Page, defaulting to MediaBox
2026-03-28 09:21:52,832 WARNING pdfminer.pdfpage CropBox missing from /Page, defaulting to MediaBox
2026-03-28 09:21:52,844 WARNING pdfminer.pdfpage CropBox missing from /Page, defaulting to MediaBox
2026-03-28 09:21:52,855 WARNING pdfminer.pdfpage CropBox missing from /Page, defaulting to MediaBox
2026-03-28 09:21:52,869 WARNING pdfminer.pdfpage CropBox missing from /Page, defaulting to MediaBox
2026-03-28 09:21:52,881 WARNING pdfminer.pdfpage CropBox missing from /Page, defaulting to MediaBox
2026-03-28 09:21:52,894 WARNING pdfminer.pdfpage CropBox missing from /Page, defaulting to MediaBox
2026-03-28 09:21:52,904 WARNING pdfminer.pdfpage CropBox missing from /Page, defaulting to MediaBox
2026-03-28 09:21:52,913 WARNING pdfminer.pdfpage CropBox missing from /Page, defaulting to MediaBox
2026-03-28 09:21:52,924 WARNING pdfminer.pdfpage CropBox missing from /Page, defaulting to MediaBox
2026-03-28 09:21:52,929 WARNING pdfminer.pdfpage CropBox missing from /Page, defaulting to MediaBox
2026-03-28 09:21:52,944 WARNING pdfminer.pdfpage CropBox missing from /Page, defaulting to MediaBox
2026-03-28 09:21:52,956 WARNING pdfminer.pdfpage CropBox missing from /Page, defaulting to MediaBox
2026-03-28 09:21:52,969 WARNING pdfminer.pdfpage CropBox missing from /Page, defaulting to MediaBox
2026-03-28 09:21:52,982 WARNING pdfminer.pdfpage CropBox missing from /Page, defaulting to MediaBox
2026-03-28 09:21:52,995 WARNING pdfminer.pdfpage CropBox missing from /Page, defaulting to MediaBox
2026-03-28 09:21:53,010 WARNING pdfminer.pdfpage CropBox missing from /Page, defaulting to MediaBox
2026-03-28 09:21:53,026 WARNING pdfminer.pdfpage CropBox missing from /Page, defaulting to MediaBox
2026-03-28 09:21:53,041 WARNING pdfminer.pdfpage CropBox missing from /Page, defaulting to MediaBox
2026-03-28 09:21:53,056 WARNING pdfminer.pdfpage CropBox missing from /Page, defaulting to MediaBox
2026-03-28 09:21:53,071 WARNING pdfminer.pdfpage CropBox missing from /Page, defaulting to MediaBox
2026-03-28 09:21:53,085 WARNING pdfminer.pdfpage CropBox missing from /Page, defaulting to MediaBox
2026-03-28 09:21:53,100 WARNING pdfminer.pdfpage CropBox missing from /Page, defaulting to MediaBox
2026-03-28 09:21:53,115 WARNING pdfminer.pdfpage CropBox missing from /Page, defaulting to MediaBox
2026-03-28 09:21:53,130 WARNING pdfminer.pdfpage CropBox missing from /Page, defaulting to MediaBox
2026-03-28 09:21:53,143 WARNING pdfminer.pdfpage CropBox missing from /Page, defaulting to MediaBox
2026-03-28 09:21:53,155 WARNING pdfminer.pdfpage CropBox missing from /Page, defaulting to MediaBox
2026-03-28 09:21:53,169 WARNING pdfminer.pdfpage CropBox missing from /Page, defaulting to MediaBox
2026-03-28 09:21:53,186 WARNING pdfminer.pdfpage CropBox missing from /Page, defaulting to MediaBox
2026-03-28 09:21:53,202 WARNING pdfminer.pdfpage CropBox missing from /Page, defaulting to MediaBox
2026-03-28 09:21:53,216 WARNING pdfminer.pdfpage CropBox missing from /Page, defaulting to MediaBox
2026-03-28 09:21:53,231 WARNING pdfminer.pdfpage CropBox missing from /Page, defaulting to MediaBox
2026-03-28 09:21:53,244 WARNING pdfminer.pdfpage CropBox missing from /Page, defaulting to MediaBox
2026-03-28 09:21:53,260 WARNING pdfminer.pdfpage CropBox missing from /Page, defaulting to MediaBox
2026-03-28 09:21:53,275 WARNING pdfminer.pdfpage CropBox missing from /Page, defaulting to MediaBox
2026-03-28 09:21:53,291 WARNING pdfminer.pdfpage CropBox missing from /Page, defaulting to MediaBox
2026-03-28 09:21:53,299 WARNING pdfminer.pdfpage CropBox missing from /Page, defaulting to MediaBox
2026-03-28 09:21:53,308 WARNING pdfminer.pdfpage CropBox missing from /Page, defaulting to MediaBox
2026-03-28 09:21:53,312 INFO root SUCCESS 22-800 [19/56] → data\22-800\json\20230906_amici_West_Virginia_b720fc.json
2026-03-28 09:21:55,736 INFO root SUCCESS 22-800 [20/56] → data\22-800\json\20230906_amicus_Landmark_Legal_Foundation_5716b1.json
2026-03-28 09:21:58,284 INFO root SUCCESS 22-800 [21/56] → data\22-800\json\20230906_amici_Manhattan_Institute_Policy_Research_5aa08a.json
2026-03-28 09:22:00,127 WARNING pdfminer.pdfpage CropBox missing from /Page, defaulting to MediaBox
2026-03-28 09:22:00,145 WARNING pdfminer.pdfpage CropBox missing from /Page, defaulting to MediaBox
2026-03-28 09:22:00,150 WARNING pdfminer.pdfpage CropBox missing from /Page, defaulting to MediaBox
2026-03-28 09:22:00,165 WARNING pdfminer.pdfpage CropBox missing from /Page, defaulting to MediaBox
2026-03-28 09:22:00,186 WARNING pdfminer.pdfpage CropBox missing from /Page, defaulting to MediaBox
2026-03-28 09:22:00,205 WARNING pdfminer.pdfpage CropBox missing from /Page, defaulting to MediaBox
2026-03-28 09:22:00,218 WARNING pdfminer.pdfpage CropBox missing from /Page, defaulting to MediaBox
2026-03-28 09:22:00,241 WARNING pdfminer.pdfpage CropBox missing from /Page, defaulting to MediaBox
2026-03-28 09:22:00,266 WARNING pdfminer.pdfpage CropBox missing from /Page, defaulting to MediaBox
2026-03-28 09:22:00,290 WARNING pdfminer.pdfpage CropBox missing from /Page, defaulting to MediaBox
2026-03-28 09:22:00,316 WARNING pdfminer.pdfpage CropBox missing from /Page, defaulting to MediaBox
2026-03-28 09:22:00,340 WARNING pdfminer.pdfpage CropBox missing from /Page, defaulting to MediaBox
2026-03-28 09:22:00,359 WARNING pdfminer.pdfpage CropBox missing from /Page, defaulting to MediaBox
2026-03-28 09:22:00,382 WARNING pdfminer.pdfpage CropBox missing from /Page, defaulting to MediaBox
2026-03-28 09:22:00,403 WARNING pdfminer.pdfpage CropBox missing from /Page, defaulting to MediaBox
2026-03-28 09:22:00,423 WARNING pdfminer.pdfpage CropBox missing from /Page, defaulting to MediaBox
2026-03-28 09:22:00,441 WARNING pdfminer.pdfpage CropBox missing from /Page, defaulting to MediaBox
2026-03-28 09:22:00,468 WARNING pdfminer.pdfpage CropBox missing from /Page, defaulting to MediaBox
2026-03-28 09:22:00,493 WARNING pdfminer.pdfpage CropBox missing from /Page, defaulting to MediaBox
2026-03-28 09:22:00,514 WARNING pdfminer.pdfpage CropBox missing from /Page, defaulting to MediaBox
2026-03-28 09:22:00,532 WARNING pdfminer.pdfpage CropBox missing from /Page, defaulting to MediaBox
2026-03-28 09:22:00,553 WARNING pdfminer.pdfpage CropBox missing from /Page, defaulting to MediaBox
2026-03-28 09:22:00,573 WARNING pdfminer.pdfpage CropBox missing from /Page, defaulting to MediaBox
2026-03-28 09:22:00,593 WARNING pdfminer.pdfpage CropBox missing from /Page, defaulting to MediaBox
2026-03-28 09:22:00,605 WARNING pdfminer.pdfpage CropBox missing from /Page, defaulting to MediaBox
2026-03-28 09:22:00,616 INFO root SUCCESS 22-800 [22/56] → data\22-800\json\20230906_amicus_Cato_Institute_56117e.json
2026-03-28 09:22:03,104 INFO root SUCCESS 22-800 [23/56] → data\22-800\json\20230906_amicus_Mark_Berg_3e9a96.json
2026-03-28 09:22:05,305 WARNING pdfminer.pdfpage CropBox missing from /Page, defaulting to MediaBox
2026-03-28 09:22:05,314 WARNING pdfminer.pdfpage CropBox missing from /Page, defaulting to MediaBox
2026-03-28 09:22:05,320 WARNING pdfminer.pdfpage CropBox missing from /Page, defaulting to MediaBox
2026-03-28 09:22:05,333 WARNING pdfminer.pdfpage CropBox missing from /Page, defaulting to MediaBox
2026-03-28 09:22:05,344 WARNING pdfminer.pdfpage CropBox missing from /Page, defaulting to MediaBox
2026-03-28 09:22:05,355 WARNING pdfminer.pdfpage CropBox missing from /Page, defaulting to MediaBox
2026-03-28 09:22:05,365 WARNING pdfminer.pdfpage CropBox missing from /Page, defaulting to MediaBox
2026-03-28 09:22:05,375 WARNING pdfminer.pdfpage CropBox missing from /Page, defaulting to MediaBox
2026-03-28 09:22:05,385 WARNING pdfminer.pdfpage CropBox missing from /Page, defaulting to MediaBox
2026-03-28 09:22:05,395 WARNING pdfminer.pdfpage CropBox missing from /Page, defaulting to MediaBox
2026-03-28 09:22:05,403 WARNING pdfminer.pdfpage CropBox missing from /Page, defaulting to MediaBox
2026-03-28 09:22:05,414 WARNING pdfminer.pdfpage CropBox missing from /Page, defaulting to MediaBox
2026-03-28 09:22:05,424 WARNING pdfminer.pdfpage CropBox missing from /Page, defaulting to MediaBox
2026-03-28 09:22:05,436 WARNING pdfminer.pdfpage CropBox missing from /Page, defaulting to MediaBox
2026-03-28 09:22:05,447 WARNING pdfminer.pdfpage CropBox missing from /Page, defaulting to MediaBox
2026-03-28 09:22:05,458 WARNING pdfminer.pdfpage CropBox missing from /Page, defaulting to MediaBox
2026-03-28 09:22:05,470 WARNING pdfminer.pdfpage CropBox missing from /Page, defaulting to MediaBox
2026-03-28 09:22:05,482 WARNING pdfminer.pdfpage CropBox missing from /Page, defaulting to MediaBox
2026-03-28 09:22:05,494 WARNING pdfminer.pdfpage CropBox missing from /Page, defaulting to MediaBox
2026-03-28 09:22:05,505 WARNING pdfminer.pdfpage CropBox missing from /Page, defaulting to MediaBox
2026-03-28 09:22:05,517 WARNING pdfminer.pdfpage CropBox missing from /Page, defaulting to MediaBox
2026-03-28 09:22:05,529 WARNING pdfminer.pdfpage CropBox missing from /Page, defaulting to MediaBox
2026-03-28 09:22:05,542 WARNING pdfminer.pdfpage CropBox missing from /Page, defaulting to MediaBox
2026-03-28 09:22:05,554 WARNING pdfminer.pdfpage CropBox missing from /Page, defaulting to MediaBox
2026-03-28 09:22:05,563 WARNING pdfminer.pdfpage CropBox missing from /Page, defaulting to MediaBox
2026-03-28 09:22:05,574 WARNING pdfminer.pdfpage CropBox missing from /Page, defaulting to MediaBox
2026-03-28 09:22:05,585 WARNING pdfminer.pdfpage CropBox missing from /Page, defaulting to MediaBox
2026-03-28 09:22:05,597 WARNING pdfminer.pdfpage CropBox missing from /Page, defaulting to MediaBox
2026-03-28 09:22:05,609 WARNING pdfminer.pdfpage CropBox missing from /Page, defaulting to MediaBox
2026-03-28 09:22:05,621 WARNING pdfminer.pdfpage CropBox missing from /Page, defaulting to MediaBox
2026-03-28 09:22:05,631 WARNING pdfminer.pdfpage CropBox missing from /Page, defaulting to MediaBox
2026-03-28 09:22:05,645 WARNING pdfminer.pdfpage CropBox missing from /Page, defaulting to MediaBox
2026-03-28 09:22:05,657 WARNING pdfminer.pdfpage CropBox missing from /Page, defaulting to MediaBox
2026-03-28 09:22:05,669 WARNING pdfminer.pdfpage CropBox missing from /Page, defaulting to MediaBox
2026-03-28 09:22:05,680 WARNING pdfminer.pdfpage CropBox missing from /Page, defaulting to MediaBox
2026-03-28 09:22:05,691 WARNING pdfminer.pdfpage CropBox missing from /Page, defaulting to MediaBox
2026-03-28 09:22:05,703 WARNING pdfminer.pdfpage CropBox missing from /Page, defaulting to MediaBox
2026-03-28 09:22:05,715 WARNING pdfminer.pdfpage CropBox missing from /Page, defaulting to MediaBox
2026-03-28 09:22:05,727 WARNING pdfminer.pdfpage CropBox missing from /Page, defaulting to MediaBox
2026-03-28 09:22:05,737 INFO root SUCCESS 22-800 [24/56] → data\22-800\json\20230906_amici_Saving_America's_Family_Enterprises_209aa2.json
2026-03-28 09:22:08,028 INFO root SUCCESS 22-800 [25/56] → data\22-800\json\20230906_amicus_Philanthropy_Roundtable_3448f3.json
2026-03-28 09:22:10,533 INFO root SUCCESS 22-800 [26/56] → data\22-800\json\20230906_amicus_Chamber_Commerce_US_America_283e67.json
2026-03-28 09:22:12,825 INFO root SUCCESS 22-800 [27/56] → data\22-800\json\20230906_amici_Individual_Taxpayers_fe1684.json
2026-03-28 09:22:15,468 INFO root SUCCESS 22-800 [28/56] → data\22-800\json\20230906_amicus_Small_Business_Entrepreneurship_Council_dbac8e.json
2026-03-28 09:22:17,806 WARNING pdfminer.pdfpage CropBox missing from /Page, defaulting to MediaBox
2026-03-28 09:22:17,821 WARNING pdfminer.pdfpage CropBox missing from /Page, defaulting to MediaBox
2026-03-28 09:22:17,840 WARNING pdfminer.pdfpage CropBox missing from /Page, defaulting to MediaBox
2026-03-28 09:22:17,847 WARNING pdfminer.pdfpage CropBox missing from /Page, defaulting to MediaBox
2026-03-28 09:22:17,862 WARNING pdfminer.pdfpage CropBox missing from /Page, defaulting to MediaBox
2026-03-28 09:22:17,878 WARNING pdfminer.pdfpage CropBox missing from /Page, defaulting to MediaBox
2026-03-28 09:22:17,892 WARNING pdfminer.pdfpage CropBox missing from /Page, defaulting to MediaBox
2026-03-28 09:22:17,907 WARNING pdfminer.pdfpage CropBox missing from /Page, defaulting to MediaBox
2026-03-28 09:22:17,925 WARNING pdfminer.pdfpage CropBox missing from /Page, defaulting to MediaBox
2026-03-28 09:22:17,932 WARNING pdfminer.pdfpage CropBox missing from /Page, defaulting to MediaBox
2026-03-28 09:22:17,952 WARNING pdfminer.pdfpage CropBox missing from /Page, defaulting to MediaBox
2026-03-28 09:22:17,956 WARNING pdfminer.pdfpage CropBox missing from /Page, defaulting to MediaBox
2026-03-28 09:22:17,972 WARNING pdfminer.pdfpage CropBox missing from /Page, defaulting to MediaBox
2026-03-28 09:22:17,988 WARNING pdfminer.pdfpage CropBox missing from /Page, defaulting to MediaBox
2026-03-28 09:22:18,010 WARNING pdfminer.pdfpage CropBox missing from /Page, defaulting to MediaBox
2026-03-28 09:22:18,031 WARNING pdfminer.pdfpage CropBox missing from /Page, defaulting to MediaBox
2026-03-28 09:22:18,052 WARNING pdfminer.pdfpage CropBox missing from /Page, defaulting to MediaBox
2026-03-28 09:22:18,070 WARNING pdfminer.pdfpage CropBox missing from /Page, defaulting to MediaBox
2026-03-28 09:22:18,086 WARNING pdfminer.pdfpage CropBox missing from /Page, defaulting to MediaBox
2026-03-28 09:22:18,107 WARNING pdfminer.pdfpage CropBox missing from /Page, defaulting to MediaBox
2026-03-28 09:22:18,126 WARNING pdfminer.pdfpage CropBox missing from /Page, defaulting to MediaBox
2026-03-28 09:22:18,144 WARNING pdfminer.pdfpage CropBox missing from /Page, defaulting to MediaBox
2026-03-28 09:22:18,162 WARNING pdfminer.pdfpage CropBox missing from /Page, defaulting to MediaBox
2026-03-28 09:22:18,180 WARNING pdfminer.pdfpage CropBox missing from /Page, defaulting to MediaBox
2026-03-28 09:22:18,201 WARNING pdfminer.pdfpage CropBox missing from /Page, defaulting to MediaBox
2026-03-28 09:22:18,224 WARNING pdfminer.pdfpage CropBox missing from /Page, defaulting to MediaBox
2026-03-28 09:22:18,242 WARNING pdfminer.pdfpage CropBox missing from /Page, defaulting to MediaBox
2026-03-28 09:22:18,263 WARNING pdfminer.pdfpage CropBox missing from /Page, defaulting to MediaBox
2026-03-28 09:22:18,285 WARNING pdfminer.pdfpage CropBox missing from /Page, defaulting to MediaBox
2026-03-28 09:22:18,300 WARNING pdfminer.pdfpage CropBox missing from /Page, defaulting to MediaBox
2026-03-28 09:22:18,321 WARNING pdfminer.pdfpage CropBox missing from /Page, defaulting to MediaBox
2026-03-28 09:22:18,341 WARNING pdfminer.pdfpage CropBox missing from /Page, defaulting to MediaBox
2026-03-28 09:22:18,360 WARNING pdfminer.pdfpage CropBox missing from /Page, defaulting to MediaBox
2026-03-28 09:22:18,379 WARNING pdfminer.pdfpage CropBox missing from /Page, defaulting to MediaBox
2026-03-28 09:22:18,396 WARNING pdfminer.pdfpage CropBox missing from /Page, defaulting to MediaBox
2026-03-28 09:22:18,408 WARNING pdfminer.pdfpage CropBox missing from /Page, defaulting to MediaBox
2026-03-28 09:22:18,424 INFO root SUCCESS 22-800 [29/56] → data\22-800\json\20230906_amici_Professors_Law_Linguistics_support_38f183.json
2026-03-28 09:22:21,140 INFO root SUCCESS 22-800 [30/56] → data\22-800\json\20230906_amicus_Americans_Tax_Reform_1f3a2a.json
2026-03-28 09:22:23,427 INFO root SUCCESS 22-800 [31/56] → data\22-800\json\20230906_amici_Sixteenth_Amendment_Insights_LLC_Jeffrey_94f446.json
2026-03-28 09:22:25,697 INFO root SUCCESS 22-800 [32/56] → data\22-800\json\20230906_amicus_FreedomWorks_Inc_381b9f.json
2026-03-28 09:22:27,780 INFO root SUCCESS 22-800 [33/56] → data\22-800\json\20230906_amici_Southeastern_Legal_Foundation_Young_Americaâs_302663.json
2026-03-28 09:22:30,276 INFO root SUCCESS 22-800 [34/56] → data\22-800\json\20230906_amici_Buckeye_Institute_National_Federation_Independent_caa453.json
2026-03-28 09:22:32,342 WARNING pdfminer.pdfpage CropBox missing from /Page, defaulting to MediaBox
2026-03-28 09:22:32,359 WARNING pdfminer.pdfpage CropBox missing from /Page, defaulting to MediaBox
2026-03-28 09:22:32,378 WARNING pdfminer.pdfpage CropBox missing from /Page, defaulting to MediaBox
2026-03-28 09:22:32,398 WARNING pdfminer.pdfpage CropBox missing from /Page, defaulting to MediaBox
2026-03-28 09:22:32,417 WARNING pdfminer.pdfpage CropBox missing from /Page, defaulting to MediaBox
2026-03-28 09:22:32,435 WARNING pdfminer.pdfpage CropBox missing from /Page, defaulting to MediaBox
2026-03-28 09:22:32,454 WARNING pdfminer.pdfpage CropBox missing from /Page, defaulting to MediaBox
2026-03-28 09:22:32,469 WARNING pdfminer.pdfpage CropBox missing from /Page, defaulting to MediaBox
2026-03-28 09:22:32,487 WARNING pdfminer.pdfpage CropBox missing from /Page, defaulting to MediaBox
2026-03-28 09:22:32,504 WARNING pdfminer.pdfpage CropBox missing from /Page, defaulting to MediaBox
2026-03-28 09:22:32,511 WARNING pdfminer.pdfpage CropBox missing from /Page, defaulting to MediaBox
2026-03-28 09:22:32,528 WARNING pdfminer.pdfpage CropBox missing from /Page, defaulting to MediaBox
2026-03-28 09:22:32,545 WARNING pdfminer.pdfpage CropBox missing from /Page, defaulting to MediaBox
2026-03-28 09:22:32,565 WARNING pdfminer.pdfpage CropBox missing from /Page, defaulting to MediaBox
2026-03-28 09:22:32,586 WARNING pdfminer.pdfpage CropBox missing from /Page, defaulting to MediaBox
2026-03-28 09:22:32,606 WARNING pdfminer.pdfpage CropBox missing from /Page, defaulting to MediaBox
2026-03-28 09:22:32,621 WARNING pdfminer.pdfpage CropBox missing from /Page, defaulting to MediaBox
2026-03-28 09:22:32,638 WARNING pdfminer.pdfpage CropBox missing from /Page, defaulting to MediaBox
2026-03-28 09:22:32,661 WARNING pdfminer.pdfpage CropBox missing from /Page, defaulting to MediaBox
2026-03-28 09:22:32,681 WARNING pdfminer.pdfpage CropBox missing from /Page, defaulting to MediaBox
2026-03-28 09:22:32,696 WARNING pdfminer.pdfpage CropBox missing from /Page, defaulting to MediaBox
2026-03-28 09:22:32,714 WARNING pdfminer.pdfpage CropBox missing from /Page, defaulting to MediaBox
2026-03-28 09:22:32,730 WARNING pdfminer.pdfpage CropBox missing from /Page, defaulting to MediaBox
2026-03-28 09:22:32,752 WARNING pdfminer.pdfpage CropBox missing from /Page, defaulting to MediaBox
2026-03-28 09:22:32,773 WARNING pdfminer.pdfpage CropBox missing from /Page, defaulting to MediaBox
2026-03-28 09:22:32,789 WARNING pdfminer.pdfpage CropBox missing from /Page, defaulting to MediaBox
2026-03-28 09:22:32,805 WARNING pdfminer.pdfpage CropBox missing from /Page, defaulting to MediaBox
2026-03-28 09:22:32,825 WARNING pdfminer.pdfpage CropBox missing from /Page, defaulting to MediaBox
2026-03-28 09:22:32,843 WARNING pdfminer.pdfpage CropBox missing from /Page, defaulting to MediaBox
2026-03-28 09:22:32,860 WARNING pdfminer.pdfpage CropBox missing from /Page, defaulting to MediaBox
2026-03-28 09:22:32,879 WARNING pdfminer.pdfpage CropBox missing from /Page, defaulting to MediaBox
2026-03-28 09:22:32,900 WARNING pdfminer.pdfpage CropBox missing from /Page, defaulting to MediaBox
2026-03-28 09:22:32,920 WARNING pdfminer.pdfpage CropBox missing from /Page, defaulting to MediaBox
2026-03-28 09:22:32,941 WARNING pdfminer.pdfpage CropBox missing from /Page, defaulting to MediaBox
2026-03-28 09:22:32,953 INFO root SUCCESS 22-800 [35/56] → data\22-800\json\20230906_amicus_National_Taxpayers_Union_Foundation_fc66f4.json
2026-03-28 09:22:35,658 INFO root SUCCESS 22-800 [36/56] → data\22-800\json\20230906_amici_Former_Attorney_General_Edwin_Meese_9ac775.json
2026-03-28 09:22:38,078 INFO root SUCCESS 22-800 [37/56] → data\22-800\json\20230908_amicus_Calvin_Johnson_202c42.json
2026-03-28 09:22:40,508 INFO root SUCCESS 22-800 [38/56] → data\22-800\json\20231011_amicus_Theodore_Seto_fa73a2.json
2026-03-28 09:22:42,868 INFO root SUCCESS 22-800 [39/56] → data\22-800\json\20231011_amicus_L.E_Simmons_d190d9.json
2026-03-28 09:22:46,667 INFO root SUCCESS 22-800 [40/56] → data\22-800\json\20231016_respondent_US_7733f0.json
2026-03-28 09:22:48,909 INFO root SUCCESS 22-800 [41/56] → data\22-800\json\20231019_amici_Reuven_Avi-Yonah_Clinton_Wallace_Bret_5e4800.json
2026-03-28 09:22:51,199 INFO root SUCCESS 22-800 [42/56] → data\22-800\json\20231019_amicus_American_Tax_Policy_Institute_(Distributed)_1ec6da.json
2026-03-28 09:22:53,403 INFO root SUCCESS 22-800 [43/56] → data\22-800\json\20231020_amici_Tax_Professors_Donald_Tobin_Ellen_511e89.json
2026-03-28 09:22:55,546 INFO root SUCCESS 22-800 [44/56] → data\22-800\json\20231020_amici_Professors_Bruce_Ackerman_Joseph_Fishkin_7e6bcc.json
2026-03-28 09:22:57,605 WARNING pdfminer.pdfpage CropBox missing from /Page, defaulting to MediaBox
2026-03-28 09:22:57,623 WARNING pdfminer.pdfpage CropBox missing from /Page, defaulting to MediaBox
2026-03-28 09:22:57,639 WARNING pdfminer.pdfpage CropBox missing from /Page, defaulting to MediaBox
2026-03-28 09:22:57,657 WARNING pdfminer.pdfpage CropBox missing from /Page, defaulting to MediaBox
2026-03-28 09:22:57,673 WARNING pdfminer.pdfpage CropBox missing from /Page, defaulting to MediaBox
2026-03-28 09:22:57,690 WARNING pdfminer.pdfpage CropBox missing from /Page, defaulting to MediaBox
2026-03-28 09:22:57,706 WARNING pdfminer.pdfpage CropBox missing from /Page, defaulting to MediaBox
2026-03-28 09:22:57,722 WARNING pdfminer.pdfpage CropBox missing from /Page, defaulting to MediaBox
2026-03-28 09:22:57,743 WARNING pdfminer.pdfpage CropBox missing from /Page, defaulting to MediaBox
2026-03-28 09:22:57,762 WARNING pdfminer.pdfpage CropBox missing from /Page, defaulting to MediaBox
2026-03-28 09:22:57,781 WARNING pdfminer.pdfpage CropBox missing from /Page, defaulting to MediaBox
2026-03-28 09:22:57,799 WARNING pdfminer.pdfpage CropBox missing from /Page, defaulting to MediaBox
2026-03-28 09:22:57,823 WARNING pdfminer.pdfpage CropBox missing from /Page, defaulting to MediaBox
2026-03-28 09:22:57,846 WARNING pdfminer.pdfpage CropBox missing from /Page, defaulting to MediaBox
2026-03-28 09:22:57,869 WARNING pdfminer.pdfpage CropBox missing from /Page, defaulting to MediaBox
2026-03-28 09:22:57,892 WARNING pdfminer.pdfpage CropBox missing from /Page, defaulting to MediaBox
2026-03-28 09:22:57,913 WARNING pdfminer.pdfpage CropBox missing from /Page, defaulting to MediaBox
2026-03-28 09:22:57,930 WARNING pdfminer.pdfpage CropBox missing from /Page, defaulting to MediaBox
2026-03-28 09:22:57,950 WARNING pdfminer.pdfpage CropBox missing from /Page, defaulting to MediaBox
2026-03-28 09:22:57,973 WARNING pdfminer.pdfpage CropBox missing from /Page, defaulting to MediaBox
2026-03-28 09:22:57,995 WARNING pdfminer.pdfpage CropBox missing from /Page, defaulting to MediaBox
2026-03-28 09:22:58,016 WARNING pdfminer.pdfpage CropBox missing from /Page, defaulting to MediaBox
2026-03-28 09:22:58,041 WARNING pdfminer.pdfpage CropBox missing from /Page, defaulting to MediaBox
2026-03-28 09:22:58,064 WARNING pdfminer.pdfpage CropBox missing from /Page, defaulting to MediaBox
2026-03-28 09:22:58,086 WARNING pdfminer.pdfpage CropBox missing from /Page, defaulting to MediaBox
2026-03-28 09:22:58,110 WARNING pdfminer.pdfpage CropBox missing from /Page, defaulting to MediaBox
2026-03-28 09:22:58,134 WARNING pdfminer.pdfpage CropBox missing from /Page, defaulting to MediaBox
2026-03-28 09:22:58,153 WARNING pdfminer.pdfpage CropBox missing from /Page, defaulting to MediaBox
2026-03-28 09:22:58,174 WARNING pdfminer.pdfpage CropBox missing from /Page, defaulting to MediaBox
2026-03-28 09:22:58,200 WARNING pdfminer.pdfpage CropBox missing from /Page, defaulting to MediaBox
2026-03-28 09:22:58,224 WARNING pdfminer.pdfpage CropBox missing from /Page, defaulting to MediaBox
2026-03-28 09:22:58,246 WARNING pdfminer.pdfpage CropBox missing from /Page, defaulting to MediaBox
2026-03-28 09:22:58,271 WARNING pdfminer.pdfpage CropBox missing from /Page, defaulting to MediaBox
2026-03-28 09:22:58,295 WARNING pdfminer.pdfpage CropBox missing from /Page, defaulting to MediaBox
2026-03-28 09:22:58,319 WARNING pdfminer.pdfpage CropBox missing from /Page, defaulting to MediaBox
2026-03-28 09:22:58,341 WARNING pdfminer.pdfpage CropBox missing from /Page, defaulting to MediaBox
2026-03-28 09:22:58,353 INFO root SUCCESS 22-800 [45/56] → data\22-800\json\20231023_amici_John_Brooks_David_Gamage_(Distributed)_0ba9ed.json
2026-03-28 09:23:00,831 INFO root SUCCESS 22-800 [46/56] → data\22-800\json\20231023_amicus_Amandeep_Grewal_filed.(11_6_2023)_(Distributed)_3ad752.json
2026-03-28 09:23:03,668 INFO root SUCCESS 22-800 [47/56] → data\22-800\json\20231023_amici_George_Callas_Mindy_Herzfeld_(Distributed)_8d7dac.json
2026-03-28 09:23:05,922 INFO root SUCCESS 22-800 [48/56] → data\22-800\json\20231023_amicus_American_College_Tax_Counsel_(Distributed)_f44faf.json
2026-03-28 09:23:08,123 WARNING pdfminer.pdfpage CropBox missing from /Page, defaulting to MediaBox
2026-03-28 09:23:08,131 WARNING pdfminer.pdfpage CropBox missing from /Page, defaulting to MediaBox
2026-03-28 09:23:08,136 WARNING pdfminer.pdfpage CropBox missing from /Page, defaulting to MediaBox
2026-03-28 09:23:08,143 WARNING pdfminer.pdfpage CropBox missing from /Page, defaulting to MediaBox
2026-03-28 09:23:08,152 WARNING pdfminer.pdfpage CropBox missing from /Page, defaulting to MediaBox
2026-03-28 09:23:08,158 WARNING pdfminer.pdfpage CropBox missing from /Page, defaulting to MediaBox
2026-03-28 09:23:08,166 WARNING pdfminer.pdfpage CropBox missing from /Page, defaulting to MediaBox
2026-03-28 09:23:08,169 WARNING pdfminer.pdfpage CropBox missing from /Page, defaulting to MediaBox
2026-03-28 09:23:08,176 WARNING pdfminer.pdfpage CropBox missing from /Page, defaulting to MediaBox
2026-03-28 09:23:08,184 WARNING pdfminer.pdfpage CropBox missing from /Page, defaulting to MediaBox
2026-03-28 09:23:08,192 WARNING pdfminer.pdfpage CropBox missing from /Page, defaulting to MediaBox
2026-03-28 09:23:08,200 WARNING pdfminer.pdfpage CropBox missing from /Page, defaulting to MediaBox
2026-03-28 09:23:08,207 WARNING pdfminer.pdfpage CropBox missing from /Page, defaulting to MediaBox
2026-03-28 09:23:08,216 WARNING pdfminer.pdfpage CropBox missing from /Page, defaulting to MediaBox
2026-03-28 09:23:08,223 WARNING pdfminer.pdfpage CropBox missing from /Page, defaulting to MediaBox
2026-03-28 09:23:08,232 WARNING pdfminer.pdfpage CropBox missing from /Page, defaulting to MediaBox
2026-03-28 09:23:08,239 WARNING pdfminer.pdfpage CropBox missing from /Page, defaulting to MediaBox
2026-03-28 09:23:08,247 WARNING pdfminer.pdfpage CropBox missing from /Page, defaulting to MediaBox
2026-03-28 09:23:08,255 WARNING pdfminer.pdfpage CropBox missing from /Page, defaulting to MediaBox
2026-03-28 09:23:08,262 WARNING pdfminer.pdfpage CropBox missing from /Page, defaulting to MediaBox
2026-03-28 09:23:08,271 WARNING pdfminer.pdfpage CropBox missing from /Page, defaulting to MediaBox
2026-03-28 09:23:08,279 WARNING pdfminer.pdfpage CropBox missing from /Page, defaulting to MediaBox
2026-03-28 09:23:08,286 WARNING pdfminer.pdfpage CropBox missing from /Page, defaulting to MediaBox
2026-03-28 09:23:08,293 WARNING pdfminer.pdfpage CropBox missing from /Page, defaulting to MediaBox
2026-03-28 09:23:08,302 WARNING pdfminer.pdfpage CropBox missing from /Page, defaulting to MediaBox
2026-03-28 09:23:08,310 WARNING pdfminer.pdfpage CropBox missing from /Page, defaulting to MediaBox
2026-03-28 09:23:08,317 WARNING pdfminer.pdfpage CropBox missing from /Page, defaulting to MediaBox
2026-03-28 09:23:08,326 WARNING pdfminer.pdfpage CropBox missing from /Page, defaulting to MediaBox
2026-03-28 09:23:08,334 WARNING pdfminer.pdfpage CropBox missing from /Page, defaulting to MediaBox
2026-03-28 09:23:08,341 INFO root SUCCESS 22-800 [49/56] → data\22-800\json\20231023_amici_Tax_Economists_(Distributed)_51c51a.json
2026-03-28 09:23:10,273 WARNING pdfminer.pdfpage CropBox missing from /Page, defaulting to MediaBox
2026-03-28 09:23:10,280 WARNING pdfminer.pdfpage CropBox missing from /Page, defaulting to MediaBox
2026-03-28 09:23:10,286 WARNING pdfminer.pdfpage CropBox missing from /Page, defaulting to MediaBox
2026-03-28 09:23:10,290 WARNING pdfminer.pdfpage CropBox missing from /Page, defaulting to MediaBox
2026-03-28 09:23:10,298 WARNING pdfminer.pdfpage CropBox missing from /Page, defaulting to MediaBox
2026-03-28 09:23:10,307 WARNING pdfminer.pdfpage CropBox missing from /Page, defaulting to MediaBox
2026-03-28 09:23:10,315 WARNING pdfminer.pdfpage CropBox missing from /Page, defaulting to MediaBox
2026-03-28 09:23:10,325 WARNING pdfminer.pdfpage CropBox missing from /Page, defaulting to MediaBox
2026-03-28 09:23:10,331 WARNING pdfminer.pdfpage CropBox missing from /Page, defaulting to MediaBox
2026-03-28 09:23:10,340 WARNING pdfminer.pdfpage CropBox missing from /Page, defaulting to MediaBox
2026-03-28 09:23:10,350 WARNING pdfminer.pdfpage CropBox missing from /Page, defaulting to MediaBox
2026-03-28 09:23:10,360 WARNING pdfminer.pdfpage CropBox missing from /Page, defaulting to MediaBox
2026-03-28 09:23:10,370 WARNING pdfminer.pdfpage CropBox missing from /Page, defaulting to MediaBox
2026-03-28 09:23:10,379 WARNING pdfminer.pdfpage CropBox missing from /Page, defaulting to MediaBox
2026-03-28 09:23:10,387 WARNING pdfminer.pdfpage CropBox missing from /Page, defaulting to MediaBox
2026-03-28 09:23:10,395 WARNING pdfminer.pdfpage CropBox missing from /Page, defaulting to MediaBox
2026-03-28 09:23:10,404 WARNING pdfminer.pdfpage CropBox missing from /Page, defaulting to MediaBox
2026-03-28 09:23:10,413 WARNING pdfminer.pdfpage CropBox missing from /Page, defaulting to MediaBox
2026-03-28 09:23:10,424 WARNING pdfminer.pdfpage CropBox missing from /Page, defaulting to MediaBox
2026-03-28 09:23:10,432 WARNING pdfminer.pdfpage CropBox missing from /Page, defaulting to MediaBox
2026-03-28 09:23:10,440 WARNING pdfminer.pdfpage CropBox missing from /Page, defaulting to MediaBox
2026-03-28 09:23:10,451 WARNING pdfminer.pdfpage CropBox missing from /Page, defaulting to MediaBox
2026-03-28 09:23:10,461 WARNING pdfminer.pdfpage CropBox missing from /Page, defaulting to MediaBox
2026-03-28 09:23:10,473 WARNING pdfminer.pdfpage CropBox missing from /Page, defaulting to MediaBox
2026-03-28 09:23:10,483 WARNING pdfminer.pdfpage CropBox missing from /Page, defaulting to MediaBox
2026-03-28 09:23:10,494 WARNING pdfminer.pdfpage CropBox missing from /Page, defaulting to MediaBox
2026-03-28 09:23:10,505 WARNING pdfminer.pdfpage CropBox missing from /Page, defaulting to MediaBox
2026-03-28 09:23:10,514 WARNING pdfminer.pdfpage CropBox missing from /Page, defaulting to MediaBox
2026-03-28 09:23:10,521 WARNING pdfminer.pdfpage CropBox missing from /Page, defaulting to MediaBox
2026-03-28 09:23:10,533 WARNING pdfminer.pdfpage CropBox missing from /Page, defaulting to MediaBox
2026-03-28 09:23:10,539 WARNING pdfminer.pdfpage CropBox missing from /Page, defaulting to MediaBox
2026-03-28 09:23:10,544 INFO root SUCCESS 22-800 [50/56] → data\22-800\json\20231023_amici_Streliance_(Distributed)_d82d72.json
2026-03-28 09:23:12,811 INFO root SUCCESS 22-800 [51/56] → data\22-800\json\20231023_amici_Professors_Akhil_Reed_Amar_830e68.json
2026-03-28 09:23:15,390 INFO root SUCCESS 22-800 [52/56] → data\22-800\json\20231023_amici_Tax_Law_Center_NYU_2f8cca.json
2026-03-28 09:23:18,103 INFO root SUCCESS 22-800 [53/56] → data\22-800\json\20231023_amici_Professors_Tax_Law_Legal_History_289841.json
2026-03-28 09:23:20,555 INFO root SUCCESS 22-800 [54/56] → data\22-800\json\20231023_amicus_Alex_Zhang_(Distributed)_3e0359.json
2026-03-28 09:23:23,139 INFO root SUCCESS 22-800 [55/56] → data\22-800\json\20231023_amici_Arizona_(Distributed)_93c741.json
2026-03-28 09:23:24,943 WARNING pdfminer.pdfpage CropBox missing from /Page, defaulting to MediaBox
2026-03-28 09:23:24,952 WARNING pdfminer.pdfpage CropBox missing from /Page, defaulting to MediaBox
2026-03-28 09:23:24,957 WARNING pdfminer.pdfpage CropBox missing from /Page, defaulting to MediaBox
2026-03-28 09:23:24,964 WARNING pdfminer.pdfpage CropBox missing from /Page, defaulting to MediaBox
2026-03-28 09:23:24,972 WARNING pdfminer.pdfpage CropBox missing from /Page, defaulting to MediaBox
2026-03-28 09:23:24,979 WARNING pdfminer.pdfpage CropBox missing from /Page, defaulting to MediaBox
2026-03-28 09:23:24,987 WARNING pdfminer.pdfpage CropBox missing from /Page, defaulting to MediaBox
2026-03-28 09:23:24,988 WARNING pdfminer.pdfpage CropBox missing from /Page, defaulting to MediaBox
2026-03-28 09:23:24,995 WARNING pdfminer.pdfpage CropBox missing from /Page, defaulting to MediaBox
2026-03-28 09:23:25,001 WARNING pdfminer.pdfpage CropBox missing from /Page, defaulting to MediaBox
2026-03-28 09:23:25,009 WARNING pdfminer.pdfpage CropBox missing from /Page, defaulting to MediaBox
2026-03-28 09:23:25,018 WARNING pdfminer.pdfpage CropBox missing from /Page, defaulting to MediaBox
2026-03-28 09:23:25,026 WARNING pdfminer.pdfpage CropBox missing from /Page, defaulting to MediaBox
2026-03-28 09:23:25,034 WARNING pdfminer.pdfpage CropBox missing from /Page, defaulting to MediaBox
2026-03-28 09:23:25,044 WARNING pdfminer.pdfpage CropBox missing from /Page, defaulting to MediaBox
2026-03-28 09:23:25,052 WARNING pdfminer.pdfpage CropBox missing from /Page, defaulting to MediaBox
2026-03-28 09:23:25,061 WARNING pdfminer.pdfpage CropBox missing from /Page, defaulting to MediaBox
2026-03-28 09:23:25,068 WARNING pdfminer.pdfpage CropBox missing from /Page, defaulting to MediaBox
2026-03-28 09:23:25,076 WARNING pdfminer.pdfpage CropBox missing from /Page, defaulting to MediaBox
2026-03-28 09:23:25,084 WARNING pdfminer.pdfpage CropBox missing from /Page, defaulting to MediaBox
2026-03-28 09:23:25,092 WARNING pdfminer.pdfpage CropBox missing from /Page, defaulting to MediaBox
2026-03-28 09:23:25,099 WARNING pdfminer.pdfpage CropBox missing from /Page, defaulting to MediaBox
2026-03-28 09:23:25,107 WARNING pdfminer.pdfpage CropBox missing from /Page, defaulting to MediaBox
2026-03-28 09:23:25,115 WARNING pdfminer.pdfpage CropBox missing from /Page, defaulting to MediaBox
2026-03-28 09:23:25,123 WARNING pdfminer.pdfpage CropBox missing from /Page, defaulting to MediaBox
2026-03-28 09:23:25,131 WARNING pdfminer.pdfpage CropBox missing from /Page, defaulting to MediaBox
2026-03-28 09:23:25,139 WARNING pdfminer.pdfpage CropBox missing from /Page, defaulting to MediaBox
2026-03-28 09:23:25,147 WARNING pdfminer.pdfpage CropBox missing from /Page, defaulting to MediaBox
2026-03-28 09:23:25,154 WARNING pdfminer.pdfpage CropBox missing from /Page, defaulting to MediaBox
2026-03-28 09:23:25,162 WARNING pdfminer.pdfpage CropBox missing from /Page, defaulting to MediaBox
2026-03-28 09:23:25,170 WARNING pdfminer.pdfpage CropBox missing from /Page, defaulting to MediaBox
2026-03-28 09:23:25,178 WARNING pdfminer.pdfpage CropBox missing from /Page, defaulting to MediaBox
2026-03-28 09:23:25,186 WARNING pdfminer.pdfpage CropBox missing from /Page, defaulting to MediaBox
2026-03-28 09:23:25,194 WARNING pdfminer.pdfpage CropBox missing from /Page, defaulting to MediaBox
2026-03-28 09:23:25,200 INFO root SUCCESS 22-800 [56/56] → data\22-800\json\20231115_reply_Charles_G._Moore_d61b1b.json
2026-03-28 09:23:25,454 INFO root Processing Main Document: "Main Document"
2026-03-28 09:23:25,454 INFO root Skipping non-brief document: "Mar 27 2023 Motion to extend the time to file a response from April 14, 2023 to "
2026-03-28 09:23:25,454 INFO root Processing Main Document: "Main Document"
2026-03-28 09:23:25,454 INFO root Filename: "20230414_amici_Virginia"
2026-03-28 09:23:25,455 INFO root Processing Main Document: "Main Document"
2026-03-28 09:23:25,455 INFO root Filename: "20230414_amici_Veterans"
2026-03-28 09:23:25,455 INFO root Processing Main Document: "Main Document"
2026-03-28 09:23:25,455 INFO root Filename: "20230414_amicus_Edison_Electric_Institute"
2026-03-28 09:23:25,455 INFO root Processing Main Document: "Main Document"
2026-03-28 09:23:25,455 INFO root Filename: "20230414_amici_National_Veterans_Legal_Services_Program"
2026-03-28 09:23:25,455 INFO root Processing Main Document: "Main Document"
2026-03-28 09:23:25,455 INFO root Filename: "20230515_respondent_Denis_McDonough_Secretary_Veterans_Affairs_opposition"
2026-03-28 09:23:25,455 INFO root Processing Main Document: "Main Document"
2026-03-28 09:23:25,456 INFO root Filename: "20230525_reply_James_R._Rudisill"
2026-03-28 09:23:25,456 INFO root Processing Main Document: "Main Document"
2026-03-28 09:23:25,456 INFO root Filename: "20230810_petitioner_James_R._Rudisill"
2026-03-28 09:23:25,456 INFO root Processing Main Document: "Main Document"
2026-03-28 09:23:25,456 INFO root Skipping non-brief document: "Aug 10 2023 Joint appendix and 1 supplemental volume filed.  (Statement of cost "
2026-03-28 09:23:25,456 INFO root Processing Main Document: "Main Document"
2026-03-28 09:23:25,456 INFO root Filename: "20230814_amicus_Jeremy_Doerre"
2026-03-28 09:23:25,456 INFO root Processing Main Document: "Main Document"
2026-03-28 09:23:25,457 INFO root Filename: "20230816_amicus_American_Legion"
2026-03-28 09:23:25,457 INFO root Processing Main Document: "Main Document"
2026-03-28 09:23:25,457 INFO root Filename: "20230817_amici_National_Veterans_Legal_Services_Program"
2026-03-28 09:23:25,457 INFO root Processing Main Document: "Main Document"
2026-03-28 09:23:25,457 INFO root Filename: "20230817_amicus_Veterans_Foreign_Wars_US"
2026-03-28 09:23:25,457 INFO root Processing Main Document: "Main Document"
2026-03-28 09:23:25,457 INFO root Filename: "20230817_amicus_National_Institute_Military_Justice"
2026-03-28 09:23:25,457 INFO root Processing Main Document: "Main Document"
2026-03-28 09:23:25,458 INFO root Filename: "20230817_amicus_Military-Veterans_Advocacy_Inc"
2026-03-28 09:23:25,458 INFO root Processing Main Document: "Main Document"
2026-03-28 09:23:25,458 INFO root Filename: "20230817_amici_Veterans"
2026-03-28 09:23:25,458 INFO root Processing Main Document: "Main Document"
2026-03-28 09:23:25,458 INFO root Filename: "20230817_amicus_Iraq_Afghanistan_Veterans_America"
2026-03-28 09:23:25,458 INFO root Processing Main Document: "Main Document"
2026-03-28 09:23:25,458 INFO root Filename: "20230817_amici_Senator_Tim_Kaine"
2026-03-28 09:23:25,458 INFO root Processing Main Document: "Main Document"
2026-03-28 09:23:25,458 INFO root Filename: "20230817_amici_Virginia"
2026-03-28 09:23:25,459 INFO root Processing Main Document: "Main Document"
2026-03-28 09:23:25,459 INFO root Filename: "20230817_amici_Edison_Electric_Institute"
2026-03-28 09:23:25,459 INFO root Processing Main Document: "Main Document"
2026-03-28 09:23:25,459 INFO root Filename: "20230911_respondent_Denis_McDonough_Secretary_Veterans_Affairs"
2026-03-28 09:23:25,459 INFO root Processing Main Document: "Main Document"
2026-03-28 09:23:25,459 INFO root Filename: "20231011_reply_James_R._Rudisill"
2026-03-28 09:23:25,459 INFO root Processing Main Document: "Main Document"
2026-03-28 09:23:25,459 INFO root Skipping non-brief document: "May 20 2024 Judgment Issued. Main Document"
2026-03-28 09:23:25,459 INFO root Found 20 brief/reply documents for 22-888
2026-03-28 09:23:25,460 INFO root Processing 20 brief/reply documents for case 22-888
2026-03-28 09:23:27,895 INFO root SUCCESS 22-888 [1/20] → data\22-888\json\20230414_amici_Virginia_4d757c.json
2026-03-28 09:23:30,045 INFO root SUCCESS 22-888 [2/20] → data\22-888\json\20230414_amici_Veterans_477f27.json
2026-03-28 09:23:32,197 INFO root SUCCESS 22-888 [3/20] → data\22-888\json\20230414_amicus_Edison_Electric_Institute_515d01.json
2026-03-28 09:23:34,479 INFO root SUCCESS 22-888 [4/20] → data\22-888\json\20230414_amici_National_Veterans_Legal_Services_Program_5c4b7c.json
2026-03-28 09:23:37,136 INFO root SUCCESS 22-888 [5/20] → data\22-888\json\20230515_respondent_Denis_McDonough_Secretary_Veterans_Affairs_opposition_ecf429.json
2026-03-28 09:23:39,306 INFO root SUCCESS 22-888 [6/20] → data\22-888\json\20230525_reply_James_R._Rudisill_9038b3.json
2026-03-28 09:23:41,973 INFO root SUCCESS 22-888 [7/20] → data\22-888\json\20230810_petitioner_James_R._Rudisill_7d3504.json
2026-03-28 09:23:44,173 INFO root SUCCESS 22-888 [8/20] → data\22-888\json\20230814_amicus_Jeremy_Doerre_fd79be.json
2026-03-28 09:23:46,757 INFO root SUCCESS 22-888 [9/20] → data\22-888\json\20230816_amicus_American_Legion_5db3d8.json
2026-03-28 09:23:49,055 INFO root SUCCESS 22-888 [10/20] → data\22-888\json\20230817_amici_National_Veterans_Legal_Services_Program_ca3ea9.json
2026-03-28 09:23:51,514 INFO root SUCCESS 22-888 [11/20] → data\22-888\json\20230817_amicus_Veterans_Foreign_Wars_US_afa609.json
2026-03-28 09:23:53,764 INFO root SUCCESS 22-888 [12/20] → data\22-888\json\20230817_amicus_National_Institute_Military_Justice_03ff0b.json
2026-03-28 09:23:56,007 INFO root SUCCESS 22-888 [13/20] → data\22-888\json\20230817_amicus_Military-Veterans_Advocacy_Inc_abd847.json
2026-03-28 09:23:58,241 INFO root SUCCESS 22-888 [14/20] → data\22-888\json\20230817_amici_Veterans_393f4d.json
2026-03-28 09:24:00,506 INFO root SUCCESS 22-888 [15/20] → data\22-888\json\20230817_amicus_Iraq_Afghanistan_Veterans_America_958682.json
2026-03-28 09:24:02,812 INFO root SUCCESS 22-888 [16/20] → data\22-888\json\20230817_amici_Senator_Tim_Kaine_9ebcea.json
2026-03-28 09:24:05,091 INFO root SUCCESS 22-888 [17/20] → data\22-888\json\20230817_amici_Virginia_eb7003.json
2026-03-28 09:24:07,074 INFO root SUCCESS 22-888 [18/20] → data\22-888\json\20230817_amici_Edison_Electric_Institute_140cea.json
2026-03-28 09:24:10,062 INFO root SUCCESS 22-888 [19/20] → data\22-888\json\20230911_respondent_Denis_McDonough_Secretary_Veterans_Affairs_a6561e.json
2026-03-28 09:24:12,472 INFO root SUCCESS 22-888 [20/20] → data\22-888\json\20231011_reply_James_R._Rudisill_8e74f0.json
2026-03-28 09:24:12,864 INFO root Processing Main Document: "Main Document"
2026-03-28 09:24:12,864 INFO root Filename: "20230324_respondent_Merrick_B._Garland_Attorney_General"
2026-03-28 09:24:12,864 INFO root Processing Main Document: "Main Document"
2026-03-28 09:24:12,864 INFO root Skipping non-brief document: "Jul 27 2023 Letter proposing a briefing schedule filed by the Solicitor General "
2026-03-28 09:24:12,865 INFO root Processing Main Document: "Main Document"
2026-03-28 09:24:12,865 INFO root Skipping non-brief document: "Aug 29 2023 Brief of Merrick B. Garland, Attorney General filed.  VIDED. Main Do"
2026-03-28 09:24:12,865 INFO root Processing Main Document: "Main Document"
2026-03-28 09:24:12,865 INFO root Skipping non-brief document: "Aug 29 2023 Joint appendix filed.  VIDED. Main Document Proof of Service"
2026-03-28 09:24:12,865 INFO root Processing Main Document: "Main Document"
2026-03-28 09:24:12,865 INFO root Filename: "20230905_amicus_Immigration_Reform_Law_Institute_VIDED"
2026-03-28 09:24:12,865 INFO root Processing Main Document: "Main Document"
2026-03-28 09:24:12,865 INFO root Filename: "20231018_respondent_Varinder_Singh"
2026-03-28 09:24:12,865 INFO root Processing Main Document: "Main Document"
2026-03-28 09:24:12,865 INFO root Filename: "20231018_petitioner_Moris_Esmelis_Campos-Chaves"
2026-03-28 09:24:12,866 INFO root Processing Main Document: "Main Document"
2026-03-28 09:24:12,866 INFO root Filename: "20231018_respondent_Raul_Daniel_Mendez-Colin"
2026-03-28 09:24:12,866 INFO root Processing Main Document: "Main Document"
2026-03-28 09:24:12,866 INFO root Filename: "20231025_amici_National_Immigrant_Justice_Center"
2026-03-28 09:24:12,866 INFO root Processing Main Document: "Main Document"
2026-03-28 09:24:12,866 INFO root Filename: "20231025_amici_Forty-Two_Former_Immigration_Judges_Members"
2026-03-28 09:24:12,866 INFO root Processing Main Document: "Main Document"
2026-03-28 09:24:12,866 INFO root Filename: "20231025_amici_Lucas_Champollion_Brandon_Waldon_Masoud"
2026-03-28 09:24:12,866 INFO root Processing Main Document: "Main Document"
2026-03-28 09:24:12,867 INFO root Filename: "20231025_amici_National_Immigration_Litigation_Alliance"
2026-03-28 09:24:12,867 INFO root Processing Main Document: "Main Document"
2026-03-28 09:24:12,867 INFO root Skipping non-brief document: "Oct 25 2023 Motion for divided argument filed by petitioner in No. 22-674 and re"
2026-03-28 09:24:12,867 INFO root Processing Main Document: "Main Document"
2026-03-28 09:24:12,867 INFO root Filename: "20231117_reply_Merrick_B._Garland_Attorney_General"
2026-03-28 09:24:12,867 INFO root Processing Main Document: "Main Document"
2026-03-28 09:24:12,867 INFO root Skipping non-brief document: "Jul 16 2024 Judgment Issued. Main Document"
2026-03-28 09:24:12,867 INFO root Found 10 brief/reply documents for 22-674
2026-03-28 09:24:12,867 INFO root Processing 10 brief/reply documents for case 22-674
2026-03-28 09:24:15,102 INFO root SUCCESS 22-674 [1/10] → data\22-674\json\20230324_respondent_Merrick_B._Garland_Attorney_General_8d1e7c.json
2026-03-28 09:24:17,371 INFO root SUCCESS 22-674 [2/10] → data\22-674\json\20230905_amicus_Immigration_Reform_Law_Institute_VIDED_df417b.json
2026-03-28 09:24:20,043 INFO root SUCCESS 22-674 [3/10] → data\22-674\json\20231018_respondent_Varinder_Singh_60cd30.json
2026-03-28 09:24:22,652 INFO root SUCCESS 22-674 [4/10] → data\22-674\json\20231018_petitioner_Moris_Esmelis_Campos-Chaves_b1a464.json
2026-03-28 09:24:25,125 INFO root SUCCESS 22-674 [5/10] → data\22-674\json\20231018_respondent_Raul_Daniel_Mendez-Colin_ee5947.json
2026-03-28 09:24:27,621 INFO root SUCCESS 22-674 [6/10] → data\22-674\json\20231025_amici_National_Immigrant_Justice_Center_398b5d.json
2026-03-28 09:24:29,838 WARNING pdfminer.pdfpage CropBox missing from /Page, defaulting to MediaBox
2026-03-28 09:24:29,843 WARNING pdfminer.pdfpage CropBox missing from /Page, defaulting to MediaBox
2026-03-28 09:24:30,427 INFO root SUCCESS 22-674 [7/10] → data\22-674\json\20231025_amici_Forty-Two_Former_Immigration_Judges_Members_528b77.json
2026-03-28 09:24:33,001 INFO root SUCCESS 22-674 [8/10] → data\22-674\json\20231025_amici_Lucas_Champollion_Brandon_Waldon_Masoud_6046f1.json
2026-03-28 09:24:35,218 INFO root SUCCESS 22-674 [9/10] → data\22-674\json\20231025_amici_National_Immigration_Litigation_Alliance_0f2695.json
2026-03-28 09:24:38,002 INFO root SUCCESS 22-674 [10/10] → data\22-674\json\20231117_reply_Merrick_B._Garland_Attorney_General_c6de88.json
2026-03-28 09:24:38,407 INFO root Processing Main Document: "Main Document"
2026-03-28 09:24:38,407 INFO root Skipping non-brief document: "Nov 17 2022 Application (22A442) to extend the time to file a petition for a wri"
2026-03-28 09:24:38,407 INFO root Processing Main Document: "Main Document"
2026-03-28 09:24:38,407 INFO root Skipping non-brief document: "Feb 15 2023 Motion to extend the time to file a response from February 27, 2023 "
2026-03-28 09:24:38,407 INFO root Processing Main Document: "Main Document"
2026-03-28 09:24:38,407 INFO root Filename: "20230221_amicus_Matthew_Handal"
2026-03-28 09:24:38,407 INFO root Processing Main Document: "Main Document"
2026-03-28 09:24:38,408 INFO root Skipping non-brief document: "Mar 24 2023 Motion to extend the time to file a response from March 29, 2023 to "
2026-03-28 09:24:38,408 INFO root Processing Main Document: "Main Document"
2026-03-28 09:24:38,408 INFO root Skipping non-brief document: "Apr 06 2023 Motion to extend the time to file a response from April 11, 2023 to "
2026-03-28 09:24:38,408 INFO root Processing Main Document: "Main Document"
2026-03-28 09:24:38,408 INFO root Filename: "20230425_respondent_Steve_Elster_opposition"
2026-03-28 09:24:38,408 INFO root Processing Main Document: "Main Document"
2026-03-28 09:24:38,408 INFO root Filename: "20230509_reply_Katherine_K._Vidal_Under_Secretary_Commerce"
2026-03-28 09:24:38,408 INFO root Processing Main Document: "Main Document"
2026-03-28 09:24:38,408 INFO root Skipping non-brief document: "Jun 22 2023 Motion for an extension of time to file the briefs on the merits fil"
2026-03-28 09:24:38,408 INFO root Processing Main Document: "Main Document"
2026-03-28 09:24:38,409 INFO root Skipping non-brief document: "Jul 12 2023 Motion to dispense with printing the joint appendix filed by petitio"
2026-03-28 09:24:38,409 INFO root Processing Main Document: "Main Document"
2026-03-28 09:24:38,409 INFO root Filename: "20230725_petitioner_Katherine_K._Vidal_Under_Secretary_Commerce"
2026-03-28 09:24:38,409 INFO root Processing Main Document: "Main Document"
2026-03-28 09:24:38,409 INFO root Filename: "20230801_amicus_Motion_Picture_Association_Inc"
2026-03-28 09:24:38,409 INFO root Processing Main Document: "Main Document"
2026-03-28 09:24:38,409 INFO root Filename: "20230801_amicus_Matthew_Handal_support_neither"
2026-03-28 09:24:38,409 INFO root Processing Main Document: "Main Document"
2026-03-28 09:24:38,409 INFO root Filename: "20230801_amicus_International_Trademark_Association"
2026-03-28 09:24:38,409 INFO root Processing Main Document: "Main Document"
2026-03-28 09:24:38,410 INFO root Filename: "20230801_amicus_American_Intellectual_Property_Law_Association"
2026-03-28 09:24:38,410 INFO root Processing Main Document: "Main Document"
2026-03-28 09:24:38,410 INFO root Filename: "20230801_amicus_Public_Citizen"
2026-03-28 09:24:38,410 INFO root Processing Main Document: "Main Document"
2026-03-28 09:24:38,410 INFO root Skipping non-brief document: "Aug 14 2023 Motion of respondent for a further extension of time filed. Main Doc"
2026-03-28 09:24:38,410 INFO root Processing Main Document: "Main Document"
2026-03-28 09:24:38,410 INFO root Filename: "20230905_respondent_Steve_Elster"
2026-03-28 09:24:38,410 INFO root Processing Main Document: "Main Document"
2026-03-28 09:24:38,410 INFO root Filename: "20230905_amicus_Samuel_Ernst"
2026-03-28 09:24:38,410 INFO root Processing Main Document: "Main Document"
2026-03-28 09:24:38,411 INFO root Filename: "20230912_amici_Foundation_Individual_Rights_Expression_Manhattan"
2026-03-28 09:24:38,411 INFO root Processing Main Document: "Main Document"
2026-03-28 09:24:38,411 INFO root Filename: "20231005_reply_Katherine_K._Vidal_Under_Secretary_Commerce"
2026-03-28 09:24:38,411 INFO root Processing Main Document: "Main Document"
2026-03-28 09:24:38,411 INFO root Skipping non-brief document: "Jul 15 2024 Judgment Issued. Main Document"
2026-03-28 09:24:38,411 INFO root Found 13 brief/reply documents for 22-704
2026-03-28 09:24:38,411 INFO root Processing 13 brief/reply documents for case 22-704
2026-03-28 09:24:40,460 INFO root SUCCESS 22-704 [1/13] → data\22-704\json\20230221_amicus_Matthew_Handal_78ab55.json
2026-03-28 09:24:42,593 INFO root SUCCESS 22-704 [2/13] → data\22-704\json\20230425_respondent_Steve_Elster_opposition_e974b8.json
2026-03-28 09:24:45,098 INFO root SUCCESS 22-704 [3/13] → data\22-704\json\20230509_reply_Katherine_K._Vidal_Under_Secretary_Commerce_026f56.json
2026-03-28 09:24:48,238 INFO root SUCCESS 22-704 [4/13] → data\22-704\json\20230725_petitioner_Katherine_K._Vidal_Under_Secretary_Commerce_b9adf3.json
2026-03-28 09:24:50,345 INFO root SUCCESS 22-704 [5/13] → data\22-704\json\20230801_amicus_Motion_Picture_Association_Inc_7faad7.json
2026-03-28 09:24:52,455 INFO root SUCCESS 22-704 [6/13] → data\22-704\json\20230801_amicus_Matthew_Handal_support_neither_bf062c.json
2026-03-28 09:24:55,080 INFO root SUCCESS 22-704 [7/13] → data\22-704\json\20230801_amicus_International_Trademark_Association_eb18a1.json
2026-03-28 09:24:57,700 INFO root SUCCESS 22-704 [8/13] → data\22-704\json\20230801_amicus_American_Intellectual_Property_Law_Association_c55fe8.json
2026-03-28 09:24:59,955 WARNING pdfminer.pdfpage CropBox missing from /Page, defaulting to MediaBox
2026-03-28 09:24:59,974 WARNING pdfminer.pdfpage CropBox missing from /Page, defaulting to MediaBox
2026-03-28 09:24:59,980 WARNING pdfminer.pdfpage CropBox missing from /Page, defaulting to MediaBox
2026-03-28 09:25:00,001 WARNING pdfminer.pdfpage CropBox missing from /Page, defaulting to MediaBox
2026-03-28 09:25:00,025 WARNING pdfminer.pdfpage CropBox missing from /Page, defaulting to MediaBox
2026-03-28 09:25:00,046 WARNING pdfminer.pdfpage CropBox missing from /Page, defaulting to MediaBox
2026-03-28 09:25:00,063 WARNING pdfminer.pdfpage CropBox missing from /Page, defaulting to MediaBox
2026-03-28 09:25:00,081 WARNING pdfminer.pdfpage CropBox missing from /Page, defaulting to MediaBox
2026-03-28 09:25:00,100 WARNING pdfminer.pdfpage CropBox missing from /Page, defaulting to MediaBox
2026-03-28 09:25:00,118 WARNING pdfminer.pdfpage CropBox missing from /Page, defaulting to MediaBox
2026-03-28 09:25:00,138 WARNING pdfminer.pdfpage CropBox missing from /Page, defaulting to MediaBox
2026-03-28 09:25:00,158 WARNING pdfminer.pdfpage CropBox missing from /Page, defaulting to MediaBox
2026-03-28 09:25:00,174 WARNING pdfminer.pdfpage CropBox missing from /Page, defaulting to MediaBox
2026-03-28 09:25:00,192 WARNING pdfminer.pdfpage CropBox missing from /Page, defaulting to MediaBox
2026-03-28 09:25:00,210 WARNING pdfminer.pdfpage CropBox missing from /Page, defaulting to MediaBox
2026-03-28 09:25:00,230 WARNING pdfminer.pdfpage CropBox missing from /Page, defaulting to MediaBox
2026-03-28 09:25:00,253 WARNING pdfminer.pdfpage CropBox missing from /Page, defaulting to MediaBox
2026-03-28 09:25:00,273 WARNING pdfminer.pdfpage CropBox missing from /Page, defaulting to MediaBox
2026-03-28 09:25:00,292 WARNING pdfminer.pdfpage CropBox missing from /Page, defaulting to MediaBox
2026-03-28 09:25:00,313 WARNING pdfminer.pdfpage CropBox missing from /Page, defaulting to MediaBox
2026-03-28 09:25:00,338 WARNING pdfminer.pdfpage CropBox missing from /Page, defaulting to MediaBox
2026-03-28 09:25:00,358 WARNING pdfminer.pdfpage CropBox missing from /Page, defaulting to MediaBox
2026-03-28 09:25:00,380 WARNING pdfminer.pdfpage CropBox missing from /Page, defaulting to MediaBox
2026-03-28 09:25:00,399 WARNING pdfminer.pdfpage CropBox missing from /Page, defaulting to MediaBox
2026-03-28 09:25:00,413 INFO root SUCCESS 22-704 [9/13] → data\22-704\json\20230801_amicus_Public_Citizen_9c4026.json
2026-03-28 09:25:02,836 INFO root SUCCESS 22-704 [10/13] → data\22-704\json\20230905_respondent_Steve_Elster_5f1f17.json
2026-03-28 09:25:05,144 INFO root SUCCESS 22-704 [11/13] → data\22-704\json\20230905_amicus_Samuel_Ernst_38101b.json
2026-03-28 09:25:07,449 INFO root SUCCESS 22-704 [12/13] → data\22-704\json\20230912_amici_Foundation_Individual_Rights_Expression_Manhattan_7aa44f.json
2026-03-28 09:25:09,838 INFO root SUCCESS 22-704 [13/13] → data\22-704\json\20231005_reply_Katherine_K._Vidal_Under_Secretary_Commerce_daf42f.json
2026-03-28 09:25:10,085 INFO root Processing Main Document: "Main Document"
2026-03-28 09:25:10,086 INFO root Skipping non-brief document: "Jun 15 2022 Application (21A835) to extend the time to file a petition for a wri"
2026-03-28 09:25:10,086 INFO root Processing Main Document: "Main Document"
2026-03-28 09:25:10,086 INFO root Skipping non-brief document: "Sep 28 2022 Waiver of right of respondent City of St. Louis, et al. to respond f"
2026-03-28 09:25:10,086 INFO root Processing Main Document: "Main Document"
2026-03-28 09:25:10,086 INFO root Filename: "20220930_amicus_National_Employment_Lawyers_Association"
2026-03-28 09:25:10,086 INFO root Processing Main Document: "Main Document"
2026-03-28 09:25:10,086 INFO root Filename: "20220930_amicus_Constitutional_Accountability_Center"
2026-03-28 09:25:10,087 INFO root Processing Main Document: "Main Document"
2026-03-28 09:25:10,087 INFO root Skipping non-brief document: "Oct 31 2022 Motion to extend the time to file a response from November 10, 2022 "
2026-03-28 09:25:10,087 INFO root Processing Main Document: "Main Document"
2026-03-28 09:25:10,087 INFO root Filename: "20221212_respondent_City_St._Louis_Missouri_opposition"
2026-03-28 09:25:10,087 INFO root Processing Main Document: "Main Document"
2026-03-28 09:25:10,087 INFO root Skipping non-brief document: "Dec 19 2022 Waiver of the 14-day waiting period for the distribution of the peti"
2026-03-28 09:25:10,087 INFO root Processing Main Document: "Main Document"
2026-03-28 09:25:10,087 INFO root Filename: "20221220_reply_Jatonya_Clayborn_Muldrow"
2026-03-28 09:25:10,087 INFO root Processing Main Document: "Main Document"
2026-03-28 09:25:10,088 INFO root Filename: "20230518_amicus_US"
2026-03-28 09:25:10,088 INFO root Processing Main Document: "Main Document"
2026-03-28 09:25:10,088 INFO root Filename: "20230601_respondent_City_St._Louis_Missouri"
2026-03-28 09:25:10,088 INFO root Processing Main Document: "Main Document"
2026-03-28 09:25:10,088 INFO root Skipping non-brief document: "Jul 07 2023 Motion for an extension of time within which to file the briefs on t"
2026-03-28 09:25:10,088 INFO root Processing Main Document: "Main Document"
2026-03-28 09:25:10,088 INFO root Filename: "20230828_petitioner_Jatonya_Clayborn_Muldrow"
2026-03-28 09:25:10,088 INFO root Processing Main Document: "Main Document"
2026-03-28 09:25:10,088 INFO root Skipping non-brief document: "Aug 28 2023 Joint appendix filed.  (Statement of costs filed) Main Document Othe"
2026-03-28 09:25:10,088 INFO root Processing Main Document: "Main Document"
2026-03-28 09:25:10,089 INFO root Filename: "20230831_amici_Professor_Suja_Thomas"
2026-03-28 09:25:10,089 INFO root Processing Main Document: "Main Document"
2026-03-28 09:25:10,089 INFO root Filename: "20230901_amici_National_Employment_Lawyers_Association"
2026-03-28 09:25:10,089 INFO root Processing Main Document: "Main Document"
2026-03-28 09:25:10,089 INFO root Filename: "20230901_amici_Legal_Aid_Society_National_Employment"
2026-03-28 09:25:10,089 INFO root Processing Main Document: "Main Document"
2026-03-28 09:25:10,089 INFO root Filename: "20230905_amicus_US"
2026-03-28 09:25:10,089 INFO root Processing Main Document: "Main Document"
2026-03-28 09:25:10,090 INFO root Filename: "20230905_amici_District_Columbia"
2026-03-28 09:25:10,090 INFO root Processing Main Document: "Main Document"
2026-03-28 09:25:10,090 INFO root Filename: "20230905_amici_Constitutional_Accountability_Center"
2026-03-28 09:25:10,090 INFO root Processing Main Document: "Main Document"
2026-03-28 09:25:10,090 INFO root Filename: "20230905_amicus_National_Treasury_Employees_Union"
2026-03-28 09:25:10,090 INFO root Processing Main Document: "Main Document"
2026-03-28 09:25:10,090 INFO root Filename: "20231011_respondent_City_St._Louis"
2026-03-28 09:25:10,091 INFO root Processing Main Document: "Main Document"
2026-03-28 09:25:10,091 INFO root Skipping non-brief document: "Oct 12 2023 Motion of the Solicitor General for leave to participate in oral arg"
2026-03-28 09:25:10,091 INFO root Processing Main Document: "Main Document"
2026-03-28 09:25:10,091 INFO root Filename: "20231018_amicus_Society_Human_Resource_Management_(Distributed)"
2026-03-28 09:25:10,091 INFO root Processing Main Document: "Main Document"
2026-03-28 09:25:10,091 INFO root Filename: "20231018_amici_National_School_Boards_Association_AASA"
2026-03-28 09:25:10,092 INFO root Processing Main Document: "Main Document"
2026-03-28 09:25:10,092 INFO root Filename: "20231018_amici_Chamber_Commerce_US_America"
2026-03-28 09:25:10,092 INFO root Processing Main Document: "Main Document"
2026-03-28 09:25:10,092 INFO root Filename: "20231018_amici_State_Arkansas_(Distributed)"
2026-03-28 09:25:10,092 INFO root Processing Main Document: "Main Document"
2026-03-28 09:25:10,092 INFO root Filename: "20231018_amici_Local_Government_Legal_Center_National"
2026-03-28 09:25:10,092 INFO root Processing Main Document: "Main Document"
2026-03-28 09:25:10,093 INFO root Filename: "20231109_reply_Jatonya_Clayborn_Muldrow"
2026-03-28 09:25:10,093 INFO root Processing Main Document: "Main Document"
2026-03-28 09:25:10,093 INFO root Skipping non-brief document: "May 20 2024 Judgment Issued. Main Document"
2026-03-28 09:25:10,093 INFO root Found 21 brief/reply documents for 22-193
2026-03-28 09:25:10,093 INFO root Processing 21 brief/reply documents for case 22-193
2026-03-28 09:25:12,150 INFO root SUCCESS 22-193 [1/21] → data\22-193\json\20220930_amicus_National_Employment_Lawyers_Association_a4ba91.json
2026-03-28 09:25:14,785 INFO root SUCCESS 22-193 [2/21] → data\22-193\json\20220930_amicus_Constitutional_Accountability_Center_b40149.json
2026-03-28 09:25:17,431 INFO root SUCCESS 22-193 [3/21] → data\22-193\json\20221212_respondent_City_St._Louis_Missouri_opposition_2cc708.json
2026-03-28 09:25:19,349 WARNING pdfminer.cmapdb Ignoring (part of) ToUnicode map because the PDF data does not conform to the format. This could result in (cid) values in the output. The start and end byte have different lengths.
2026-03-28 09:25:19,376 WARNING pdfminer.cmapdb Ignoring (part of) ToUnicode map because the PDF data does not conform to the format. This could result in (cid) values in the output. The start and end byte have different lengths.
2026-03-28 09:25:19,521 INFO root SUCCESS 22-193 [4/21] → data\22-193\json\20221220_reply_Jatonya_Clayborn_Muldrow_7752be.json
2026-03-28 09:25:21,958 INFO root SUCCESS 22-193 [5/21] → data\22-193\json\20230518_amicus_US_c6e253.json
2026-03-28 09:25:24,039 INFO root SUCCESS 22-193 [6/21] → data\22-193\json\20230601_respondent_City_St._Louis_Missouri_77926f.json
2026-03-28 09:25:26,321 INFO root SUCCESS 22-193 [7/21] → data\22-193\json\20230828_petitioner_Jatonya_Clayborn_Muldrow_087ef2.json
2026-03-28 09:25:28,393 INFO root SUCCESS 22-193 [8/21] → data\22-193\json\20230831_amici_Professor_Suja_Thomas_8a3502.json
2026-03-28 09:25:30,681 INFO root SUCCESS 22-193 [9/21] → data\22-193\json\20230901_amici_National_Employment_Lawyers_Association_fde2f4.json
2026-03-28 09:25:32,792 INFO root SUCCESS 22-193 [10/21] → data\22-193\json\20230901_amici_Legal_Aid_Society_National_Employment_28031d.json
2026-03-28 09:25:35,894 INFO root SUCCESS 22-193 [11/21] → data\22-193\json\20230905_amicus_US_b5da66.json
2026-03-28 09:25:38,294 INFO root SUCCESS 22-193 [12/21] → data\22-193\json\20230905_amici_District_Columbia_3c7094.json
2026-03-28 09:25:40,548 INFO root SUCCESS 22-193 [13/21] → data\22-193\json\20230905_amici_Constitutional_Accountability_Center_d1d82d.json
2026-03-28 09:25:42,813 INFO root SUCCESS 22-193 [14/21] → data\22-193\json\20230905_amicus_National_Treasury_Employees_Union_d2a6e1.json
2026-03-28 09:25:45,807 INFO root SUCCESS 22-193 [15/21] → data\22-193\json\20231011_respondent_City_St._Louis_8eeb00.json
2026-03-28 09:25:48,196 INFO root SUCCESS 22-193 [16/21] → data\22-193\json\20231018_amicus_Society_Human_Resource_Management_(Distributed)_288a00.json
2026-03-28 09:25:50,146 WARNING pdfminer.pdfpage CropBox missing from /Page, defaulting to MediaBox
2026-03-28 09:25:50,157 WARNING pdfminer.pdfpage CropBox missing from /Page, defaulting to MediaBox
2026-03-28 09:25:50,165 WARNING pdfminer.pdfpage CropBox missing from /Page, defaulting to MediaBox
2026-03-28 09:25:50,169 WARNING pdfminer.pdfpage CropBox missing from /Page, defaulting to MediaBox
2026-03-28 09:25:50,175 WARNING pdfminer.pdfpage CropBox missing from /Page, defaulting to MediaBox
2026-03-28 09:25:50,181 WARNING pdfminer.pdfpage CropBox missing from /Page, defaulting to MediaBox
2026-03-28 09:25:50,187 WARNING pdfminer.pdfpage CropBox missing from /Page, defaulting to MediaBox
2026-03-28 09:25:50,194 WARNING pdfminer.pdfpage CropBox missing from /Page, defaulting to MediaBox
2026-03-28 09:25:50,202 WARNING pdfminer.pdfpage CropBox missing from /Page, defaulting to MediaBox
2026-03-28 09:25:50,210 WARNING pdfminer.pdfpage CropBox missing from /Page, defaulting to MediaBox
2026-03-28 09:25:50,214 WARNING pdfminer.pdfpage CropBox missing from /Page, defaulting to MediaBox
2026-03-28 09:25:50,224 WARNING pdfminer.pdfpage CropBox missing from /Page, defaulting to MediaBox
2026-03-28 09:25:50,232 WARNING pdfminer.pdfpage CropBox missing from /Page, defaulting to MediaBox
2026-03-28 09:25:50,240 WARNING pdfminer.pdfpage CropBox missing from /Page, defaulting to MediaBox
2026-03-28 09:25:50,249 WARNING pdfminer.pdfpage CropBox missing from /Page, defaulting to MediaBox
2026-03-28 09:25:50,257 WARNING pdfminer.pdfpage CropBox missing from /Page, defaulting to MediaBox
2026-03-28 09:25:50,265 WARNING pdfminer.pdfpage CropBox missing from /Page, defaulting to MediaBox
2026-03-28 09:25:50,272 WARNING pdfminer.pdfpage CropBox missing from /Page, defaulting to MediaBox
2026-03-28 09:25:50,281 WARNING pdfminer.pdfpage CropBox missing from /Page, defaulting to MediaBox
2026-03-28 09:25:50,290 WARNING pdfminer.pdfpage CropBox missing from /Page, defaulting to MediaBox
2026-03-28 09:25:50,299 WARNING pdfminer.pdfpage CropBox missing from /Page, defaulting to MediaBox
2026-03-28 09:25:50,306 WARNING pdfminer.pdfpage CropBox missing from /Page, defaulting to MediaBox
2026-03-28 09:25:50,315 WARNING pdfminer.pdfpage CropBox missing from /Page, defaulting to MediaBox
2026-03-28 09:25:50,324 WARNING pdfminer.pdfpage CropBox missing from /Page, defaulting to MediaBox
2026-03-28 09:25:50,331 WARNING pdfminer.pdfpage CropBox missing from /Page, defaulting to MediaBox
2026-03-28 09:25:50,341 WARNING pdfminer.pdfpage CropBox missing from /Page, defaulting to MediaBox
2026-03-28 09:25:50,348 WARNING pdfminer.pdfpage CropBox missing from /Page, defaulting to MediaBox
2026-03-28 09:25:50,357 WARNING pdfminer.pdfpage CropBox missing from /Page, defaulting to MediaBox
2026-03-28 09:25:50,366 WARNING pdfminer.pdfpage CropBox missing from /Page, defaulting to MediaBox
2026-03-28 09:25:50,375 WARNING pdfminer.pdfpage CropBox missing from /Page, defaulting to MediaBox
2026-03-28 09:25:50,383 WARNING pdfminer.pdfpage CropBox missing from /Page, defaulting to MediaBox
2026-03-28 09:25:50,393 WARNING pdfminer.pdfpage CropBox missing from /Page, defaulting to MediaBox
2026-03-28 09:25:50,404 WARNING pdfminer.pdfpage CropBox missing from /Page, defaulting to MediaBox
2026-03-28 09:25:50,413 WARNING pdfminer.pdfpage CropBox missing from /Page, defaulting to MediaBox
2026-03-28 09:25:50,422 WARNING pdfminer.pdfpage CropBox missing from /Page, defaulting to MediaBox
2026-03-28 09:25:50,431 WARNING pdfminer.pdfpage CropBox missing from /Page, defaulting to MediaBox
2026-03-28 09:25:50,439 WARNING pdfminer.pdfpage CropBox missing from /Page, defaulting to MediaBox
2026-03-28 09:25:50,447 WARNING pdfminer.pdfpage CropBox missing from /Page, defaulting to MediaBox
2026-03-28 09:25:50,455 WARNING pdfminer.pdfpage CropBox missing from /Page, defaulting to MediaBox
2026-03-28 09:25:50,463 WARNING pdfminer.pdfpage CropBox missing from /Page, defaulting to MediaBox
2026-03-28 09:25:50,472 WARNING pdfminer.pdfpage CropBox missing from /Page, defaulting to MediaBox
2026-03-28 09:25:50,479 INFO root SUCCESS 22-193 [17/21] → data\22-193\json\20231018_amici_National_School_Boards_Association_AASA_75c87a.json
2026-03-28 09:25:53,117 INFO root SUCCESS 22-193 [18/21] → data\22-193\json\20231018_amici_Chamber_Commerce_US_America_672a81.json
2026-03-28 09:25:55,478 INFO root SUCCESS 22-193 [19/21] → data\22-193\json\20231018_amici_State_Arkansas_(Distributed)_feba62.json
2026-03-28 09:25:58,106 INFO root SUCCESS 22-193 [20/21] → data\22-193\json\20231018_amici_Local_Government_Legal_Center_National_6acf27.json
2026-03-28 09:25:59,968 WARNING pdfminer.cmapdb Ignoring (part of) ToUnicode map because the PDF data does not conform to the format. This could result in (cid) values in the output. The start and end byte have different lengths.
2026-03-28 09:26:00,026 WARNING pdfminer.cmapdb Ignoring (part of) ToUnicode map because the PDF data does not conform to the format. This could result in (cid) values in the output. The start and end byte have different lengths.
2026-03-28 09:26:00,345 INFO root SUCCESS 22-193 [21/21] → data\22-193\json\20231109_reply_Jatonya_Clayborn_Muldrow_ffe38a.json
2026-03-28 09:26:00,845 INFO root Processing Main Document: "Main Document"
2026-03-28 09:26:00,845 INFO root Skipping non-brief document: "Jan 05 2023 Application (22A596) to extend the time to file a petition for a wri"
2026-03-28 09:26:00,845 INFO root Processing Main Document: "Main Document"
2026-03-28 09:26:00,846 INFO root Skipping non-brief document: "Mar 27 2023 Motion to extend the time to file a response from April 10, 2023 to "
2026-03-28 09:26:00,846 INFO root Processing Main Document: "Main Document"
2026-03-28 09:26:00,846 INFO root Skipping non-brief document: "Apr 28 2023 Motion to extend the time to file a response from May 10, 2023 to Ju"
2026-03-28 09:26:00,846 INFO root Processing Main Document: "Main Document"
2026-03-28 09:26:00,846 INFO root Filename: "20230523_respondent_George_R._Jarkesy_Jr._opposition"
2026-03-28 09:26:00,846 INFO root Processing Main Document: "Main Document"
2026-03-28 09:26:00,846 INFO root Filename: "20230523_respondent_George_R._Jarkesy_Jr._opposition"
2026-03-28 09:26:00,846 INFO root Processing Main Document: "Main Document"
2026-03-28 09:26:00,846 INFO root Filename: "20230523_respondent_George_R._Jarkesy_Jr._opposition"
2026-03-28 09:26:00,847 INFO root Processing Main Document: "Main Document"
2026-03-28 09:26:00,847 INFO root Filename: "20230606_reply_Securites_and_Exchange_Commission"
2026-03-28 09:26:00,847 INFO root Processing Main Document: "Main Document"
2026-03-28 09:26:00,847 INFO root Skipping non-brief document: "Jul 17 2023 Motion for an extension of time within which to file the briefs on t"
2026-03-28 09:26:00,847 INFO root Processing Main Document: "Main Document"
2026-03-28 09:26:00,847 INFO root Skipping non-brief document: "Jul 17 2023 Application (23A55) for leave to file briefs on the merits in excess"
2026-03-28 09:26:00,847 INFO root Processing Main Document: "Main Document"
2026-03-28 09:26:00,847 INFO root Skipping non-brief document: "Jul 18 2023 Motion to dispense with printing the joint appendix filed by petitio"
2026-03-28 09:26:00,847 INFO root Processing Main Document: "Main Document"
2026-03-28 09:26:00,848 INFO root Filename: "20230720_amicus_Andrew_Vollmer_support_neither"
2026-03-28 09:26:00,848 INFO root Processing Main Document: "Main Document"
2026-03-28 09:26:00,848 INFO root Filename: "20230822_amicus_Professor_Ilan_Wurman_support"
2026-03-28 09:26:00,848 INFO root Processing Main Document: "Main Document"
2026-03-28 09:26:00,848 INFO root Filename: "20230822_amicus_Anthony_Michael_Sabino"
2026-03-28 09:26:00,848 INFO root Processing Main Document: "Main Document"
2026-03-28 09:26:00,848 INFO root Filename: "20230828_petitioner_Securites_and_Exchange_Commission"
2026-03-28 09:26:00,848 INFO root Processing Main Document: "Main Document"
2026-03-28 09:26:00,849 INFO root Filename: "20230828_amicus_Forum_US_Administrative_Law"
2026-03-28 09:26:00,849 INFO root Processing Main Document: "Main Document"
2026-03-28 09:26:00,849 INFO root Filename: "20230901_amici_Administrative_Law_Scholars_(Sept"
2026-03-28 09:26:00,849 INFO root Processing Main Document: "Main Document"
2026-03-28 09:26:00,849 INFO root Filename: "20230901_amicus_Federal_Administrative_Law_Judges_Conference"
2026-03-28 09:26:00,849 INFO root Processing Main Document: "Main Document"
2026-03-28 09:26:00,849 INFO root Filename: "20230905_amici_Professors_John_Golden_Thomas_Lee"
2026-03-28 09:26:00,849 INFO root Processing Main Document: "Main Document"
2026-03-28 09:26:00,849 INFO root Filename: "20230905_amicus_National_Treasury_Employees_Union"
2026-03-28 09:26:00,849 INFO root Processing Main Document: "Main Document"
2026-03-28 09:26:00,850 INFO root Filename: "20230905_amicus_North_American_Securities_Administrators_Association"
2026-03-28 09:26:00,850 INFO root Processing Main Document: "Main Document"
2026-03-28 09:26:00,850 INFO root Filename: "20230905_amicus_American_Bar_Association"
2026-03-28 09:26:00,850 INFO root Processing Main Document: "Main Document"
2026-03-28 09:26:00,850 INFO root Filename: "20230905_amicus_Association_Administrative_Law_Judges"
2026-03-28 09:26:00,850 INFO root Processing Main Document: "Main Document"
2026-03-28 09:26:00,851 INFO root Filename: "20230905_amicus_Jed_Shugerman"
2026-03-28 09:26:00,851 INFO root Processing Main Document: "Main Document"
2026-03-28 09:26:00,851 INFO root Filename: "20230905_amicus_Public_Citizen"
2026-03-28 09:26:00,851 INFO root Processing Main Document: "Main Document"
2026-03-28 09:26:00,851 INFO root Skipping non-brief document: "Sep 26 2023 Motion of Administrative Law Scholars for leave to participate in or"
2026-03-28 09:26:00,851 INFO root Processing Main Document: "Main Document"
2026-03-28 09:26:00,851 INFO root Filename: "20231004_amicus_Morris_Dickson_(Oct_2023)"
2026-03-28 09:26:00,851 INFO root Processing Main Document: "Main Document"
2026-03-28 09:26:00,852 INFO root Filename: "20231011_respondent_George_R._Jarkesy"
2026-03-28 09:26:00,852 INFO root Processing Main Document: "Main Document"
2026-03-28 09:26:00,852 INFO root Filename: "20231016_amicus_Americans_Prosperity_Foundation"
2026-03-28 09:26:00,852 INFO root Processing Main Document: "Main Document"
2026-03-28 09:26:00,852 INFO root Filename: "20231017_amicus_Competitive_Enterprise_Institute"
2026-03-28 09:26:00,852 INFO root Processing Main Document: "Main Document"
2026-03-28 09:26:00,853 INFO root Filename: "20231017_amicus_Washington_Legal_Foundation"
2026-03-28 09:26:00,853 INFO root Processing Main Document: "Main Document"
2026-03-28 09:26:00,853 INFO root Filename: "20231018_amici_American_Bankers_Association_American_Association"
2026-03-28 09:26:00,853 INFO root Processing Main Document: "Main Document"
2026-03-28 09:26:00,853 INFO root Filename: "20231018_amicus_Claremont_Institute's_Center_Constitutional_Jurisprudence"
2026-03-28 09:26:00,853 INFO root Processing Main Document: "Main Document"
2026-03-28 09:26:00,853 INFO root Filename: "20231018_amicus_Independent_Women's_Law_Center_(Distributed)"
2026-03-28 09:26:00,853 INFO root Processing Main Document: "Main Document"
2026-03-28 09:26:00,854 INFO root Filename: "20231018_amicus_TotalEnergies_Gas_Power_North_America"
2026-03-28 09:26:00,854 INFO root Processing Main Document: "Main Document"
2026-03-28 09:26:00,854 INFO root Filename: "20231018_amici_Institute_Justice_Sun_Valley_Orchards"
2026-03-28 09:26:00,854 INFO root Processing Main Document: "Main Document"
2026-03-28 09:26:00,854 INFO root Filename: "20231018_amicus_Atlantic_Legal_Foundation_(Distributed)"
2026-03-28 09:26:00,854 INFO root Processing Main Document: "Main Document"
2026-03-28 09:26:00,854 INFO root Filename: "20231018_amicus_Pioneer_Public_Interest_Law_Center"
2026-03-28 09:26:00,854 INFO root Processing Main Document: "Main Document"
2026-03-28 09:26:00,854 INFO root Filename: "20231018_amicus_Energy_Transfer_LP_(Distributed)"
2026-03-28 09:26:00,855 INFO root Processing Main Document: "Main Document"
2026-03-28 09:26:00,855 INFO root Filename: "20231018_amicus_New_Civil_Liberties_Alliance_(Distributed)"
2026-03-28 09:26:00,855 INFO root Processing Main Document: "Main Document"
2026-03-28 09:26:00,855 INFO root Filename: "20231018_amici_State_West_Virginia_Other"
2026-03-28 09:26:00,855 INFO root Processing Main Document: "Main Document"
2026-03-28 09:26:00,855 INFO root Filename: "20231018_amicus_Cato_Institute_(Distributed)"
2026-03-28 09:26:00,855 INFO root Processing Main Document: "Main Document"
2026-03-28 09:26:00,855 INFO root Filename: "20231018_amici_Phillip_Goldstein_Nelson_Obus_Mark"
2026-03-28 09:26:00,856 INFO root Processing Main Document: "Main Document"
2026-03-28 09:26:00,856 INFO root Filename: "20231018_amicus_America_First_Policy_Institute_(Distributed)"
2026-03-28 09:26:00,856 INFO root Processing Main Document: "Main Document"
2026-03-28 09:26:00,856 INFO root Filename: "20231018_amicus_Liberty_Justice_Center_(Distributed)"
2026-03-28 09:26:00,856 INFO root Processing Main Document: "Main Document"
2026-03-28 09:26:00,856 INFO root Filename: "20231018_amicus_David_Julian_(Distributed)"
2026-03-28 09:26:00,856 INFO root Processing Main Document: "Main Document"
2026-03-28 09:26:00,856 INFO root Filename: "20231018_amici_CTIA-The_Wireless_Association_USTelecom-The_Broadband"
2026-03-28 09:26:00,856 INFO root Processing Main Document: "Main Document"
2026-03-28 09:26:00,857 INFO root Filename: "20231018_amici_Constitutional_Originalists_Edwin_Meese_III"
2026-03-28 09:26:00,857 INFO root Processing Main Document: "Main Document"
2026-03-28 09:26:00,857 INFO root Filename: "20231018_amici_Chamber_Commerce_US_National"
2026-03-28 09:26:00,857 INFO root Processing Main Document: "Main Document"
2026-03-28 09:26:00,857 INFO root Filename: "20231018_amici_Advancing_American_Freedom"
2026-03-28 09:26:00,857 INFO root Processing Main Document: "Main Document"
2026-03-28 09:26:00,857 INFO root Filename: "20231113_reply_Securites_and_Exchange_Commission"
2026-03-28 09:26:00,857 INFO root Processing Main Document: "Main Document"
2026-03-28 09:26:00,858 INFO root Skipping non-brief document: "Jul 29 2024 Judgment Issued. Main Document"
2026-03-28 09:26:00,858 INFO root Found 43 brief/reply documents for 22-859
2026-03-28 09:26:00,858 INFO root Processing 43 brief/reply documents for case 22-859
2026-03-28 09:26:03,446 INFO root SUCCESS 22-859 [1/43] → data\22-859\json\20230523_respondent_George_R._Jarkesy_Jr._opposition_d541b4.json
2026-03-28 09:26:05,557 INFO root SUCCESS 22-859 [2/43] → data\22-859\json\20230523_respondent_George_R._Jarkesy_Jr._opposition_1ade29.json
2026-03-28 09:26:07,499 INFO root SUCCESS 22-859 [3/43] → data\22-859\json\20230523_respondent_George_R._Jarkesy_Jr._opposition_f534a7.json
2026-03-28 09:26:09,552 INFO root SUCCESS 22-859 [4/43] → data\22-859\json\20230606_reply_Securites_and_Exchange_Commission_971e91.json
2026-03-28 09:26:11,671 INFO root SUCCESS 22-859 [5/43] → data\22-859\json\20230720_amicus_Andrew_Vollmer_support_neither_106dde.json
2026-03-28 09:26:14,229 INFO root SUCCESS 22-859 [6/43] → data\22-859\json\20230822_amicus_Professor_Ilan_Wurman_support_43cb0c.json
2026-03-28 09:26:16,655 INFO root SUCCESS 22-859 [7/43] → data\22-859\json\20230822_amicus_Anthony_Michael_Sabino_a8dea6.json
2026-03-28 09:26:20,234 INFO root SUCCESS 22-859 [8/43] → data\22-859\json\20230828_petitioner_Securites_and_Exchange_Commission_ba5daf.json
2026-03-28 09:26:22,516 INFO root SUCCESS 22-859 [9/43] → data\22-859\json\20230828_amicus_Forum_US_Administrative_Law_78de43.json
2026-03-28 09:26:24,343 WARNING pdfminer.pdfpage CropBox missing from /Page, defaulting to MediaBox
2026-03-28 09:26:24,356 WARNING pdfminer.pdfpage CropBox missing from /Page, defaulting to MediaBox
2026-03-28 09:26:24,367 WARNING pdfminer.pdfpage CropBox missing from /Page, defaulting to MediaBox
2026-03-28 09:26:24,381 WARNING pdfminer.pdfpage CropBox missing from /Page, defaulting to MediaBox
2026-03-28 09:26:24,395 WARNING pdfminer.pdfpage CropBox missing from /Page, defaulting to MediaBox
2026-03-28 09:26:24,411 WARNING pdfminer.pdfpage CropBox missing from /Page, defaulting to MediaBox
2026-03-28 09:26:24,416 WARNING pdfminer.pdfpage CropBox missing from /Page, defaulting to MediaBox
2026-03-28 09:26:24,429 WARNING pdfminer.pdfpage CropBox missing from /Page, defaulting to MediaBox
2026-03-28 09:26:24,440 WARNING pdfminer.pdfpage CropBox missing from /Page, defaulting to MediaBox
2026-03-28 09:26:24,453 WARNING pdfminer.pdfpage CropBox missing from /Page, defaulting to MediaBox
2026-03-28 09:26:24,465 WARNING pdfminer.pdfpage CropBox missing from /Page, defaulting to MediaBox
2026-03-28 09:26:24,475 WARNING pdfminer.pdfpage CropBox missing from /Page, defaulting to MediaBox
2026-03-28 09:26:24,484 WARNING pdfminer.pdfpage CropBox missing from /Page, defaulting to MediaBox
2026-03-28 09:26:24,495 WARNING pdfminer.pdfpage CropBox missing from /Page, defaulting to MediaBox
2026-03-28 09:26:24,507 WARNING pdfminer.pdfpage CropBox missing from /Page, defaulting to MediaBox
2026-03-28 09:26:24,518 WARNING pdfminer.pdfpage CropBox missing from /Page, defaulting to MediaBox
2026-03-28 09:26:24,529 WARNING pdfminer.pdfpage CropBox missing from /Page, defaulting to MediaBox
2026-03-28 09:26:24,539 WARNING pdfminer.pdfpage CropBox missing from /Page, defaulting to MediaBox
2026-03-28 09:26:24,551 WARNING pdfminer.pdfpage CropBox missing from /Page, defaulting to MediaBox
2026-03-28 09:26:24,560 WARNING pdfminer.pdfpage CropBox missing from /Page, defaulting to MediaBox
2026-03-28 09:26:24,571 WARNING pdfminer.pdfpage CropBox missing from /Page, defaulting to MediaBox
2026-03-28 09:26:24,581 WARNING pdfminer.pdfpage CropBox missing from /Page, defaulting to MediaBox
2026-03-28 09:26:24,592 WARNING pdfminer.pdfpage CropBox missing from /Page, defaulting to MediaBox
2026-03-28 09:26:24,605 WARNING pdfminer.pdfpage CropBox missing from /Page, defaulting to MediaBox
2026-03-28 09:26:24,617 WARNING pdfminer.pdfpage CropBox missing from /Page, defaulting to MediaBox
2026-03-28 09:26:24,628 WARNING pdfminer.pdfpage CropBox missing from /Page, defaulting to MediaBox
2026-03-28 09:26:24,636 WARNING pdfminer.pdfpage CropBox missing from /Page, defaulting to MediaBox
2026-03-28 09:26:24,648 WARNING pdfminer.pdfpage CropBox missing from /Page, defaulting to MediaBox
2026-03-28 09:26:24,660 WARNING pdfminer.pdfpage CropBox missing from /Page, defaulting to MediaBox
2026-03-28 09:26:24,673 WARNING pdfminer.pdfpage CropBox missing from /Page, defaulting to MediaBox
2026-03-28 09:26:24,686 WARNING pdfminer.pdfpage CropBox missing from /Page, defaulting to MediaBox
2026-03-28 09:26:24,700 WARNING pdfminer.pdfpage CropBox missing from /Page, defaulting to MediaBox
2026-03-28 09:26:24,713 WARNING pdfminer.pdfpage CropBox missing from /Page, defaulting to MediaBox
2026-03-28 09:26:24,725 WARNING pdfminer.pdfpage CropBox missing from /Page, defaulting to MediaBox
2026-03-28 09:26:24,736 WARNING pdfminer.pdfpage CropBox missing from /Page, defaulting to MediaBox
2026-03-28 09:26:24,748 WARNING pdfminer.pdfpage CropBox missing from /Page, defaulting to MediaBox
2026-03-28 09:26:24,761 WARNING pdfminer.pdfpage CropBox missing from /Page, defaulting to MediaBox
2026-03-28 09:26:24,774 WARNING pdfminer.pdfpage CropBox missing from /Page, defaulting to MediaBox
2026-03-28 09:26:24,782 WARNING pdfminer.pdfpage CropBox missing from /Page, defaulting to MediaBox
2026-03-28 09:26:24,790 INFO root SUCCESS 22-859 [10/43] → data\22-859\json\20230901_amici_Administrative_Law_Scholars_(Sept_8b43d1.json
2026-03-28 09:26:28,095 INFO root SUCCESS 22-859 [11/43] → data\22-859\json\20230901_amicus_Federal_Administrative_Law_Judges_Conference_afaa54.json
2026-03-28 09:26:31,214 INFO root SUCCESS 22-859 [12/43] → data\22-859\json\20230905_amici_Professors_John_Golden_Thomas_Lee_be0b7e.json
2026-03-28 09:26:33,694 INFO root SUCCESS 22-859 [13/43] → data\22-859\json\20230905_amicus_National_Treasury_Employees_Union_22090e.json
2026-03-28 09:26:35,944 WARNING pdfminer.pdfpage CropBox missing from /Page, defaulting to MediaBox
2026-03-28 09:26:35,963 WARNING pdfminer.pdfpage CropBox missing from /Page, defaulting to MediaBox
2026-03-28 09:26:35,978 WARNING pdfminer.pdfpage CropBox missing from /Page, defaulting to MediaBox
2026-03-28 09:26:35,997 WARNING pdfminer.pdfpage CropBox missing from /Page, defaulting to MediaBox
2026-03-28 09:26:36,014 WARNING pdfminer.pdfpage CropBox missing from /Page, defaulting to MediaBox
2026-03-28 09:26:36,032 WARNING pdfminer.pdfpage CropBox missing from /Page, defaulting to MediaBox
2026-03-28 09:26:36,049 WARNING pdfminer.pdfpage CropBox missing from /Page, defaulting to MediaBox
2026-03-28 09:26:36,065 WARNING pdfminer.pdfpage CropBox missing from /Page, defaulting to MediaBox
2026-03-28 09:26:36,076 WARNING pdfminer.pdfpage CropBox missing from /Page, defaulting to MediaBox
2026-03-28 09:26:36,089 WARNING pdfminer.pdfpage CropBox missing from /Page, defaulting to MediaBox
2026-03-28 09:26:36,102 WARNING pdfminer.pdfpage CropBox missing from /Page, defaulting to MediaBox
2026-03-28 09:26:36,113 WARNING pdfminer.pdfpage CropBox missing from /Page, defaulting to MediaBox
2026-03-28 09:26:36,125 WARNING pdfminer.pdfpage CropBox missing from /Page, defaulting to MediaBox
2026-03-28 09:26:36,137 WARNING pdfminer.pdfpage CropBox missing from /Page, defaulting to MediaBox
2026-03-28 09:26:36,148 WARNING pdfminer.pdfpage CropBox missing from /Page, defaulting to MediaBox
2026-03-28 09:26:36,164 WARNING pdfminer.pdfpage CropBox missing from /Page, defaulting to MediaBox
2026-03-28 09:26:36,176 WARNING pdfminer.pdfpage CropBox missing from /Page, defaulting to MediaBox
2026-03-28 09:26:36,191 WARNING pdfminer.pdfpage CropBox missing from /Page, defaulting to MediaBox
2026-03-28 09:26:36,204 WARNING pdfminer.pdfpage CropBox missing from /Page, defaulting to MediaBox
2026-03-28 09:26:36,218 WARNING pdfminer.pdfpage CropBox missing from /Page, defaulting to MediaBox
2026-03-28 09:26:36,232 WARNING pdfminer.pdfpage CropBox missing from /Page, defaulting to MediaBox
2026-03-28 09:26:36,246 WARNING pdfminer.pdfpage CropBox missing from /Page, defaulting to MediaBox
2026-03-28 09:26:36,263 WARNING pdfminer.pdfpage CropBox missing from /Page, defaulting to MediaBox
2026-03-28 09:26:36,275 WARNING pdfminer.pdfpage CropBox missing from /Page, defaulting to MediaBox
2026-03-28 09:26:36,291 WARNING pdfminer.pdfpage CropBox missing from /Page, defaulting to MediaBox
2026-03-28 09:26:36,302 WARNING pdfminer.pdfpage CropBox missing from /Page, defaulting to MediaBox
2026-03-28 09:26:36,314 WARNING pdfminer.pdfpage CropBox missing from /Page, defaulting to MediaBox
2026-03-28 09:26:36,328 WARNING pdfminer.pdfpage CropBox missing from /Page, defaulting to MediaBox
2026-03-28 09:26:36,342 WARNING pdfminer.pdfpage CropBox missing from /Page, defaulting to MediaBox
2026-03-28 09:26:36,354 WARNING pdfminer.pdfpage CropBox missing from /Page, defaulting to MediaBox
2026-03-28 09:26:36,366 WARNING pdfminer.pdfpage CropBox missing from /Page, defaulting to MediaBox
2026-03-28 09:26:36,381 WARNING pdfminer.pdfpage CropBox missing from /Page, defaulting to MediaBox
2026-03-28 09:26:36,398 WARNING pdfminer.pdfpage CropBox missing from /Page, defaulting to MediaBox
2026-03-28 09:26:36,417 WARNING pdfminer.pdfpage CropBox missing from /Page, defaulting to MediaBox
2026-03-28 09:26:36,427 WARNING pdfminer.pdfpage CropBox missing from /Page, defaulting to MediaBox
2026-03-28 09:26:36,439 WARNING pdfminer.pdfpage CropBox missing from /Page, defaulting to MediaBox
2026-03-28 09:26:36,452 WARNING pdfminer.pdfpage CropBox missing from /Page, defaulting to MediaBox
2026-03-28 09:26:36,466 WARNING pdfminer.pdfpage CropBox missing from /Page, defaulting to MediaBox
2026-03-28 09:26:36,493 INFO root SUCCESS 22-859 [14/43] → data\22-859\json\20230905_amicus_North_American_Securities_Administrators_Association_19ff81.json
2026-03-28 09:26:38,878 INFO root SUCCESS 22-859 [15/43] → data\22-859\json\20230905_amicus_American_Bar_Association_51afbf.json
2026-03-28 09:26:41,126 INFO root SUCCESS 22-859 [16/43] → data\22-859\json\20230905_amicus_Association_Administrative_Law_Judges_cbbddc.json
2026-03-28 09:26:43,137 WARNING pdfminer.pdfpage CropBox missing from /Page, defaulting to MediaBox
2026-03-28 09:26:43,151 WARNING pdfminer.pdfpage CropBox missing from /Page, defaulting to MediaBox
2026-03-28 09:26:43,165 WARNING pdfminer.pdfpage CropBox missing from /Page, defaulting to MediaBox
2026-03-28 09:26:43,180 WARNING pdfminer.pdfpage CropBox missing from /Page, defaulting to MediaBox
2026-03-28 09:26:43,187 WARNING pdfminer.pdfpage CropBox missing from /Page, defaulting to MediaBox
2026-03-28 09:26:43,205 WARNING pdfminer.pdfpage CropBox missing from /Page, defaulting to MediaBox
2026-03-28 09:26:43,221 WARNING pdfminer.pdfpage CropBox missing from /Page, defaulting to MediaBox
2026-03-28 09:26:43,237 WARNING pdfminer.pdfpage CropBox missing from /Page, defaulting to MediaBox
2026-03-28 09:26:43,254 WARNING pdfminer.pdfpage CropBox missing from /Page, defaulting to MediaBox
2026-03-28 09:26:43,271 WARNING pdfminer.pdfpage CropBox missing from /Page, defaulting to MediaBox
2026-03-28 09:26:43,288 WARNING pdfminer.pdfpage CropBox missing from /Page, defaulting to MediaBox
2026-03-28 09:26:43,301 WARNING pdfminer.pdfpage CropBox missing from /Page, defaulting to MediaBox
2026-03-28 09:26:43,323 WARNING pdfminer.pdfpage CropBox missing from /Page, defaulting to MediaBox
2026-03-28 09:26:43,340 WARNING pdfminer.pdfpage CropBox missing from /Page, defaulting to MediaBox
2026-03-28 09:26:43,360 WARNING pdfminer.pdfpage CropBox missing from /Page, defaulting to MediaBox
2026-03-28 09:26:43,383 WARNING pdfminer.pdfpage CropBox missing from /Page, defaulting to MediaBox
2026-03-28 09:26:43,405 WARNING pdfminer.pdfpage CropBox missing from /Page, defaulting to MediaBox
2026-03-28 09:26:43,427 WARNING pdfminer.pdfpage CropBox missing from /Page, defaulting to MediaBox
2026-03-28 09:26:43,449 WARNING pdfminer.pdfpage CropBox missing from /Page, defaulting to MediaBox
2026-03-28 09:26:43,475 WARNING pdfminer.pdfpage CropBox missing from /Page, defaulting to MediaBox
2026-03-28 09:26:43,493 WARNING pdfminer.pdfpage CropBox missing from /Page, defaulting to MediaBox
2026-03-28 09:26:43,514 WARNING pdfminer.pdfpage CropBox missing from /Page, defaulting to MediaBox
2026-03-28 09:26:43,532 WARNING pdfminer.pdfpage CropBox missing from /Page, defaulting to MediaBox
2026-03-28 09:26:43,560 WARNING pdfminer.pdfpage CropBox missing from /Page, defaulting to MediaBox
2026-03-28 09:26:43,578 WARNING pdfminer.pdfpage CropBox missing from /Page, defaulting to MediaBox
2026-03-28 09:26:43,596 WARNING pdfminer.pdfpage CropBox missing from /Page, defaulting to MediaBox
2026-03-28 09:26:43,616 WARNING pdfminer.pdfpage CropBox missing from /Page, defaulting to MediaBox
2026-03-28 09:26:43,633 WARNING pdfminer.pdfpage CropBox missing from /Page, defaulting to MediaBox
2026-03-28 09:26:43,650 WARNING pdfminer.pdfpage CropBox missing from /Page, defaulting to MediaBox
2026-03-28 09:26:43,671 WARNING pdfminer.pdfpage CropBox missing from /Page, defaulting to MediaBox
2026-03-28 09:26:43,695 WARNING pdfminer.pdfpage CropBox missing from /Page, defaulting to MediaBox
2026-03-28 09:26:43,714 WARNING pdfminer.pdfpage CropBox missing from /Page, defaulting to MediaBox
2026-03-28 09:26:43,732 WARNING pdfminer.pdfpage CropBox missing from /Page, defaulting to MediaBox
2026-03-28 09:26:43,753 WARNING pdfminer.pdfpage CropBox missing from /Page, defaulting to MediaBox
2026-03-28 09:26:43,774 WARNING pdfminer.pdfpage CropBox missing from /Page, defaulting to MediaBox
2026-03-28 09:26:43,794 WARNING pdfminer.pdfpage CropBox missing from /Page, defaulting to MediaBox
2026-03-28 09:26:43,809 WARNING pdfminer.pdfpage CropBox missing from /Page, defaulting to MediaBox
2026-03-28 09:26:43,828 WARNING pdfminer.pdfpage CropBox missing from /Page, defaulting to MediaBox
2026-03-28 09:26:43,847 WARNING pdfminer.pdfpage CropBox missing from /Page, defaulting to MediaBox
2026-03-28 09:26:43,868 WARNING pdfminer.pdfpage CropBox missing from /Page, defaulting to MediaBox
2026-03-28 09:26:43,889 WARNING pdfminer.pdfpage CropBox missing from /Page, defaulting to MediaBox
2026-03-28 09:26:43,913 WARNING pdfminer.pdfpage CropBox missing from /Page, defaulting to MediaBox
2026-03-28 09:26:43,931 WARNING pdfminer.pdfpage CropBox missing from /Page, defaulting to MediaBox
2026-03-28 09:26:43,943 INFO root SUCCESS 22-859 [17/43] → data\22-859\json\20230905_amicus_Jed_Shugerman_23f9aa.json
2026-03-28 09:26:45,735 WARNING pdfminer.pdfpage CropBox missing from /Page, defaulting to MediaBox
2026-03-28 09:26:45,756 WARNING pdfminer.pdfpage CropBox missing from /Page, defaulting to MediaBox
2026-03-28 09:26:45,771 WARNING pdfminer.pdfpage CropBox missing from /Page, defaulting to MediaBox
2026-03-28 09:26:45,796 WARNING pdfminer.pdfpage CropBox missing from /Page, defaulting to MediaBox
2026-03-28 09:26:45,822 WARNING pdfminer.pdfpage CropBox missing from /Page, defaulting to MediaBox
2026-03-28 09:26:45,832 WARNING pdfminer.pdfpage CropBox missing from /Page, defaulting to MediaBox
2026-03-28 09:26:45,851 WARNING pdfminer.pdfpage CropBox missing from /Page, defaulting to MediaBox
2026-03-28 09:26:45,874 WARNING pdfminer.pdfpage CropBox missing from /Page, defaulting to MediaBox
2026-03-28 09:26:45,897 WARNING pdfminer.pdfpage CropBox missing from /Page, defaulting to MediaBox
2026-03-28 09:26:45,920 WARNING pdfminer.pdfpage CropBox missing from /Page, defaulting to MediaBox
2026-03-28 09:26:45,945 WARNING pdfminer.pdfpage CropBox missing from /Page, defaulting to MediaBox
2026-03-28 09:26:45,967 WARNING pdfminer.pdfpage CropBox missing from /Page, defaulting to MediaBox
2026-03-28 09:26:45,993 WARNING pdfminer.pdfpage CropBox missing from /Page, defaulting to MediaBox
2026-03-28 09:26:46,022 WARNING pdfminer.pdfpage CropBox missing from /Page, defaulting to MediaBox
2026-03-28 09:26:46,041 WARNING pdfminer.pdfpage CropBox missing from /Page, defaulting to MediaBox
2026-03-28 09:26:46,067 WARNING pdfminer.pdfpage CropBox missing from /Page, defaulting to MediaBox
2026-03-28 09:26:46,090 WARNING pdfminer.pdfpage CropBox missing from /Page, defaulting to MediaBox
2026-03-28 09:26:46,113 WARNING pdfminer.pdfpage CropBox missing from /Page, defaulting to MediaBox
2026-03-28 09:26:46,137 WARNING pdfminer.pdfpage CropBox missing from /Page, defaulting to MediaBox
2026-03-28 09:26:46,164 WARNING pdfminer.pdfpage CropBox missing from /Page, defaulting to MediaBox
2026-03-28 09:26:46,189 WARNING pdfminer.pdfpage CropBox missing from /Page, defaulting to MediaBox
2026-03-28 09:26:46,213 WARNING pdfminer.pdfpage CropBox missing from /Page, defaulting to MediaBox
2026-03-28 09:26:46,236 WARNING pdfminer.pdfpage CropBox missing from /Page, defaulting to MediaBox
2026-03-28 09:26:46,259 WARNING pdfminer.pdfpage CropBox missing from /Page, defaulting to MediaBox
2026-03-28 09:26:46,283 WARNING pdfminer.pdfpage CropBox missing from /Page, defaulting to MediaBox
2026-03-28 09:26:46,309 WARNING pdfminer.pdfpage CropBox missing from /Page, defaulting to MediaBox
2026-03-28 09:26:46,329 WARNING pdfminer.pdfpage CropBox missing from /Page, defaulting to MediaBox
2026-03-28 09:26:46,349 WARNING pdfminer.pdfpage CropBox missing from /Page, defaulting to MediaBox
2026-03-28 09:26:46,362 INFO root SUCCESS 22-859 [18/43] → data\22-859\json\20230905_amicus_Public_Citizen_a6773b.json
2026-03-28 09:26:48,796 INFO root SUCCESS 22-859 [19/43] → data\22-859\json\20231004_amicus_Morris_Dickson_(Oct_2023)_62070b.json
2026-03-28 09:26:52,492 INFO root SUCCESS 22-859 [20/43] → data\22-859\json\20231011_respondent_George_R._Jarkesy_e5d9ca.json
2026-03-28 09:26:54,967 INFO root SUCCESS 22-859 [21/43] → data\22-859\json\20231016_amicus_Americans_Prosperity_Foundation_47bdc7.json
2026-03-28 09:26:57,257 INFO root SUCCESS 22-859 [22/43] → data\22-859\json\20231017_amicus_Competitive_Enterprise_Institute_fd4ce7.json
2026-03-28 09:26:59,883 INFO root SUCCESS 22-859 [23/43] → data\22-859\json\20231017_amicus_Washington_Legal_Foundation_53138e.json
2026-03-28 09:27:02,556 INFO root SUCCESS 22-859 [24/43] → data\22-859\json\20231018_amici_American_Bankers_Association_American_Association_efb973.json
2026-03-28 09:27:04,378 WARNING pdfminer.pdfpage CropBox missing from /Page, defaulting to MediaBox
2026-03-28 09:27:04,401 WARNING pdfminer.pdfpage CropBox missing from /Page, defaulting to MediaBox
2026-03-28 09:27:04,415 WARNING pdfminer.pdfpage CropBox missing from /Page, defaulting to MediaBox
2026-03-28 09:27:04,435 WARNING pdfminer.pdfpage CropBox missing from /Page, defaulting to MediaBox
2026-03-28 09:27:04,456 WARNING pdfminer.pdfpage CropBox missing from /Page, defaulting to MediaBox
2026-03-28 09:27:04,476 WARNING pdfminer.pdfpage CropBox missing from /Page, defaulting to MediaBox
2026-03-28 09:27:04,485 WARNING pdfminer.pdfpage CropBox missing from /Page, defaulting to MediaBox
2026-03-28 09:27:04,502 WARNING pdfminer.pdfpage CropBox missing from /Page, defaulting to MediaBox
2026-03-28 09:27:04,519 WARNING pdfminer.pdfpage CropBox missing from /Page, defaulting to MediaBox
2026-03-28 09:27:04,534 WARNING pdfminer.pdfpage CropBox missing from /Page, defaulting to MediaBox
2026-03-28 09:27:04,553 WARNING pdfminer.pdfpage CropBox missing from /Page, defaulting to MediaBox
2026-03-28 09:27:04,573 WARNING pdfminer.pdfpage CropBox missing from /Page, defaulting to MediaBox
2026-03-28 09:27:04,590 WARNING pdfminer.pdfpage CropBox missing from /Page, defaulting to MediaBox
2026-03-28 09:27:04,611 WARNING pdfminer.pdfpage CropBox missing from /Page, defaulting to MediaBox
2026-03-28 09:27:04,627 WARNING pdfminer.pdfpage CropBox missing from /Page, defaulting to MediaBox
2026-03-28 09:27:04,647 WARNING pdfminer.pdfpage CropBox missing from /Page, defaulting to MediaBox
2026-03-28 09:27:04,665 WARNING pdfminer.pdfpage CropBox missing from /Page, defaulting to MediaBox
2026-03-28 09:27:04,682 WARNING pdfminer.pdfpage CropBox missing from /Page, defaulting to MediaBox
2026-03-28 09:27:04,701 WARNING pdfminer.pdfpage CropBox missing from /Page, defaulting to MediaBox
2026-03-28 09:27:04,713 WARNING pdfminer.pdfpage CropBox missing from /Page, defaulting to MediaBox
2026-03-28 09:27:04,724 INFO root SUCCESS 22-859 [25/43] → data\22-859\json\20231018_amicus_Claremont_Institute's_Center_Constitutional_Jurisprudence_c0384b.json
2026-03-28 09:27:07,127 INFO root SUCCESS 22-859 [26/43] → data\22-859\json\20231018_amicus_Independent_Women's_Law_Center_(Distributed)_b321b7.json
2026-03-28 09:27:09,941 INFO root SUCCESS 22-859 [27/43] → data\22-859\json\20231018_amicus_TotalEnergies_Gas_Power_North_America_ffb47b.json
2026-03-28 09:27:12,627 INFO root SUCCESS 22-859 [28/43] → data\22-859\json\20231018_amici_Institute_Justice_Sun_Valley_Orchards_733d88.json
2026-03-28 09:27:15,434 INFO root SUCCESS 22-859 [29/43] → data\22-859\json\20231018_amicus_Atlantic_Legal_Foundation_(Distributed)_9d2e8c.json
2026-03-28 09:27:17,880 INFO root SUCCESS 22-859 [30/43] → data\22-859\json\20231018_amicus_Pioneer_Public_Interest_Law_Center_7f8f49.json
2026-03-28 09:27:20,453 INFO root SUCCESS 22-859 [31/43] → data\22-859\json\20231018_amicus_Energy_Transfer_LP_(Distributed)_e03fde.json
2026-03-28 09:27:22,734 INFO root SUCCESS 22-859 [32/43] → data\22-859\json\20231018_amicus_New_Civil_Liberties_Alliance_(Distributed)_583524.json
2026-03-28 09:27:24,800 WARNING pdfminer.pdfpage CropBox missing from /Page, defaulting to MediaBox
2026-03-28 09:27:24,810 WARNING pdfminer.pdfpage CropBox missing from /Page, defaulting to MediaBox
2026-03-28 09:27:24,815 WARNING pdfminer.pdfpage CropBox missing from /Page, defaulting to MediaBox
2026-03-28 09:27:24,825 WARNING pdfminer.pdfpage CropBox missing from /Page, defaulting to MediaBox
2026-03-28 09:27:24,837 WARNING pdfminer.pdfpage CropBox missing from /Page, defaulting to MediaBox
2026-03-28 09:27:24,849 WARNING pdfminer.pdfpage CropBox missing from /Page, defaulting to MediaBox
2026-03-28 09:27:24,860 WARNING pdfminer.pdfpage CropBox missing from /Page, defaulting to MediaBox
2026-03-28 09:27:24,872 WARNING pdfminer.pdfpage CropBox missing from /Page, defaulting to MediaBox
2026-03-28 09:27:24,884 WARNING pdfminer.pdfpage CropBox missing from /Page, defaulting to MediaBox
2026-03-28 09:27:24,895 WARNING pdfminer.pdfpage CropBox missing from /Page, defaulting to MediaBox
2026-03-28 09:27:24,905 WARNING pdfminer.pdfpage CropBox missing from /Page, defaulting to MediaBox
2026-03-28 09:27:24,916 WARNING pdfminer.pdfpage CropBox missing from /Page, defaulting to MediaBox
2026-03-28 09:27:24,926 WARNING pdfminer.pdfpage CropBox missing from /Page, defaulting to MediaBox
2026-03-28 09:27:24,937 WARNING pdfminer.pdfpage CropBox missing from /Page, defaulting to MediaBox
2026-03-28 09:27:24,946 WARNING pdfminer.pdfpage CropBox missing from /Page, defaulting to MediaBox
2026-03-28 09:27:24,957 WARNING pdfminer.pdfpage CropBox missing from /Page, defaulting to MediaBox
2026-03-28 09:27:24,964 WARNING pdfminer.pdfpage CropBox missing from /Page, defaulting to MediaBox
2026-03-28 09:27:24,978 WARNING pdfminer.pdfpage CropBox missing from /Page, defaulting to MediaBox
2026-03-28 09:27:24,993 WARNING pdfminer.pdfpage CropBox missing from /Page, defaulting to MediaBox
2026-03-28 09:27:25,007 WARNING pdfminer.pdfpage CropBox missing from /Page, defaulting to MediaBox
2026-03-28 09:27:25,018 WARNING pdfminer.pdfpage CropBox missing from /Page, defaulting to MediaBox
2026-03-28 09:27:25,030 WARNING pdfminer.pdfpage CropBox missing from /Page, defaulting to MediaBox
2026-03-28 09:27:25,042 WARNING pdfminer.pdfpage CropBox missing from /Page, defaulting to MediaBox
2026-03-28 09:27:25,057 WARNING pdfminer.pdfpage CropBox missing from /Page, defaulting to MediaBox
2026-03-28 09:27:25,070 WARNING pdfminer.pdfpage CropBox missing from /Page, defaulting to MediaBox
2026-03-28 09:27:25,084 WARNING pdfminer.pdfpage CropBox missing from /Page, defaulting to MediaBox
2026-03-28 09:27:25,098 WARNING pdfminer.pdfpage CropBox missing from /Page, defaulting to MediaBox
2026-03-28 09:27:25,113 WARNING pdfminer.pdfpage CropBox missing from /Page, defaulting to MediaBox
2026-03-28 09:27:25,126 WARNING pdfminer.pdfpage CropBox missing from /Page, defaulting to MediaBox
2026-03-28 09:27:25,140 WARNING pdfminer.pdfpage CropBox missing from /Page, defaulting to MediaBox
2026-03-28 09:27:25,155 WARNING pdfminer.pdfpage CropBox missing from /Page, defaulting to MediaBox
2026-03-28 09:27:25,166 WARNING pdfminer.pdfpage CropBox missing from /Page, defaulting to MediaBox
2026-03-28 09:27:25,180 WARNING pdfminer.pdfpage CropBox missing from /Page, defaulting to MediaBox
2026-03-28 09:27:25,193 WARNING pdfminer.pdfpage CropBox missing from /Page, defaulting to MediaBox
2026-03-28 09:27:25,206 WARNING pdfminer.pdfpage CropBox missing from /Page, defaulting to MediaBox
2026-03-28 09:27:25,220 WARNING pdfminer.pdfpage CropBox missing from /Page, defaulting to MediaBox
2026-03-28 09:27:25,234 WARNING pdfminer.pdfpage CropBox missing from /Page, defaulting to MediaBox
2026-03-28 09:27:25,249 WARNING pdfminer.pdfpage CropBox missing from /Page, defaulting to MediaBox
2026-03-28 09:27:25,261 WARNING pdfminer.pdfpage CropBox missing from /Page, defaulting to MediaBox
2026-03-28 09:27:25,274 WARNING pdfminer.pdfpage CropBox missing from /Page, defaulting to MediaBox
2026-03-28 09:27:25,288 WARNING pdfminer.pdfpage CropBox missing from /Page, defaulting to MediaBox
2026-03-28 09:27:25,302 WARNING pdfminer.pdfpage CropBox missing from /Page, defaulting to MediaBox
2026-03-28 09:27:25,316 WARNING pdfminer.pdfpage CropBox missing from /Page, defaulting to MediaBox
2026-03-28 09:27:25,330 WARNING pdfminer.pdfpage CropBox missing from /Page, defaulting to MediaBox
2026-03-28 09:27:25,344 WARNING pdfminer.pdfpage CropBox missing from /Page, defaulting to MediaBox
2026-03-28 09:27:25,357 WARNING pdfminer.pdfpage CropBox missing from /Page, defaulting to MediaBox
2026-03-28 09:27:25,372 WARNING pdfminer.pdfpage CropBox missing from /Page, defaulting to MediaBox
2026-03-28 09:27:25,384 WARNING pdfminer.pdfpage CropBox missing from /Page, defaulting to MediaBox
2026-03-28 09:27:25,398 WARNING pdfminer.pdfpage CropBox missing from /Page, defaulting to MediaBox
2026-03-28 09:27:25,407 WARNING pdfminer.pdfpage CropBox missing from /Page, defaulting to MediaBox
2026-03-28 09:27:25,418 WARNING pdfminer.pdfpage CropBox missing from /Page, defaulting to MediaBox
2026-03-28 09:27:25,420 INFO root SUCCESS 22-859 [33/43] → data\22-859\json\20231018_amici_State_West_Virginia_Other_f05aff.json
2026-03-28 09:27:27,564 WARNING pdfminer.pdfpage CropBox missing from /Page, defaulting to MediaBox
2026-03-28 09:27:27,589 WARNING pdfminer.pdfpage CropBox missing from /Page, defaulting to MediaBox
2026-03-28 09:27:27,595 WARNING pdfminer.pdfpage CropBox missing from /Page, defaulting to MediaBox
2026-03-28 09:27:27,613 WARNING pdfminer.pdfpage CropBox missing from /Page, defaulting to MediaBox
2026-03-28 09:27:27,635 WARNING pdfminer.pdfpage CropBox missing from /Page, defaulting to MediaBox
2026-03-28 09:27:27,657 WARNING pdfminer.pdfpage CropBox missing from /Page, defaulting to MediaBox
2026-03-28 09:27:27,677 WARNING pdfminer.pdfpage CropBox missing from /Page, defaulting to MediaBox
2026-03-28 09:27:27,697 WARNING pdfminer.pdfpage CropBox missing from /Page, defaulting to MediaBox
2026-03-28 09:27:27,713 WARNING pdfminer.pdfpage CropBox missing from /Page, defaulting to MediaBox
2026-03-28 09:27:27,732 WARNING pdfminer.pdfpage CropBox missing from /Page, defaulting to MediaBox
2026-03-28 09:27:27,749 WARNING pdfminer.pdfpage CropBox missing from /Page, defaulting to MediaBox
2026-03-28 09:27:27,759 WARNING pdfminer.pdfpage CropBox missing from /Page, defaulting to MediaBox
2026-03-28 09:27:27,778 WARNING pdfminer.pdfpage CropBox missing from /Page, defaulting to MediaBox
2026-03-28 09:27:27,795 WARNING pdfminer.pdfpage CropBox missing from /Page, defaulting to MediaBox
2026-03-28 09:27:27,816 WARNING pdfminer.pdfpage CropBox missing from /Page, defaulting to MediaBox
2026-03-28 09:27:27,838 WARNING pdfminer.pdfpage CropBox missing from /Page, defaulting to MediaBox
2026-03-28 09:27:27,863 WARNING pdfminer.pdfpage CropBox missing from /Page, defaulting to MediaBox
2026-03-28 09:27:27,885 WARNING pdfminer.pdfpage CropBox missing from /Page, defaulting to MediaBox
2026-03-28 09:27:27,908 WARNING pdfminer.pdfpage CropBox missing from /Page, defaulting to MediaBox
2026-03-28 09:27:27,930 WARNING pdfminer.pdfpage CropBox missing from /Page, defaulting to MediaBox
2026-03-28 09:27:27,949 WARNING pdfminer.pdfpage CropBox missing from /Page, defaulting to MediaBox
2026-03-28 09:27:27,971 WARNING pdfminer.pdfpage CropBox missing from /Page, defaulting to MediaBox
2026-03-28 09:27:27,991 WARNING pdfminer.pdfpage CropBox missing from /Page, defaulting to MediaBox
2026-03-28 09:27:28,014 WARNING pdfminer.pdfpage CropBox missing from /Page, defaulting to MediaBox
2026-03-28 09:27:28,033 WARNING pdfminer.pdfpage CropBox missing from /Page, defaulting to MediaBox
2026-03-28 09:27:28,050 WARNING pdfminer.pdfpage CropBox missing from /Page, defaulting to MediaBox
2026-03-28 09:27:28,072 WARNING pdfminer.pdfpage CropBox missing from /Page, defaulting to MediaBox
2026-03-28 09:27:28,091 WARNING pdfminer.pdfpage CropBox missing from /Page, defaulting to MediaBox
2026-03-28 09:27:28,110 WARNING pdfminer.pdfpage CropBox missing from /Page, defaulting to MediaBox
2026-03-28 09:27:28,128 WARNING pdfminer.pdfpage CropBox missing from /Page, defaulting to MediaBox
2026-03-28 09:27:28,145 WARNING pdfminer.pdfpage CropBox missing from /Page, defaulting to MediaBox
2026-03-28 09:27:28,164 WARNING pdfminer.pdfpage CropBox missing from /Page, defaulting to MediaBox
2026-03-28 09:27:28,188 WARNING pdfminer.pdfpage CropBox missing from /Page, defaulting to MediaBox
2026-03-28 09:27:28,214 WARNING pdfminer.pdfpage CropBox missing from /Page, defaulting to MediaBox
2026-03-28 09:27:28,234 WARNING pdfminer.pdfpage CropBox missing from /Page, defaulting to MediaBox
2026-03-28 09:27:28,254 INFO root SUCCESS 22-859 [34/43] → data\22-859\json\20231018_amicus_Cato_Institute_(Distributed)_fc7ed2.json
2026-03-28 09:27:30,453 WARNING pdfminer.cmapdb Ignoring (part of) ToUnicode map because the PDF data does not conform to the format. This could result in (cid) values in the output. The start and end byte have different lengths.
2026-03-28 09:27:30,453 WARNING pdfminer.cmapdb Ignoring (part of) ToUnicode map because the PDF data does not conform to the format. This could result in (cid) values in the output. The start and end byte have different lengths.
2026-03-28 09:27:30,465 WARNING pdfminer.cmapdb Ignoring (part of) ToUnicode map because the PDF data does not conform to the format. This could result in (cid) values in the output. The start and end byte have different lengths.
2026-03-28 09:27:30,547 WARNING pdfminer.cmapdb Ignoring (part of) ToUnicode map because the PDF data does not conform to the format. This could result in (cid) values in the output. The start and end byte have different lengths.
2026-03-28 09:27:30,754 INFO root SUCCESS 22-859 [35/43] → data\22-859\json\20231018_amici_Phillip_Goldstein_Nelson_Obus_Mark_e312c9.json
2026-03-28 09:27:32,969 INFO root SUCCESS 22-859 [36/43] → data\22-859\json\20231018_amicus_America_First_Policy_Institute_(Distributed)_39c57b.json
2026-03-28 09:27:34,822 WARNING pdfminer.pdfpage CropBox missing from /Page, defaulting to MediaBox
2026-03-28 09:27:34,835 WARNING pdfminer.pdfpage CropBox missing from /Page, defaulting to MediaBox
2026-03-28 09:27:34,841 WARNING pdfminer.pdfpage CropBox missing from /Page, defaulting to MediaBox
2026-03-28 09:27:34,847 WARNING pdfminer.pdfpage CropBox missing from /Page, defaulting to MediaBox
2026-03-28 09:27:34,858 WARNING pdfminer.pdfpage CropBox missing from /Page, defaulting to MediaBox
2026-03-28 09:27:34,869 WARNING pdfminer.pdfpage CropBox missing from /Page, defaulting to MediaBox
2026-03-28 09:27:34,874 WARNING pdfminer.pdfpage CropBox missing from /Page, defaulting to MediaBox
2026-03-28 09:27:34,885 WARNING pdfminer.pdfpage CropBox missing from /Page, defaulting to MediaBox
2026-03-28 09:27:34,896 WARNING pdfminer.pdfpage CropBox missing from /Page, defaulting to MediaBox
2026-03-28 09:27:34,907 WARNING pdfminer.pdfpage CropBox missing from /Page, defaulting to MediaBox
2026-03-28 09:27:34,920 WARNING pdfminer.pdfpage CropBox missing from /Page, defaulting to MediaBox
2026-03-28 09:27:34,936 WARNING pdfminer.pdfpage CropBox missing from /Page, defaulting to MediaBox
2026-03-28 09:27:34,948 WARNING pdfminer.pdfpage CropBox missing from /Page, defaulting to MediaBox
2026-03-28 09:27:34,968 WARNING pdfminer.pdfpage CropBox missing from /Page, defaulting to MediaBox
2026-03-28 09:27:34,985 WARNING pdfminer.pdfpage CropBox missing from /Page, defaulting to MediaBox
2026-03-28 09:27:34,997 WARNING pdfminer.pdfpage CropBox missing from /Page, defaulting to MediaBox
2026-03-28 09:27:35,008 WARNING pdfminer.pdfpage CropBox missing from /Page, defaulting to MediaBox
2026-03-28 09:27:35,013 INFO root SUCCESS 22-859 [37/43] → data\22-859\json\20231018_amicus_Liberty_Justice_Center_(Distributed)_96c12c.json
2026-03-28 09:27:37,436 INFO root SUCCESS 22-859 [38/43] → data\22-859\json\20231018_amicus_David_Julian_(Distributed)_c541ba.json
2026-03-28 09:27:39,318 WARNING pdfminer.pdfpage CropBox missing from /Page, defaulting to MediaBox
2026-03-28 09:27:39,340 WARNING pdfminer.pdfpage CropBox missing from /Page, defaulting to MediaBox
2026-03-28 09:27:39,358 WARNING pdfminer.pdfpage CropBox missing from /Page, defaulting to MediaBox
2026-03-28 09:27:39,372 WARNING pdfminer.pdfpage CropBox missing from /Page, defaulting to MediaBox
2026-03-28 09:27:39,389 WARNING pdfminer.pdfpage CropBox missing from /Page, defaulting to MediaBox
2026-03-28 09:27:39,404 WARNING pdfminer.pdfpage CropBox missing from /Page, defaulting to MediaBox
2026-03-28 09:27:39,424 WARNING pdfminer.pdfpage CropBox missing from /Page, defaulting to MediaBox
2026-03-28 09:27:39,438 WARNING pdfminer.pdfpage CropBox missing from /Page, defaulting to MediaBox
2026-03-28 09:27:39,455 WARNING pdfminer.pdfpage CropBox missing from /Page, defaulting to MediaBox
2026-03-28 09:27:39,468 WARNING pdfminer.pdfpage CropBox missing from /Page, defaulting to MediaBox
2026-03-28 09:27:39,481 WARNING pdfminer.pdfpage CropBox missing from /Page, defaulting to MediaBox
2026-03-28 09:27:39,493 WARNING pdfminer.pdfpage CropBox missing from /Page, defaulting to MediaBox
2026-03-28 09:27:39,508 WARNING pdfminer.pdfpage CropBox missing from /Page, defaulting to MediaBox
2026-03-28 09:27:39,526 WARNING pdfminer.pdfpage CropBox missing from /Page, defaulting to MediaBox
2026-03-28 09:27:39,544 WARNING pdfminer.pdfpage CropBox missing from /Page, defaulting to MediaBox
2026-03-28 09:27:39,561 WARNING pdfminer.pdfpage CropBox missing from /Page, defaulting to MediaBox
2026-03-28 09:27:39,577 WARNING pdfminer.pdfpage CropBox missing from /Page, defaulting to MediaBox
2026-03-28 09:27:39,597 WARNING pdfminer.pdfpage CropBox missing from /Page, defaulting to MediaBox
2026-03-28 09:27:39,616 WARNING pdfminer.pdfpage CropBox missing from /Page, defaulting to MediaBox
2026-03-28 09:27:39,632 WARNING pdfminer.pdfpage CropBox missing from /Page, defaulting to MediaBox
2026-03-28 09:27:39,648 WARNING pdfminer.pdfpage CropBox missing from /Page, defaulting to MediaBox
2026-03-28 09:27:39,667 WARNING pdfminer.pdfpage CropBox missing from /Page, defaulting to MediaBox
2026-03-28 09:27:39,688 WARNING pdfminer.pdfpage CropBox missing from /Page, defaulting to MediaBox
2026-03-28 09:27:39,711 WARNING pdfminer.pdfpage CropBox missing from /Page, defaulting to MediaBox
2026-03-28 09:27:39,731 WARNING pdfminer.pdfpage CropBox missing from /Page, defaulting to MediaBox
2026-03-28 09:27:39,751 WARNING pdfminer.pdfpage CropBox missing from /Page, defaulting to MediaBox
2026-03-28 09:27:39,770 WARNING pdfminer.pdfpage CropBox missing from /Page, defaulting to MediaBox
2026-03-28 09:27:39,788 WARNING pdfminer.pdfpage CropBox missing from /Page, defaulting to MediaBox
2026-03-28 09:27:39,808 WARNING pdfminer.pdfpage CropBox missing from /Page, defaulting to MediaBox
2026-03-28 09:27:39,827 WARNING pdfminer.pdfpage CropBox missing from /Page, defaulting to MediaBox
2026-03-28 09:27:39,846 WARNING pdfminer.pdfpage CropBox missing from /Page, defaulting to MediaBox
2026-03-28 09:27:39,865 WARNING pdfminer.pdfpage CropBox missing from /Page, defaulting to MediaBox
2026-03-28 09:27:39,883 WARNING pdfminer.pdfpage CropBox missing from /Page, defaulting to MediaBox
2026-03-28 09:27:39,901 WARNING pdfminer.pdfpage CropBox missing from /Page, defaulting to MediaBox
2026-03-28 09:27:39,918 WARNING pdfminer.pdfpage CropBox missing from /Page, defaulting to MediaBox
2026-03-28 09:27:39,935 WARNING pdfminer.pdfpage CropBox missing from /Page, defaulting to MediaBox
2026-03-28 09:27:39,953 WARNING pdfminer.pdfpage CropBox missing from /Page, defaulting to MediaBox
2026-03-28 09:27:39,975 WARNING pdfminer.pdfpage CropBox missing from /Page, defaulting to MediaBox
2026-03-28 09:27:39,990 WARNING pdfminer.pdfpage CropBox missing from /Page, defaulting to MediaBox
2026-03-28 09:27:40,008 WARNING pdfminer.pdfpage CropBox missing from /Page, defaulting to MediaBox
2026-03-28 09:27:40,027 INFO root SUCCESS 22-859 [39/43] → data\22-859\json\20231018_amici_CTIA-The_Wireless_Association_USTelecom-The_Broadband_278a34.json
2026-03-28 09:27:42,418 INFO root SUCCESS 22-859 [40/43] → data\22-859\json\20231018_amici_Constitutional_Originalists_Edwin_Meese_III_819206.json
2026-03-28 09:27:45,051 INFO root SUCCESS 22-859 [41/43] → data\22-859\json\20231018_amici_Chamber_Commerce_US_National_410047.json
2026-03-28 09:27:47,595 INFO root SUCCESS 22-859 [42/43] → data\22-859\json\20231018_amici_Advancing_American_Freedom_587d4f.json
2026-03-28 09:27:50,469 INFO root SUCCESS 22-859 [43/43] → data\22-859\json\20231113_reply_Securites_and_Exchange_Commission_1a2ac1.json
2026-03-28 09:27:50,921 INFO root Processing Main Document: "Main Document"
2026-03-28 09:27:50,921 INFO root Skipping non-brief document: "Apr 10 2023 Motion to extend the time to file a response from April 20, 2023 to "
2026-03-28 09:27:50,921 INFO root Processing Main Document: "Main Document"
2026-03-28 09:27:50,921 INFO root Filename: "20230420_amicus_California_Governor_Gavin_Newsom"
2026-03-28 09:27:50,921 INFO root Processing Main Document: "Main Document"
2026-03-28 09:27:50,922 INFO root Filename: "20230420_amicus_Texas_Advocacy_Project"
2026-03-28 09:27:50,922 INFO root Processing Main Document: "Main Document"
2026-03-28 09:27:50,922 INFO root Filename: "20230420_amici_Gun_Violence_Domestic_Violence_Prevention"
2026-03-28 09:27:50,922 INFO root Processing Main Document: "Main Document"
2026-03-28 09:27:50,922 INFO root Filename: "20230420_amicus_New_York_County_Lawyers_Association"
2026-03-28 09:27:50,922 INFO root Processing Main Document: "Main Document"
2026-03-28 09:27:50,922 INFO root Filename: "20230420_amici_Illinois"
2026-03-28 09:27:50,923 INFO root Processing Main Document: "Main Document"
2026-03-28 09:27:50,923 INFO root Filename: "20230420_amici_Joshua_Horwitz"
2026-03-28 09:27:50,923 INFO root Processing Main Document: "Main Document"
2026-03-28 09:27:50,923 INFO root Filename: "20230420_amici_Tarrant_County_Criminal_District_Attorney"
2026-03-28 09:27:50,923 INFO root Processing Main Document: "Main Document"
2026-03-28 09:27:50,923 INFO root Skipping non-brief document: "May 15 2023 Motion to extend the time to file a response from May 23, 2023 to Ju"
2026-03-28 09:27:50,923 INFO root Processing Main Document: "Main Document"
2026-03-28 09:27:50,923 INFO root Skipping non-brief document: "May 16 2023 Response to motion to extend the time to file a response filed. Main"
2026-03-28 09:27:50,924 INFO root Processing Main Document: "Main Document"
2026-03-28 09:27:50,924 INFO root Filename: "20230530_respondent_Zackey_Rahimi_opposition"
2026-03-28 09:27:50,924 INFO root Processing Main Document: "Main Document"
2026-03-28 09:27:50,924 INFO root Skipping non-brief document: "May 30 2023 Motion for leave to proceed in forma pauperis (Docketed June 5, 2023"
2026-03-28 09:27:50,924 INFO root Processing Main Document: "Main Document"
2026-03-28 09:27:50,924 INFO root Skipping non-brief document: "Jun 01 2023 Waiver of the 14-day waiting period for the distribution of the peti"
2026-03-28 09:27:50,924 INFO root Processing Main Document: "Main Document"
2026-03-28 09:27:50,924 INFO root Filename: "20230606_reply_US"
2026-03-28 09:27:50,924 INFO root Processing Main Document: "Main Document"
2026-03-28 09:27:50,924 INFO root Skipping non-brief document: "Aug 04 2023 Motion for an extension of time filed. Main Document"
2026-03-28 09:27:50,925 INFO root Processing Main Document: "Main Document"
2026-03-28 09:27:50,925 INFO root Filename: "20230814_petitioner_US"
2026-03-28 09:27:50,925 INFO root Processing Main Document: "Main Document"
2026-03-28 09:27:50,925 INFO root Skipping non-brief document: "Aug 14 2023 Joint appendix filed. Main Document Proof of Service"
2026-03-28 09:27:50,925 INFO root Processing Main Document: "Main Document"
2026-03-28 09:27:50,925 INFO root Filename: "20230817_amicus_Patrick_Charles_support_neither"
2026-03-28 09:27:50,925 INFO root Processing Main Document: "Main Document"
2026-03-28 09:27:50,925 INFO root Filename: "20230818_amicus_97Percent"
2026-03-28 09:27:50,925 INFO root Processing Main Document: "Main Document"
2026-03-28 09:27:50,926 INFO root Filename: "20230818_amicus_California_Legislative_Women's_Caucus"
2026-03-28 09:27:50,926 INFO root Processing Main Document: "Main Document"
2026-03-28 09:27:50,926 INFO root Filename: "20230821_amici_City_New_York"
2026-03-28 09:27:50,926 INFO root Processing Main Document: "Main Document"
2026-03-28 09:27:50,926 INFO root Filename: "20230821_amici_National_Indigenous_Women's_Resource_Center"
2026-03-28 09:27:50,926 INFO root Processing Main Document: "Main Document"
2026-03-28 09:27:50,926 INFO root Filename: "20230821_amici_Second_Amendment_Law_Scholars"
2026-03-28 09:27:50,926 INFO root Processing Main Document: "Main Document"
2026-03-28 09:27:50,927 INFO root Filename: "20230821_amici_Educators_Practitioners"
2026-03-28 09:27:50,927 INFO root Processing Main Document: "Main Document"
2026-03-28 09:27:50,927 INFO root Filename: "20230821_amici_Tarrant_County_Criminal_District_Attorney"
2026-03-28 09:27:50,927 INFO root Processing Main Document: "Main Document"
2026-03-28 09:27:50,927 INFO root Filename: "20230821_amicus_New_York_County_Lawyers_Association"
2026-03-28 09:27:50,927 INFO root Processing Main Document: "Main Document"
2026-03-28 09:27:50,928 INFO root Filename: "20230821_amici_Professors_History_Law"
2026-03-28 09:27:50,928 INFO root Processing Main Document: "Main Document"
2026-03-28 09:27:50,928 INFO root Filename: "20230821_amici_Legal_Aid_Chicago"
2026-03-28 09:27:50,928 INFO root Processing Main Document: "Main Document"
2026-03-28 09:27:50,928 INFO root Filename: "20230821_amici_Religious_Leaders_Organizations"
2026-03-28 09:27:50,928 INFO root Processing Main Document: "Main Document"
2026-03-28 09:27:50,929 INFO root Filename: "20230821_amici_DC_Coalition_Against_Domestic_Violence"
2026-03-28 09:27:50,929 INFO root Processing Main Document: "Main Document"
2026-03-28 09:27:50,929 INFO root Filename: "20230821_amici_Illinois"
2026-03-28 09:27:50,929 INFO root Processing Main Document: "Main Document"
2026-03-28 09:27:50,929 INFO root Filename: "20230821_amici_National_League_Cities"
2026-03-28 09:27:50,929 INFO root Processing Main Document: "Main Document"
2026-03-28 09:27:50,929 INFO root Filename: "20230821_amicus_Center_Reproductive_Rights"
2026-03-28 09:27:50,929 INFO root Processing Main Document: "Main Document"
2026-03-28 09:27:50,930 INFO root Filename: "20230821_amici_Senator_Richard_Blumenthal"
2026-03-28 09:27:50,930 INFO root Processing Main Document: "Main Document"
2026-03-28 09:27:50,930 INFO root Filename: "20230821_amici_Senator_Amy_Klobuchar"
2026-03-28 09:27:50,930 INFO root Processing Main Document: "Main Document"
2026-03-28 09:27:50,930 INFO root Filename: "20230821_amici_Gun_Violence_Domestic_Violence_Prevention"
2026-03-28 09:27:50,930 INFO root Processing Main Document: "Main Document"
2026-03-28 09:27:50,930 INFO root Filename: "20230821_amici_Public-Health_Researchers_Lawyers"
2026-03-28 09:27:50,931 INFO root Processing Main Document: "Main Document"
2026-03-28 09:27:50,931 INFO root Filename: "20230821_amicus_ACLU_Foundation"
2026-03-28 09:27:50,931 INFO root Processing Main Document: "Main Document"
2026-03-28 09:27:50,931 INFO root Filename: "20230821_amici_Former_State_Chief_Justices_Chief"
2026-03-28 09:27:50,931 INFO root Processing Main Document: "Main Document"
2026-03-28 09:27:50,931 INFO root Filename: "20230821_amici_Global_Action_Gun_Violence"
2026-03-28 09:27:50,931 INFO root Processing Main Document: "Main Document"
2026-03-28 09:27:50,931 INFO root Filename: "20230821_amicus_Prosecutors_Against_Gun_Violence"
2026-03-28 09:27:50,932 INFO root Processing Main Document: "Main Document"
2026-03-28 09:27:50,932 INFO root Filename: "20230821_amicus_California_Governor_Gavin_Newsom"
2026-03-28 09:27:50,932 INFO root Processing Main Document: "Main Document"
2026-03-28 09:27:50,932 INFO root Filename: "20230821_amicus_March_Our_Lives_Action_Fund"
2026-03-28 09:27:50,932 INFO root Processing Main Document: "Main Document"
2026-03-28 09:27:50,932 INFO root Filename: "20230821_amicus_AEquitas"
2026-03-28 09:27:50,932 INFO root Processing Main Document: "Main Document"
2026-03-28 09:27:50,932 INFO root Filename: "20230821_amicus_Giffords_Law_Center_Prevent"
2026-03-28 09:27:50,933 INFO root Processing Main Document: "Main Document"
2026-03-28 09:27:50,933 INFO root Filename: "20230821_amici_Texas_Advocacy_Project"
2026-03-28 09:27:50,933 INFO root Processing Main Document: "Main Document"
2026-03-28 09:27:50,933 INFO root Filename: "20230821_amicus_Citizens_Crime_Commission_New_York"
2026-03-28 09:27:50,933 INFO root Processing Main Document: "Main Document"
2026-03-28 09:27:50,933 INFO root Filename: "20230821_amicus_US_Conference_Catholic_Bishops"
2026-03-28 09:27:50,933 INFO root Processing Main Document: "Main Document"
2026-03-28 09:27:50,933 INFO root Filename: "20230821_amicus_Professor_Mary_Anne_Franks"
2026-03-28 09:27:50,933 INFO root Processing Main Document: "Main Document"
2026-03-28 09:27:50,933 INFO root Filename: "20230821_amicus_Houston_Area_Womenâs_Center"
2026-03-28 09:27:50,934 INFO root Processing Main Document: "Main Document"
2026-03-28 09:27:50,934 INFO root Filename: "20230821_amicus_Everytown_Gun_Safety"
2026-03-28 09:27:50,934 INFO root Processing Main Document: "Main Document"
2026-03-28 09:27:50,934 INFO root Filename: "20230821_amici_Prosecutor_Law_Enforcement_Associations"
2026-03-28 09:27:50,934 INFO root Processing Main Document: "Main Document"
2026-03-28 09:27:50,934 INFO root Filename: "20230821_amici_American_Medical_Association"
2026-03-28 09:27:50,934 INFO root Processing Main Document: "Main Document"
2026-03-28 09:27:50,934 INFO root Filename: "20230821_amici_Domestic_Violence_Legal_Empowerment_Appeals"
2026-03-28 09:27:50,934 INFO root Processing Main Document: "Main Document"
2026-03-28 09:27:50,935 INFO root Filename: "20230822_amicus_Americans_Against_Gun_Violence"
2026-03-28 09:27:50,935 INFO root Processing Main Document: "Main Document"
2026-03-28 09:27:50,935 INFO root Filename: "20230922_amicus_Center_Prosecutor_Integrity_(Distributed)"
2026-03-28 09:27:50,935 INFO root Processing Main Document: "Main Document"
2026-03-28 09:27:50,935 INFO root Filename: "20230927_respondent_Zackey_Rahimi"
2026-03-28 09:27:50,935 INFO root Processing Main Document: "Main Document"
2026-03-28 09:27:50,935 INFO root Filename: "20231002_amicus_National_Association_Gun_Rights_(Distributed)"
2026-03-28 09:27:50,935 INFO root Processing Main Document: "Main Document"
2026-03-28 09:27:50,935 INFO root Filename: "20231003_amici_Cato_Institute_(Distributed)"
2026-03-28 09:27:50,935 INFO root Processing Main Document: "Main Document"
2026-03-28 09:27:50,936 INFO root Filename: "20231003_amici_Alameda_County_Public_Defenders"
2026-03-28 09:27:50,936 INFO root Processing Main Document: "Main Document"
2026-03-28 09:27:50,936 INFO root Filename: "20231003_amicus_Professor_Nicholas_Johnson_(Distributed)"
2026-03-28 09:27:50,936 INFO root Processing Main Document: "Main Document"
2026-03-28 09:27:50,936 INFO root Filename: "20231003_amici_Phyllis_Schlafly_Eagles_Eagle_Forum"
2026-03-28 09:27:50,936 INFO root Processing Main Document: "Main Document"
2026-03-28 09:27:50,937 INFO root Filename: "20231004_amici_Bronx_Defenders_Union_National_Association"
2026-03-28 09:27:50,937 INFO root Processing Main Document: "Main Document"
2026-03-28 09:27:50,937 INFO root Filename: "20231004_amicus_California_Rifle_Pistol_Association_Inc"
2026-03-28 09:27:50,937 INFO root Processing Main Document: "Main Document"
2026-03-28 09:27:50,938 INFO root Filename: "20231004_amicus_National_Association_Federal_Defenders_(Distributed)"
2026-03-28 09:27:50,938 INFO root Processing Main Document: "Main Document"
2026-03-28 09:27:50,938 INFO root Filename: "20231004_amici_Professors_Second_Amendment_Law"
2026-03-28 09:27:50,938 INFO root Processing Main Document: "Main Document"
2026-03-28 09:27:50,938 INFO root Filename: "20231004_amicus_FPC_Action_Foundation_(Distributed)"
2026-03-28 09:27:50,938 INFO root Processing Main Document: "Main Document"
2026-03-28 09:27:50,938 INFO root Filename: "20231004_amici_Law_Enforcement_Groups_Firearms_Rights"
2026-03-28 09:27:50,938 INFO root Processing Main Document: "Main Document"
2026-03-28 09:27:50,939 INFO root Filename: "20231004_amicus_National_African_American_Gun_Association"
2026-03-28 09:27:50,939 INFO root Processing Main Document: "Main Document"
2026-03-28 09:27:50,939 INFO root Filename: "20231004_amicus_Foundation_Moral_Law_(Distributed)"
2026-03-28 09:27:50,939 INFO root Processing Main Document: "Main Document"
2026-03-28 09:27:50,939 INFO root Filename: "20231004_amicus_Firearms_Policy_Coalition_(Distributed)"
2026-03-28 09:27:50,939 INFO root Processing Main Document: "Main Document"
2026-03-28 09:27:50,939 INFO root Filename: "20231004_amicus_Second_Amendment_Foundation_(Distributed)"
2026-03-28 09:27:50,939 INFO root Processing Main Document: "Main Document"
2026-03-28 09:27:50,940 INFO root Filename: "20231004_amicus_Angus_Kirk_McClellan_PhD_(Distributed)"
2026-03-28 09:27:50,940 INFO root Processing Main Document: "Main Document"
2026-03-28 09:27:50,940 INFO root Filename: "20231004_amicus_Center_Human_Liberty_(Distributed)"
2026-03-28 09:27:50,940 INFO root Processing Main Document: "Main Document"
2026-03-28 09:27:50,940 INFO root Filename: "20231004_amicus_Crime_Prevention_Research_Center_(Distributed)"
2026-03-28 09:27:50,940 INFO root Processing Main Document: "Main Document"
2026-03-28 09:27:50,940 INFO root Filename: "20231004_amicus_National_Rifle_Associationof_America_Inc"
2026-03-28 09:27:50,940 INFO root Processing Main Document: "Main Document"
2026-03-28 09:27:50,940 INFO root Filename: "20231004_amici_William_English_Ph.D_Citizens_Committee"
2026-03-28 09:27:50,940 INFO root Processing Main Document: "Main Document"
2026-03-28 09:27:50,941 INFO root Filename: "20231004_amici_Gun_Owners_America_Inc"
2026-03-28 09:27:50,941 INFO root Processing Main Document: "Main Document"
2026-03-28 09:27:50,941 INFO root Skipping non-brief document: "Oct 06 2023 Proposal to lodge filed. Main Document"
2026-03-28 09:27:50,941 INFO root Processing Main Document: "Main Document"
2026-03-28 09:27:50,941 INFO root Filename: "20231025_reply_US"
2026-03-28 09:27:50,941 INFO root Processing Main Document: "Main Document"
2026-03-28 09:27:50,941 INFO root Skipping non-brief document: "Nov 02 2023 Motion for leave to file amicus brief out of time filed by Professor"
2026-03-28 09:27:50,941 INFO root Processing Main Document: "Main Document"
2026-03-28 09:27:50,941 INFO root Skipping non-brief document: "Jul 23 2024 Judgment Issued. (Rev. 7/25/2024) Main Document"
2026-03-28 09:27:50,941 INFO root Found 72 brief/reply documents for 22-915
2026-03-28 09:27:50,942 INFO root Processing 72 brief/reply documents for case 22-915
2026-03-28 09:27:53,241 INFO root SUCCESS 22-915 [1/72] → data\22-915\json\20230420_amicus_California_Governor_Gavin_Newsom_bfdd55.json
2026-03-28 09:27:55,669 INFO root SUCCESS 22-915 [2/72] → data\22-915\json\20230420_amicus_Texas_Advocacy_Project_a25ed6.json
2026-03-28 09:27:58,043 INFO root SUCCESS 22-915 [3/72] → data\22-915\json\20230420_amici_Gun_Violence_Domestic_Violence_Prevention_027f1d.json
2026-03-28 09:28:00,299 INFO root SUCCESS 22-915 [4/72] → data\22-915\json\20230420_amicus_New_York_County_Lawyers_Association_c5bea3.json
2026-03-28 09:28:28,369 INFO root SUCCESS 22-915 [5/72] → data\22-915\json\20230420_amici_Illinois_9f467f.json
2026-03-28 09:28:30,877 INFO root SUCCESS 22-915 [6/72] → data\22-915\json\20230420_amici_Joshua_Horwitz_6eefbe.json
2026-03-28 09:28:33,019 INFO root SUCCESS 22-915 [7/72] → data\22-915\json\20230420_amici_Tarrant_County_Criminal_District_Attorney_b7867c.json
2026-03-28 09:28:35,550 INFO root SUCCESS 22-915 [8/72] → data\22-915\json\20230530_respondent_Zackey_Rahimi_opposition_335515.json
2026-03-28 09:28:37,920 INFO root SUCCESS 22-915 [9/72] → data\22-915\json\20230606_reply_US_1d828d.json
2026-03-28 09:28:41,271 INFO root SUCCESS 22-915 [10/72] → data\22-915\json\20230814_petitioner_US_62b81b.json
2026-03-28 09:28:43,877 INFO root SUCCESS 22-915 [11/72] → data\22-915\json\20230817_amicus_Patrick_Charles_support_neither_580bff.json
2026-03-28 09:28:46,212 INFO root SUCCESS 22-915 [12/72] → data\22-915\json\20230818_amicus_97Percent_684941.json
2026-03-28 09:28:48,294 INFO root SUCCESS 22-915 [13/72] → data\22-915\json\20230818_amicus_California_Legislative_Women's_Caucus_df3d02.json
2026-03-28 09:28:50,764 INFO root SUCCESS 22-915 [14/72] → data\22-915\json\20230821_amici_City_New_York_a0f9a1.json
2026-03-28 09:28:53,175 INFO root SUCCESS 22-915 [15/72] → data\22-915\json\20230821_amici_National_Indigenous_Women's_Resource_Center_29a480.json
2026-03-28 09:28:55,490 INFO root SUCCESS 22-915 [16/72] → data\22-915\json\20230821_amici_Second_Amendment_Law_Scholars_270421.json
2026-03-28 09:28:57,805 INFO root SUCCESS 22-915 [17/72] → data\22-915\json\20230821_amici_Educators_Practitioners_fd1ad7.json
2026-03-28 09:29:02,280 INFO root SUCCESS 22-915 [18/72] → data\22-915\json\20230821_amici_Tarrant_County_Criminal_District_Attorney_dd0c9d.json
2026-03-28 09:29:04,815 INFO root SUCCESS 22-915 [19/72] → data\22-915\json\20230821_amicus_New_York_County_Lawyers_Association_5ebcdb.json
2026-03-28 09:29:06,968 INFO root SUCCESS 22-915 [20/72] → data\22-915\json\20230821_amici_Professors_History_Law_5e10ea.json
2026-03-28 09:29:09,779 INFO root SUCCESS 22-915 [21/72] → data\22-915\json\20230821_amici_Legal_Aid_Chicago_9b5dae.json
2026-03-28 09:29:12,308 INFO root SUCCESS 22-915 [22/72] → data\22-915\json\20230821_amici_Religious_Leaders_Organizations_e9d811.json
2026-03-28 09:29:14,591 INFO root SUCCESS 22-915 [23/72] → data\22-915\json\20230821_amici_DC_Coalition_Against_Domestic_Violence_05b514.json
2026-03-28 09:29:17,145 INFO root SUCCESS 22-915 [24/72] → data\22-915\json\20230821_amici_Illinois_4f6a9d.json
2026-03-28 09:29:19,203 INFO root SUCCESS 22-915 [25/72] → data\22-915\json\20230821_amici_National_League_Cities_bccc58.json
2026-03-28 09:29:22,413 INFO root SUCCESS 22-915 [26/72] → data\22-915\json\20230821_amicus_Center_Reproductive_Rights_e85649.json
2026-03-28 09:29:24,846 INFO root SUCCESS 22-915 [27/72] → data\22-915\json\20230821_amici_Senator_Richard_Blumenthal_151766.json
2026-03-28 09:29:27,282 INFO root SUCCESS 22-915 [28/72] → data\22-915\json\20230821_amici_Senator_Amy_Klobuchar_b485ae.json
2026-03-28 09:29:29,783 INFO root SUCCESS 22-915 [29/72] → data\22-915\json\20230821_amici_Gun_Violence_Domestic_Violence_Prevention_bed673.json
2026-03-28 09:29:32,234 INFO root SUCCESS 22-915 [30/72] → data\22-915\json\20230821_amici_Public-Health_Researchers_Lawyers_78d9b8.json
2026-03-28 09:29:34,425 INFO root SUCCESS 22-915 [31/72] → data\22-915\json\20230821_amicus_ACLU_Foundation_58bca0.json
2026-03-28 09:29:36,967 INFO root SUCCESS 22-915 [32/72] → data\22-915\json\20230821_amici_Former_State_Chief_Justices_Chief_bd4676.json
2026-03-28 09:29:39,558 INFO root SUCCESS 22-915 [33/72] → data\22-915\json\20230821_amici_Global_Action_Gun_Violence_e20d86.json
2026-03-28 09:29:42,096 INFO root SUCCESS 22-915 [34/72] → data\22-915\json\20230821_amicus_Prosecutors_Against_Gun_Violence_83c1f8.json
2026-03-28 09:29:44,315 INFO root SUCCESS 22-915 [35/72] → data\22-915\json\20230821_amicus_California_Governor_Gavin_Newsom_d871ef.json
2026-03-28 09:29:46,710 INFO root SUCCESS 22-915 [36/72] → data\22-915\json\20230821_amicus_March_Our_Lives_Action_Fund_7e6f71.json
2026-03-28 09:29:48,593 WARNING pdfminer.pdfpage CropBox missing from /Page, defaulting to MediaBox
2026-03-28 09:29:48,606 WARNING pdfminer.pdfpage CropBox missing from /Page, defaulting to MediaBox
2026-03-28 09:29:48,615 WARNING pdfminer.pdfpage CropBox missing from /Page, defaulting to MediaBox
2026-03-28 09:29:48,626 WARNING pdfminer.pdfpage CropBox missing from /Page, defaulting to MediaBox
2026-03-28 09:29:48,636 WARNING pdfminer.pdfpage CropBox missing from /Page, defaulting to MediaBox
2026-03-28 09:29:48,647 WARNING pdfminer.pdfpage CropBox missing from /Page, defaulting to MediaBox
2026-03-28 09:29:48,652 WARNING pdfminer.pdfpage CropBox missing from /Page, defaulting to MediaBox
2026-03-28 09:29:48,667 WARNING pdfminer.pdfpage CropBox missing from /Page, defaulting to MediaBox
2026-03-28 09:29:48,682 WARNING pdfminer.pdfpage CropBox missing from /Page, defaulting to MediaBox
2026-03-28 09:29:48,695 WARNING pdfminer.pdfpage CropBox missing from /Page, defaulting to MediaBox
2026-03-28 09:29:48,711 WARNING pdfminer.pdfpage CropBox missing from /Page, defaulting to MediaBox
2026-03-28 09:29:48,728 WARNING pdfminer.pdfpage CropBox missing from /Page, defaulting to MediaBox
2026-03-28 09:29:48,741 WARNING pdfminer.pdfpage CropBox missing from /Page, defaulting to MediaBox
2026-03-28 09:29:48,756 WARNING pdfminer.pdfpage CropBox missing from /Page, defaulting to MediaBox
2026-03-28 09:29:48,772 WARNING pdfminer.pdfpage CropBox missing from /Page, defaulting to MediaBox
2026-03-28 09:29:48,788 WARNING pdfminer.pdfpage CropBox missing from /Page, defaulting to MediaBox
2026-03-28 09:29:48,804 WARNING pdfminer.pdfpage CropBox missing from /Page, defaulting to MediaBox
2026-03-28 09:29:48,819 WARNING pdfminer.pdfpage CropBox missing from /Page, defaulting to MediaBox
2026-03-28 09:29:48,828 INFO root SUCCESS 22-915 [37/72] → data\22-915\json\20230821_amicus_AEquitas_1157f4.json
2026-03-28 09:29:51,182 INFO root SUCCESS 22-915 [38/72] → data\22-915\json\20230821_amicus_Giffords_Law_Center_Prevent_5487b6.json
2026-03-28 09:29:53,917 INFO root SUCCESS 22-915 [39/72] → data\22-915\json\20230821_amici_Texas_Advocacy_Project_52c3cf.json
2026-03-28 09:29:56,105 WARNING pdfminer.pdfpage CropBox missing from /Page, defaulting to MediaBox
2026-03-28 09:29:56,116 WARNING pdfminer.pdfpage CropBox missing from /Page, defaulting to MediaBox
2026-03-28 09:29:56,133 WARNING pdfminer.pdfpage CropBox missing from /Page, defaulting to MediaBox
2026-03-28 09:29:56,147 WARNING pdfminer.pdfpage CropBox missing from /Page, defaulting to MediaBox
2026-03-28 09:29:56,163 WARNING pdfminer.pdfpage CropBox missing from /Page, defaulting to MediaBox
2026-03-28 09:29:56,177 WARNING pdfminer.pdfpage CropBox missing from /Page, defaulting to MediaBox
2026-03-28 09:29:56,188 WARNING pdfminer.pdfpage CropBox missing from /Page, defaulting to MediaBox
2026-03-28 09:29:56,205 WARNING pdfminer.pdfpage CropBox missing from /Page, defaulting to MediaBox
2026-03-28 09:29:56,213 WARNING pdfminer.pdfpage CropBox missing from /Page, defaulting to MediaBox
2026-03-28 09:29:56,230 WARNING pdfminer.pdfpage CropBox missing from /Page, defaulting to MediaBox
2026-03-28 09:29:56,248 WARNING pdfminer.pdfpage CropBox missing from /Page, defaulting to MediaBox
2026-03-28 09:29:56,267 WARNING pdfminer.pdfpage CropBox missing from /Page, defaulting to MediaBox
2026-03-28 09:29:56,283 WARNING pdfminer.pdfpage CropBox missing from /Page, defaulting to MediaBox
2026-03-28 09:29:56,300 WARNING pdfminer.pdfpage CropBox missing from /Page, defaulting to MediaBox
2026-03-28 09:29:56,319 WARNING pdfminer.pdfpage CropBox missing from /Page, defaulting to MediaBox
2026-03-28 09:29:56,340 WARNING pdfminer.pdfpage CropBox missing from /Page, defaulting to MediaBox
2026-03-28 09:29:56,363 WARNING pdfminer.pdfpage CropBox missing from /Page, defaulting to MediaBox
2026-03-28 09:29:56,384 WARNING pdfminer.pdfpage CropBox missing from /Page, defaulting to MediaBox
2026-03-28 09:29:56,406 WARNING pdfminer.pdfpage CropBox missing from /Page, defaulting to MediaBox
2026-03-28 09:29:56,424 WARNING pdfminer.pdfpage CropBox missing from /Page, defaulting to MediaBox
2026-03-28 09:29:56,444 WARNING pdfminer.pdfpage CropBox missing from /Page, defaulting to MediaBox
2026-03-28 09:29:56,465 WARNING pdfminer.pdfpage CropBox missing from /Page, defaulting to MediaBox
2026-03-28 09:29:56,481 WARNING pdfminer.pdfpage CropBox missing from /Page, defaulting to MediaBox
2026-03-28 09:29:56,503 WARNING pdfminer.pdfpage CropBox missing from /Page, defaulting to MediaBox
2026-03-28 09:29:56,526 WARNING pdfminer.pdfpage CropBox missing from /Page, defaulting to MediaBox
2026-03-28 09:29:56,543 WARNING pdfminer.pdfpage CropBox missing from /Page, defaulting to MediaBox
2026-03-28 09:29:56,556 INFO root SUCCESS 22-915 [40/72] → data\22-915\json\20230821_amicus_Citizens_Crime_Commission_New_York_683cad.json
2026-03-28 09:29:58,784 INFO root SUCCESS 22-915 [41/72] → data\22-915\json\20230821_amicus_US_Conference_Catholic_Bishops_b47a72.json
2026-03-28 09:30:00,827 WARNING pdfminer.pdfpage CropBox missing from /Page, defaulting to MediaBox
2026-03-28 09:30:00,833 WARNING pdfminer.pdfpage CropBox missing from /Page, defaulting to MediaBox
2026-03-28 09:30:00,839 WARNING pdfminer.pdfpage CropBox missing from /Page, defaulting to MediaBox
2026-03-28 09:30:00,844 WARNING pdfminer.pdfpage CropBox missing from /Page, defaulting to MediaBox
2026-03-28 09:30:00,850 WARNING pdfminer.pdfpage CropBox missing from /Page, defaulting to MediaBox
2026-03-28 09:30:00,856 WARNING pdfminer.pdfpage CropBox missing from /Page, defaulting to MediaBox
2026-03-28 09:30:00,863 WARNING pdfminer.pdfpage CropBox missing from /Page, defaulting to MediaBox
2026-03-28 09:30:00,871 WARNING pdfminer.pdfpage CropBox missing from /Page, defaulting to MediaBox
2026-03-28 09:30:00,878 WARNING pdfminer.pdfpage CropBox missing from /Page, defaulting to MediaBox
2026-03-28 09:30:00,885 WARNING pdfminer.pdfpage CropBox missing from /Page, defaulting to MediaBox
2026-03-28 09:30:00,892 WARNING pdfminer.pdfpage CropBox missing from /Page, defaulting to MediaBox
2026-03-28 09:30:00,900 WARNING pdfminer.pdfpage CropBox missing from /Page, defaulting to MediaBox
2026-03-28 09:30:00,907 WARNING pdfminer.pdfpage CropBox missing from /Page, defaulting to MediaBox
2026-03-28 09:30:00,914 WARNING pdfminer.pdfpage CropBox missing from /Page, defaulting to MediaBox
2026-03-28 09:30:00,921 WARNING pdfminer.pdfpage CropBox missing from /Page, defaulting to MediaBox
2026-03-28 09:30:00,930 WARNING pdfminer.pdfpage CropBox missing from /Page, defaulting to MediaBox
2026-03-28 09:30:00,937 WARNING pdfminer.pdfpage CropBox missing from /Page, defaulting to MediaBox
2026-03-28 09:30:00,945 WARNING pdfminer.pdfpage CropBox missing from /Page, defaulting to MediaBox
2026-03-28 09:30:00,952 WARNING pdfminer.pdfpage CropBox missing from /Page, defaulting to MediaBox
2026-03-28 09:30:00,958 WARNING pdfminer.pdfpage CropBox missing from /Page, defaulting to MediaBox
2026-03-28 09:30:00,967 WARNING pdfminer.pdfpage CropBox missing from /Page, defaulting to MediaBox
2026-03-28 09:30:00,973 WARNING pdfminer.pdfpage CropBox missing from /Page, defaulting to MediaBox
2026-03-28 09:30:00,979 WARNING pdfminer.pdfpage CropBox missing from /Page, defaulting to MediaBox
2026-03-28 09:30:00,987 WARNING pdfminer.pdfpage CropBox missing from /Page, defaulting to MediaBox
2026-03-28 09:30:00,995 WARNING pdfminer.pdfpage CropBox missing from /Page, defaulting to MediaBox
2026-03-28 09:30:01,003 WARNING pdfminer.pdfpage CropBox missing from /Page, defaulting to MediaBox
2026-03-28 09:30:01,010 WARNING pdfminer.pdfpage CropBox missing from /Page, defaulting to MediaBox
2026-03-28 09:30:01,017 WARNING pdfminer.pdfpage CropBox missing from /Page, defaulting to MediaBox
2026-03-28 09:30:01,025 WARNING pdfminer.pdfpage CropBox missing from /Page, defaulting to MediaBox
2026-03-28 09:30:01,033 WARNING pdfminer.pdfpage CropBox missing from /Page, defaulting to MediaBox
2026-03-28 09:30:01,041 WARNING pdfminer.pdfpage CropBox missing from /Page, defaulting to MediaBox
2026-03-28 09:30:01,048 WARNING pdfminer.pdfpage CropBox missing from /Page, defaulting to MediaBox
2026-03-28 09:30:01,057 WARNING pdfminer.pdfpage CropBox missing from /Page, defaulting to MediaBox
2026-03-28 09:30:01,065 WARNING pdfminer.pdfpage CropBox missing from /Page, defaulting to MediaBox
2026-03-28 09:30:01,073 WARNING pdfminer.pdfpage CropBox missing from /Page, defaulting to MediaBox
2026-03-28 09:30:01,081 WARNING pdfminer.pdfpage CropBox missing from /Page, defaulting to MediaBox
2026-03-28 09:30:01,090 WARNING pdfminer.pdfpage CropBox missing from /Page, defaulting to MediaBox
2026-03-28 09:30:01,097 WARNING pdfminer.pdfpage CropBox missing from /Page, defaulting to MediaBox
2026-03-28 09:30:01,105 WARNING pdfminer.pdfpage CropBox missing from /Page, defaulting to MediaBox
2026-03-28 09:30:01,111 WARNING pdfminer.pdfpage CropBox missing from /Page, defaulting to MediaBox
2026-03-28 09:30:01,119 WARNING pdfminer.pdfpage CropBox missing from /Page, defaulting to MediaBox
2026-03-28 09:30:01,127 WARNING pdfminer.pdfpage CropBox missing from /Page, defaulting to MediaBox
2026-03-28 09:30:01,135 WARNING pdfminer.pdfpage CropBox missing from /Page, defaulting to MediaBox
2026-03-28 09:30:01,142 WARNING pdfminer.pdfpage CropBox missing from /Page, defaulting to MediaBox
2026-03-28 09:30:01,146 WARNING pdfminer.pdfpage CropBox missing from /Page, defaulting to MediaBox
2026-03-28 09:30:01,150 INFO root SUCCESS 22-915 [42/72] → data\22-915\json\20230821_amicus_Professor_Mary_Anne_Franks_60d539.json
2026-03-28 09:30:03,970 INFO root SUCCESS 22-915 [43/72] → data\22-915\json\20230821_amicus_Houston_Area_Womenâs_Center_2ed581.json
2026-03-28 09:30:06,346 INFO root SUCCESS 22-915 [44/72] → data\22-915\json\20230821_amicus_Everytown_Gun_Safety_d73248.json
2026-03-28 09:30:08,472 WARNING pdfminer.pdfpage CropBox missing from /Page, defaulting to MediaBox
2026-03-28 09:30:08,480 WARNING pdfminer.pdfpage CropBox missing from /Page, defaulting to MediaBox
2026-03-28 09:30:08,487 WARNING pdfminer.pdfpage CropBox missing from /Page, defaulting to MediaBox
2026-03-28 09:30:08,492 WARNING pdfminer.pdfpage CropBox missing from /Page, defaulting to MediaBox
2026-03-28 09:30:08,499 WARNING pdfminer.pdfpage CropBox missing from /Page, defaulting to MediaBox
2026-03-28 09:30:08,503 WARNING pdfminer.pdfpage CropBox missing from /Page, defaulting to MediaBox
2026-03-28 09:30:08,509 WARNING pdfminer.pdfpage CropBox missing from /Page, defaulting to MediaBox
2026-03-28 09:30:08,515 WARNING pdfminer.pdfpage CropBox missing from /Page, defaulting to MediaBox
2026-03-28 09:30:08,521 WARNING pdfminer.pdfpage CropBox missing from /Page, defaulting to MediaBox
2026-03-28 09:30:08,526 WARNING pdfminer.pdfpage CropBox missing from /Page, defaulting to MediaBox
2026-03-28 09:30:08,532 WARNING pdfminer.pdfpage CropBox missing from /Page, defaulting to MediaBox
2026-03-28 09:30:08,539 WARNING pdfminer.pdfpage CropBox missing from /Page, defaulting to MediaBox
2026-03-28 09:30:08,546 WARNING pdfminer.pdfpage CropBox missing from /Page, defaulting to MediaBox
2026-03-28 09:30:08,553 WARNING pdfminer.pdfpage CropBox missing from /Page, defaulting to MediaBox
2026-03-28 09:30:08,559 WARNING pdfminer.pdfpage CropBox missing from /Page, defaulting to MediaBox
2026-03-28 09:30:08,566 WARNING pdfminer.pdfpage CropBox missing from /Page, defaulting to MediaBox
2026-03-28 09:30:08,572 WARNING pdfminer.pdfpage CropBox missing from /Page, defaulting to MediaBox
2026-03-28 09:30:08,578 WARNING pdfminer.pdfpage CropBox missing from /Page, defaulting to MediaBox
2026-03-28 09:30:08,586 WARNING pdfminer.pdfpage CropBox missing from /Page, defaulting to MediaBox
2026-03-28 09:30:08,594 WARNING pdfminer.pdfpage CropBox missing from /Page, defaulting to MediaBox
2026-03-28 09:30:08,602 WARNING pdfminer.pdfpage CropBox missing from /Page, defaulting to MediaBox
2026-03-28 09:30:08,608 WARNING pdfminer.pdfpage CropBox missing from /Page, defaulting to MediaBox
2026-03-28 09:30:08,618 WARNING pdfminer.pdfpage CropBox missing from /Page, defaulting to MediaBox
2026-03-28 09:30:08,624 WARNING pdfminer.pdfpage CropBox missing from /Page, defaulting to MediaBox
2026-03-28 09:30:08,633 WARNING pdfminer.pdfpage CropBox missing from /Page, defaulting to MediaBox
2026-03-28 09:30:08,640 WARNING pdfminer.pdfpage CropBox missing from /Page, defaulting to MediaBox
2026-03-28 09:30:08,647 WARNING pdfminer.pdfpage CropBox missing from /Page, defaulting to MediaBox
2026-03-28 09:30:08,654 WARNING pdfminer.pdfpage CropBox missing from /Page, defaulting to MediaBox
2026-03-28 09:30:08,660 WARNING pdfminer.pdfpage CropBox missing from /Page, defaulting to MediaBox
2026-03-28 09:30:08,667 WARNING pdfminer.pdfpage CropBox missing from /Page, defaulting to MediaBox
2026-03-28 09:30:08,675 WARNING pdfminer.pdfpage CropBox missing from /Page, defaulting to MediaBox
2026-03-28 09:30:08,682 WARNING pdfminer.pdfpage CropBox missing from /Page, defaulting to MediaBox
2026-03-28 09:30:08,688 WARNING pdfminer.pdfpage CropBox missing from /Page, defaulting to MediaBox
2026-03-28 09:30:08,694 WARNING pdfminer.pdfpage CropBox missing from /Page, defaulting to MediaBox
2026-03-28 09:30:08,701 WARNING pdfminer.pdfpage CropBox missing from /Page, defaulting to MediaBox
2026-03-28 09:30:08,708 WARNING pdfminer.pdfpage CropBox missing from /Page, defaulting to MediaBox
2026-03-28 09:30:08,715 WARNING pdfminer.pdfpage CropBox missing from /Page, defaulting to MediaBox
2026-03-28 09:30:08,723 WARNING pdfminer.pdfpage CropBox missing from /Page, defaulting to MediaBox
2026-03-28 09:30:08,730 WARNING pdfminer.pdfpage CropBox missing from /Page, defaulting to MediaBox
2026-03-28 09:30:08,735 WARNING pdfminer.pdfpage CropBox missing from /Page, defaulting to MediaBox
2026-03-28 09:30:08,740 INFO root SUCCESS 22-915 [45/72] → data\22-915\json\20230821_amici_Prosecutor_Law_Enforcement_Associations_66b68c.json
2026-03-28 09:30:11,101 INFO root SUCCESS 22-915 [46/72] → data\22-915\json\20230821_amici_American_Medical_Association_5c4cc5.json
2026-03-28 09:30:13,737 INFO root SUCCESS 22-915 [47/72] → data\22-915\json\20230821_amici_Domestic_Violence_Legal_Empowerment_Appeals_d8b8e3.json
2026-03-28 09:30:16,054 INFO root SUCCESS 22-915 [48/72] → data\22-915\json\20230822_amicus_Americans_Against_Gun_Violence_68ea68.json
2026-03-28 09:30:18,277 WARNING pdfminer.pdfpage CropBox missing from /Page, defaulting to MediaBox
2026-03-28 09:30:18,299 WARNING pdfminer.pdfpage CropBox missing from /Page, defaulting to MediaBox
2026-03-28 09:30:18,378 WARNING pdfminer.pdfpage CropBox missing from /Page, defaulting to MediaBox
2026-03-28 09:30:18,382 WARNING pdfminer.pdfpage CropBox missing from /Page, defaulting to MediaBox
2026-03-28 09:30:18,396 WARNING pdfminer.pdfpage CropBox missing from /Page, defaulting to MediaBox
2026-03-28 09:30:18,408 WARNING pdfminer.pdfpage CropBox missing from /Page, defaulting to MediaBox
2026-03-28 09:30:18,423 WARNING pdfminer.pdfpage CropBox missing from /Page, defaulting to MediaBox
2026-03-28 09:30:18,436 WARNING pdfminer.pdfpage CropBox missing from /Page, defaulting to MediaBox
2026-03-28 09:30:18,446 WARNING pdfminer.pdfpage CropBox missing from /Page, defaulting to MediaBox
2026-03-28 09:30:18,452 WARNING pdfminer.pdfpage CropBox missing from /Page, defaulting to MediaBox
2026-03-28 09:30:18,464 WARNING pdfminer.pdfpage CropBox missing from /Page, defaulting to MediaBox
2026-03-28 09:30:18,474 WARNING pdfminer.pdfpage CropBox missing from /Page, defaulting to MediaBox
2026-03-28 09:30:18,488 WARNING pdfminer.pdfpage CropBox missing from /Page, defaulting to MediaBox
2026-03-28 09:30:18,501 WARNING pdfminer.pdfpage CropBox missing from /Page, defaulting to MediaBox
2026-03-28 09:30:18,513 WARNING pdfminer.pdfpage CropBox missing from /Page, defaulting to MediaBox
2026-03-28 09:30:18,526 WARNING pdfminer.pdfpage CropBox missing from /Page, defaulting to MediaBox
2026-03-28 09:30:18,540 WARNING pdfminer.pdfpage CropBox missing from /Page, defaulting to MediaBox
2026-03-28 09:30:18,552 WARNING pdfminer.pdfpage CropBox missing from /Page, defaulting to MediaBox
2026-03-28 09:30:18,563 WARNING pdfminer.pdfpage CropBox missing from /Page, defaulting to MediaBox
2026-03-28 09:30:18,576 WARNING pdfminer.pdfpage CropBox missing from /Page, defaulting to MediaBox
2026-03-28 09:30:18,588 WARNING pdfminer.pdfpage CropBox missing from /Page, defaulting to MediaBox
2026-03-28 09:30:18,599 WARNING pdfminer.pdfpage CropBox missing from /Page, defaulting to MediaBox
2026-03-28 09:30:18,614 WARNING pdfminer.pdfpage CropBox missing from /Page, defaulting to MediaBox
2026-03-28 09:30:18,625 WARNING pdfminer.pdfpage CropBox missing from /Page, defaulting to MediaBox
2026-03-28 09:30:18,635 WARNING pdfminer.pdfpage CropBox missing from /Page, defaulting to MediaBox
2026-03-28 09:30:18,644 WARNING pdfminer.pdfpage CropBox missing from /Page, defaulting to MediaBox
2026-03-28 09:30:18,658 WARNING pdfminer.pdfpage CropBox missing from /Page, defaulting to MediaBox
2026-03-28 09:30:18,669 WARNING pdfminer.pdfpage CropBox missing from /Page, defaulting to MediaBox
2026-03-28 09:30:18,681 WARNING pdfminer.pdfpage CropBox missing from /Page, defaulting to MediaBox
2026-03-28 09:30:18,693 WARNING pdfminer.pdfpage CropBox missing from /Page, defaulting to MediaBox
2026-03-28 09:30:18,705 WARNING pdfminer.pdfpage CropBox missing from /Page, defaulting to MediaBox
2026-03-28 09:30:18,714 WARNING pdfminer.pdfpage CropBox missing from /Page, defaulting to MediaBox
2026-03-28 09:30:18,728 WARNING pdfminer.pdfpage CropBox missing from /Page, defaulting to MediaBox
2026-03-28 09:30:18,745 WARNING pdfminer.pdfpage CropBox missing from /Page, defaulting to MediaBox
2026-03-28 09:30:18,757 WARNING pdfminer.pdfpage CropBox missing from /Page, defaulting to MediaBox
2026-03-28 09:30:18,768 WARNING pdfminer.pdfpage CropBox missing from /Page, defaulting to MediaBox
2026-03-28 09:30:18,778 WARNING pdfminer.pdfpage CropBox missing from /Page, defaulting to MediaBox
2026-03-28 09:30:18,790 WARNING pdfminer.pdfpage CropBox missing from /Page, defaulting to MediaBox
2026-03-28 09:30:18,801 WARNING pdfminer.pdfpage CropBox missing from /Page, defaulting to MediaBox
2026-03-28 09:30:18,811 WARNING pdfminer.pdfpage CropBox missing from /Page, defaulting to MediaBox
2026-03-28 09:30:18,821 INFO root SUCCESS 22-915 [49/72] → data\22-915\json\20230922_amicus_Center_Prosecutor_Integrity_(Distributed)_bc6e1a.json
2026-03-28 09:30:21,492 INFO root SUCCESS 22-915 [50/72] → data\22-915\json\20230927_respondent_Zackey_Rahimi_14af34.json
2026-03-28 09:30:23,827 INFO root SUCCESS 22-915 [51/72] → data\22-915\json\20231002_amicus_National_Association_Gun_Rights_(Distributed)_039e78.json
2026-03-28 09:30:26,000 WARNING pdfminer.pdfpage CropBox missing from /Page, defaulting to MediaBox
2026-03-28 09:30:26,016 WARNING pdfminer.pdfpage CropBox missing from /Page, defaulting to MediaBox
2026-03-28 09:30:26,021 WARNING pdfminer.pdfpage CropBox missing from /Page, defaulting to MediaBox
2026-03-28 09:30:26,034 WARNING pdfminer.pdfpage CropBox missing from /Page, defaulting to MediaBox
2026-03-28 09:30:26,055 WARNING pdfminer.pdfpage CropBox missing from /Page, defaulting to MediaBox
2026-03-28 09:30:26,074 WARNING pdfminer.pdfpage CropBox missing from /Page, defaulting to MediaBox
2026-03-28 09:30:26,089 WARNING pdfminer.pdfpage CropBox missing from /Page, defaulting to MediaBox
2026-03-28 09:30:26,108 WARNING pdfminer.pdfpage CropBox missing from /Page, defaulting to MediaBox
2026-03-28 09:30:26,125 WARNING pdfminer.pdfpage CropBox missing from /Page, defaulting to MediaBox
2026-03-28 09:30:26,142 WARNING pdfminer.pdfpage CropBox missing from /Page, defaulting to MediaBox
2026-03-28 09:30:26,159 WARNING pdfminer.pdfpage CropBox missing from /Page, defaulting to MediaBox
2026-03-28 09:30:26,177 WARNING pdfminer.pdfpage CropBox missing from /Page, defaulting to MediaBox
2026-03-28 09:30:26,196 WARNING pdfminer.pdfpage CropBox missing from /Page, defaulting to MediaBox
2026-03-28 09:30:26,213 WARNING pdfminer.pdfpage CropBox missing from /Page, defaulting to MediaBox
2026-03-28 09:30:26,228 WARNING pdfminer.pdfpage CropBox missing from /Page, defaulting to MediaBox
2026-03-28 09:30:26,249 WARNING pdfminer.pdfpage CropBox missing from /Page, defaulting to MediaBox
2026-03-28 09:30:26,265 WARNING pdfminer.pdfpage CropBox missing from /Page, defaulting to MediaBox
2026-03-28 09:30:26,278 WARNING pdfminer.pdfpage CropBox missing from /Page, defaulting to MediaBox
2026-03-28 09:30:26,301 INFO root SUCCESS 22-915 [52/72] → data\22-915\json\20231003_amici_Cato_Institute_(Distributed)_b0c093.json
2026-03-28 09:30:28,550 INFO root SUCCESS 22-915 [53/72] → data\22-915\json\20231003_amici_Alameda_County_Public_Defenders_475be7.json
2026-03-28 09:30:30,602 INFO root SUCCESS 22-915 [54/72] → data\22-915\json\20231003_amicus_Professor_Nicholas_Johnson_(Distributed)_8ce668.json
2026-03-28 09:30:32,730 INFO root SUCCESS 22-915 [55/72] → data\22-915\json\20231003_amici_Phyllis_Schlafly_Eagles_Eagle_Forum_f56631.json
2026-03-28 09:30:35,975 INFO root SUCCESS 22-915 [56/72] → data\22-915\json\20231004_amici_Bronx_Defenders_Union_National_Association_1a3368.json
2026-03-28 09:30:38,133 WARNING pdfminer.pdfpage CropBox missing from /Page, defaulting to MediaBox
2026-03-28 09:30:38,153 WARNING pdfminer.pdfpage CropBox missing from /Page, defaulting to MediaBox
2026-03-28 09:30:38,169 WARNING pdfminer.pdfpage CropBox missing from /Page, defaulting to MediaBox
2026-03-28 09:30:38,176 WARNING pdfminer.pdfpage CropBox missing from /Page, defaulting to MediaBox
2026-03-28 09:30:38,194 WARNING pdfminer.pdfpage CropBox missing from /Page, defaulting to MediaBox
2026-03-28 09:30:38,212 WARNING pdfminer.pdfpage CropBox missing from /Page, defaulting to MediaBox
2026-03-28 09:30:38,231 WARNING pdfminer.pdfpage CropBox missing from /Page, defaulting to MediaBox
2026-03-28 09:30:38,256 WARNING pdfminer.pdfpage CropBox missing from /Page, defaulting to MediaBox
2026-03-28 09:30:38,281 WARNING pdfminer.pdfpage CropBox missing from /Page, defaulting to MediaBox
2026-03-28 09:30:38,308 WARNING pdfminer.pdfpage CropBox missing from /Page, defaulting to MediaBox
2026-03-28 09:30:38,332 WARNING pdfminer.pdfpage CropBox missing from /Page, defaulting to MediaBox
2026-03-28 09:30:38,357 WARNING pdfminer.pdfpage CropBox missing from /Page, defaulting to MediaBox
2026-03-28 09:30:38,380 WARNING pdfminer.pdfpage CropBox missing from /Page, defaulting to MediaBox
2026-03-28 09:30:38,402 WARNING pdfminer.pdfpage CropBox missing from /Page, defaulting to MediaBox
2026-03-28 09:30:38,423 WARNING pdfminer.pdfpage CropBox missing from /Page, defaulting to MediaBox
2026-03-28 09:30:38,442 WARNING pdfminer.pdfpage CropBox missing from /Page, defaulting to MediaBox
2026-03-28 09:30:38,464 WARNING pdfminer.pdfpage CropBox missing from /Page, defaulting to MediaBox
2026-03-28 09:30:38,482 WARNING pdfminer.pdfpage CropBox missing from /Page, defaulting to MediaBox
2026-03-28 09:30:38,503 WARNING pdfminer.pdfpage CropBox missing from /Page, defaulting to MediaBox
2026-03-28 09:30:38,534 WARNING pdfminer.pdfpage CropBox missing from /Page, defaulting to MediaBox
2026-03-28 09:30:38,539 WARNING pdfminer.pdfpage CropBox missing from /Page, defaulting to MediaBox
2026-03-28 09:30:38,558 WARNING pdfminer.pdfpage CropBox missing from /Page, defaulting to MediaBox
2026-03-28 09:30:38,575 WARNING pdfminer.pdfpage CropBox missing from /Page, defaulting to MediaBox
2026-03-28 09:30:38,596 WARNING pdfminer.pdfpage CropBox missing from /Page, defaulting to MediaBox
2026-03-28 09:30:38,616 WARNING pdfminer.pdfpage CropBox missing from /Page, defaulting to MediaBox
2026-03-28 09:30:38,638 WARNING pdfminer.pdfpage CropBox missing from /Page, defaulting to MediaBox
2026-03-28 09:30:38,661 WARNING pdfminer.pdfpage CropBox missing from /Page, defaulting to MediaBox
2026-03-28 09:30:38,683 WARNING pdfminer.pdfpage CropBox missing from /Page, defaulting to MediaBox
2026-03-28 09:30:38,706 WARNING pdfminer.pdfpage CropBox missing from /Page, defaulting to MediaBox
2026-03-28 09:30:38,729 WARNING pdfminer.pdfpage CropBox missing from /Page, defaulting to MediaBox
2026-03-28 09:30:38,747 WARNING pdfminer.pdfpage CropBox missing from /Page, defaulting to MediaBox
2026-03-28 09:30:38,767 WARNING pdfminer.pdfpage CropBox missing from /Page, defaulting to MediaBox
2026-03-28 09:30:38,798 WARNING pdfminer.pdfpage CropBox missing from /Page, defaulting to MediaBox
2026-03-28 09:30:38,823 WARNING pdfminer.pdfpage CropBox missing from /Page, defaulting to MediaBox
2026-03-28 09:30:38,849 WARNING pdfminer.pdfpage CropBox missing from /Page, defaulting to MediaBox
2026-03-28 09:30:38,874 WARNING pdfminer.pdfpage CropBox missing from /Page, defaulting to MediaBox
2026-03-28 09:30:38,895 WARNING pdfminer.pdfpage CropBox missing from /Page, defaulting to MediaBox
2026-03-28 09:30:38,918 WARNING pdfminer.pdfpage CropBox missing from /Page, defaulting to MediaBox
2026-03-28 09:30:38,939 WARNING pdfminer.pdfpage CropBox missing from /Page, defaulting to MediaBox
2026-03-28 09:30:38,959 WARNING pdfminer.pdfpage CropBox missing from /Page, defaulting to MediaBox
2026-03-28 09:30:38,979 WARNING pdfminer.pdfpage CropBox missing from /Page, defaulting to MediaBox
2026-03-28 09:30:39,000 WARNING pdfminer.pdfpage CropBox missing from /Page, defaulting to MediaBox
2026-03-28 09:30:39,019 WARNING pdfminer.pdfpage CropBox missing from /Page, defaulting to MediaBox
2026-03-28 09:30:39,056 WARNING pdfminer.pdfpage CropBox missing from /Page, defaulting to MediaBox
2026-03-28 09:30:39,082 WARNING pdfminer.pdfpage CropBox missing from /Page, defaulting to MediaBox
2026-03-28 09:30:39,116 WARNING pdfminer.pdfpage CropBox missing from /Page, defaulting to MediaBox
2026-03-28 09:30:39,139 WARNING pdfminer.pdfpage CropBox missing from /Page, defaulting to MediaBox
2026-03-28 09:30:39,160 WARNING pdfminer.pdfpage CropBox missing from /Page, defaulting to MediaBox
2026-03-28 09:30:39,180 WARNING pdfminer.pdfpage CropBox missing from /Page, defaulting to MediaBox
2026-03-28 09:30:39,201 WARNING pdfminer.pdfpage CropBox missing from /Page, defaulting to MediaBox
2026-03-28 09:30:39,221 WARNING pdfminer.pdfpage CropBox missing from /Page, defaulting to MediaBox
2026-03-28 09:30:39,240 WARNING pdfminer.pdfpage CropBox missing from /Page, defaulting to MediaBox
2026-03-28 09:30:39,257 WARNING pdfminer.pdfpage CropBox missing from /Page, defaulting to MediaBox
2026-03-28 09:30:39,267 WARNING pdfminer.pdfpage CropBox missing from /Page, defaulting to MediaBox
2026-03-28 09:30:39,278 INFO root SUCCESS 22-915 [57/72] → data\22-915\json\20231004_amicus_California_Rifle_Pistol_Association_Inc_da29ba.json
2026-03-28 09:30:41,971 INFO root SUCCESS 22-915 [58/72] → data\22-915\json\20231004_amicus_National_Association_Federal_Defenders_(Distributed)_4c7cc6.json
2026-03-28 09:30:44,356 INFO root SUCCESS 22-915 [59/72] → data\22-915\json\20231004_amici_Professors_Second_Amendment_Law_14c8fa.json
2026-03-28 09:30:46,647 INFO root SUCCESS 22-915 [60/72] → data\22-915\json\20231004_amicus_FPC_Action_Foundation_(Distributed)_21f9fd.json
2026-03-28 09:30:49,059 INFO root SUCCESS 22-915 [61/72] → data\22-915\json\20231004_amici_Law_Enforcement_Groups_Firearms_Rights_680a60.json
2026-03-28 09:30:51,186 WARNING pdfminer.pdfpage CropBox missing from /Page, defaulting to MediaBox
2026-03-28 09:30:51,195 WARNING pdfminer.pdfpage CropBox missing from /Page, defaulting to MediaBox
2026-03-28 09:30:51,198 WARNING pdfminer.pdfpage CropBox missing from /Page, defaulting to MediaBox
2026-03-28 09:30:51,202 WARNING pdfminer.pdfpage CropBox missing from /Page, defaulting to MediaBox
2026-03-28 09:30:51,204 WARNING pdfminer.pdfpage CropBox missing from /Page, defaulting to MediaBox
2026-03-28 09:30:51,209 WARNING pdfminer.pdfpage CropBox missing from /Page, defaulting to MediaBox
2026-03-28 09:30:51,213 WARNING pdfminer.pdfpage CropBox missing from /Page, defaulting to MediaBox
2026-03-28 09:30:51,217 WARNING pdfminer.pdfpage CropBox missing from /Page, defaulting to MediaBox
2026-03-28 09:30:51,221 WARNING pdfminer.pdfpage CropBox missing from /Page, defaulting to MediaBox
2026-03-28 09:30:51,226 WARNING pdfminer.pdfpage CropBox missing from /Page, defaulting to MediaBox
2026-03-28 09:30:51,230 WARNING pdfminer.pdfpage CropBox missing from /Page, defaulting to MediaBox
2026-03-28 09:30:51,235 WARNING pdfminer.pdfpage CropBox missing from /Page, defaulting to MediaBox
2026-03-28 09:30:51,239 WARNING pdfminer.pdfpage CropBox missing from /Page, defaulting to MediaBox
2026-03-28 09:30:51,244 WARNING pdfminer.pdfpage CropBox missing from /Page, defaulting to MediaBox
2026-03-28 09:30:51,248 WARNING pdfminer.pdfpage CropBox missing from /Page, defaulting to MediaBox
2026-03-28 09:30:51,255 WARNING pdfminer.pdfpage CropBox missing from /Page, defaulting to MediaBox
2026-03-28 09:30:51,261 WARNING pdfminer.pdfpage CropBox missing from /Page, defaulting to MediaBox
2026-03-28 09:30:51,268 WARNING pdfminer.pdfpage CropBox missing from /Page, defaulting to MediaBox
2026-03-28 09:30:51,275 WARNING pdfminer.pdfpage CropBox missing from /Page, defaulting to MediaBox
2026-03-28 09:30:51,282 WARNING pdfminer.pdfpage CropBox missing from /Page, defaulting to MediaBox
2026-03-28 09:30:51,289 WARNING pdfminer.pdfpage CropBox missing from /Page, defaulting to MediaBox
2026-03-28 09:30:51,296 WARNING pdfminer.pdfpage CropBox missing from /Page, defaulting to MediaBox
2026-03-28 09:30:51,303 WARNING pdfminer.pdfpage CropBox missing from /Page, defaulting to MediaBox
2026-03-28 09:30:51,310 WARNING pdfminer.pdfpage CropBox missing from /Page, defaulting to MediaBox
2026-03-28 09:30:51,317 WARNING pdfminer.pdfpage CropBox missing from /Page, defaulting to MediaBox
2026-03-28 09:30:51,324 WARNING pdfminer.pdfpage CropBox missing from /Page, defaulting to MediaBox
2026-03-28 09:30:51,330 WARNING pdfminer.pdfpage CropBox missing from /Page, defaulting to MediaBox
2026-03-28 09:30:51,337 WARNING pdfminer.pdfpage CropBox missing from /Page, defaulting to MediaBox
2026-03-28 09:30:51,344 WARNING pdfminer.pdfpage CropBox missing from /Page, defaulting to MediaBox
2026-03-28 09:30:51,352 WARNING pdfminer.pdfpage CropBox missing from /Page, defaulting to MediaBox
2026-03-28 09:30:51,359 WARNING pdfminer.pdfpage CropBox missing from /Page, defaulting to MediaBox
2026-03-28 09:30:51,365 WARNING pdfminer.pdfpage CropBox missing from /Page, defaulting to MediaBox
2026-03-28 09:30:51,372 WARNING pdfminer.pdfpage CropBox missing from /Page, defaulting to MediaBox
2026-03-28 09:30:51,380 WARNING pdfminer.pdfpage CropBox missing from /Page, defaulting to MediaBox
2026-03-28 09:30:51,386 WARNING pdfminer.pdfpage CropBox missing from /Page, defaulting to MediaBox
2026-03-28 09:30:51,392 WARNING pdfminer.pdfpage CropBox missing from /Page, defaulting to MediaBox
2026-03-28 09:30:51,398 WARNING pdfminer.pdfpage CropBox missing from /Page, defaulting to MediaBox
2026-03-28 09:30:51,405 WARNING pdfminer.pdfpage CropBox missing from /Page, defaulting to MediaBox
2026-03-28 09:30:51,411 WARNING pdfminer.pdfpage CropBox missing from /Page, defaulting to MediaBox
2026-03-28 09:30:51,419 WARNING pdfminer.pdfpage CropBox missing from /Page, defaulting to MediaBox
2026-03-28 09:30:51,425 WARNING pdfminer.pdfpage CropBox missing from /Page, defaulting to MediaBox
2026-03-28 09:30:51,432 WARNING pdfminer.pdfpage CropBox missing from /Page, defaulting to MediaBox
2026-03-28 09:30:51,439 WARNING pdfminer.pdfpage CropBox missing from /Page, defaulting to MediaBox
2026-03-28 09:30:51,446 WARNING pdfminer.pdfpage CropBox missing from /Page, defaulting to MediaBox
2026-03-28 09:30:51,452 WARNING pdfminer.pdfpage CropBox missing from /Page, defaulting to MediaBox
2026-03-28 09:30:51,457 WARNING pdfminer.pdfpage CropBox missing from /Page, defaulting to MediaBox
2026-03-28 09:30:51,461 INFO root SUCCESS 22-915 [62/72] → data\22-915\json\20231004_amicus_National_African_American_Gun_Association_591cd1.json
2026-03-28 09:30:53,430 WARNING pdfminer.pdfpage CropBox missing from /Page, defaulting to MediaBox
2026-03-28 09:30:53,451 WARNING pdfminer.pdfpage CropBox missing from /Page, defaulting to MediaBox
2026-03-28 09:30:53,465 WARNING pdfminer.pdfpage CropBox missing from /Page, defaulting to MediaBox
2026-03-28 09:30:53,483 WARNING pdfminer.pdfpage CropBox missing from /Page, defaulting to MediaBox
2026-03-28 09:30:53,494 WARNING pdfminer.pdfpage CropBox missing from /Page, defaulting to MediaBox
2026-03-28 09:30:53,514 WARNING pdfminer.pdfpage CropBox missing from /Page, defaulting to MediaBox
2026-03-28 09:30:53,529 WARNING pdfminer.pdfpage CropBox missing from /Page, defaulting to MediaBox
2026-03-28 09:30:53,545 WARNING pdfminer.pdfpage CropBox missing from /Page, defaulting to MediaBox
2026-03-28 09:30:53,560 WARNING pdfminer.pdfpage CropBox missing from /Page, defaulting to MediaBox
2026-03-28 09:30:53,575 WARNING pdfminer.pdfpage CropBox missing from /Page, defaulting to MediaBox
2026-03-28 09:30:53,588 WARNING pdfminer.pdfpage CropBox missing from /Page, defaulting to MediaBox
2026-03-28 09:30:53,603 WARNING pdfminer.pdfpage CropBox missing from /Page, defaulting to MediaBox
2026-03-28 09:30:53,617 WARNING pdfminer.pdfpage CropBox missing from /Page, defaulting to MediaBox
2026-03-28 09:30:53,624 INFO root SUCCESS 22-915 [63/72] → data\22-915\json\20231004_amicus_Foundation_Moral_Law_(Distributed)_461f29.json
2026-03-28 09:30:55,730 INFO root SUCCESS 22-915 [64/72] → data\22-915\json\20231004_amicus_Firearms_Policy_Coalition_(Distributed)_30ef31.json
2026-03-28 09:30:57,545 WARNING pdfminer.pdfpage CropBox missing from /Page, defaulting to MediaBox
2026-03-28 09:30:57,560 WARNING pdfminer.pdfpage CropBox missing from /Page, defaulting to MediaBox
2026-03-28 09:30:57,563 WARNING pdfminer.pdfpage CropBox missing from /Page, defaulting to MediaBox
2026-03-28 09:30:57,579 WARNING pdfminer.pdfpage CropBox missing from /Page, defaulting to MediaBox
2026-03-28 09:30:57,600 WARNING pdfminer.pdfpage CropBox missing from /Page, defaulting to MediaBox
2026-03-28 09:30:57,615 WARNING pdfminer.pdfpage CropBox missing from /Page, defaulting to MediaBox
2026-03-28 09:30:57,634 WARNING pdfminer.pdfpage CropBox missing from /Page, defaulting to MediaBox
2026-03-28 09:30:57,653 WARNING pdfminer.pdfpage CropBox missing from /Page, defaulting to MediaBox
2026-03-28 09:30:57,685 WARNING pdfminer.pdfpage CropBox missing from /Page, defaulting to MediaBox
2026-03-28 09:30:57,703 WARNING pdfminer.pdfpage CropBox missing from /Page, defaulting to MediaBox
2026-03-28 09:30:57,719 WARNING pdfminer.pdfpage CropBox missing from /Page, defaulting to MediaBox
2026-03-28 09:30:57,737 WARNING pdfminer.pdfpage CropBox missing from /Page, defaulting to MediaBox
2026-03-28 09:30:57,769 WARNING pdfminer.pdfpage CropBox missing from /Page, defaulting to MediaBox
2026-03-28 09:30:57,792 WARNING pdfminer.pdfpage CropBox missing from /Page, defaulting to MediaBox
2026-03-28 09:30:57,809 WARNING pdfminer.pdfpage CropBox missing from /Page, defaulting to MediaBox
2026-03-28 09:30:57,830 WARNING pdfminer.pdfpage CropBox missing from /Page, defaulting to MediaBox
2026-03-28 09:30:57,854 WARNING pdfminer.pdfpage CropBox missing from /Page, defaulting to MediaBox
2026-03-28 09:30:57,868 WARNING pdfminer.pdfpage CropBox missing from /Page, defaulting to MediaBox
2026-03-28 09:30:57,883 WARNING pdfminer.pdfpage CropBox missing from /Page, defaulting to MediaBox
2026-03-28 09:30:57,894 WARNING pdfminer.pdfpage CropBox missing from /Page, defaulting to MediaBox
2026-03-28 09:30:57,906 WARNING pdfminer.pdfpage CropBox missing from /Page, defaulting to MediaBox
2026-03-28 09:30:57,931 WARNING pdfminer.pdfpage CropBox missing from /Page, defaulting to MediaBox
2026-03-28 09:30:57,948 WARNING pdfminer.pdfpage CropBox missing from /Page, defaulting to MediaBox
2026-03-28 09:30:57,963 WARNING pdfminer.pdfpage CropBox missing from /Page, defaulting to MediaBox
2026-03-28 09:30:57,976 WARNING pdfminer.pdfpage CropBox missing from /Page, defaulting to MediaBox
2026-03-28 09:30:57,992 WARNING pdfminer.pdfpage CropBox missing from /Page, defaulting to MediaBox
2026-03-28 09:30:58,008 WARNING pdfminer.pdfpage CropBox missing from /Page, defaulting to MediaBox
2026-03-28 09:30:58,028 WARNING pdfminer.pdfpage CropBox missing from /Page, defaulting to MediaBox
2026-03-28 09:30:58,044 WARNING pdfminer.pdfpage CropBox missing from /Page, defaulting to MediaBox
2026-03-28 09:30:58,060 WARNING pdfminer.pdfpage CropBox missing from /Page, defaulting to MediaBox
2026-03-28 09:30:58,090 WARNING pdfminer.pdfpage CropBox missing from /Page, defaulting to MediaBox
2026-03-28 09:30:58,120 WARNING pdfminer.pdfpage CropBox missing from /Page, defaulting to MediaBox
2026-03-28 09:30:58,136 WARNING pdfminer.pdfpage CropBox missing from /Page, defaulting to MediaBox
2026-03-28 09:30:58,147 WARNING pdfminer.pdfpage CropBox missing from /Page, defaulting to MediaBox
2026-03-28 09:30:58,154 INFO root SUCCESS 22-915 [65/72] → data\22-915\json\20231004_amicus_Second_Amendment_Foundation_(Distributed)_a39409.json
2026-03-28 09:31:00,831 INFO root SUCCESS 22-915 [66/72] → data\22-915\json\20231004_amicus_Angus_Kirk_McClellan_PhD_(Distributed)_e8b43e.json
2026-03-28 09:31:03,101 INFO root SUCCESS 22-915 [67/72] → data\22-915\json\20231004_amicus_Center_Human_Liberty_(Distributed)_14f396.json
2026-03-28 09:31:05,999 INFO root SUCCESS 22-915 [68/72] → data\22-915\json\20231004_amicus_Crime_Prevention_Research_Center_(Distributed)_a67e8f.json
2026-03-28 09:31:08,133 INFO root SUCCESS 22-915 [69/72] → data\22-915\json\20231004_amicus_National_Rifle_Associationof_America_Inc_1b9d09.json
2026-03-28 09:31:10,383 INFO root SUCCESS 22-915 [70/72] → data\22-915\json\20231004_amici_William_English_Ph.D_Citizens_Committee_1e9294.json
2026-03-28 09:31:12,371 WARNING pdfminer.pdfpage CropBox missing from /Page, defaulting to MediaBox
2026-03-28 09:31:12,378 WARNING pdfminer.pdfpage CropBox missing from /Page, defaulting to MediaBox
2026-03-28 09:31:12,385 WARNING pdfminer.pdfpage CropBox missing from /Page, defaulting to MediaBox
2026-03-28 09:31:12,389 WARNING pdfminer.pdfpage CropBox missing from /Page, defaulting to MediaBox
2026-03-28 09:31:12,395 WARNING pdfminer.pdfpage CropBox missing from /Page, defaulting to MediaBox
2026-03-28 09:31:12,402 WARNING pdfminer.pdfpage CropBox missing from /Page, defaulting to MediaBox
2026-03-28 09:31:12,412 WARNING pdfminer.pdfpage CropBox missing from /Page, defaulting to MediaBox
2026-03-28 09:31:12,414 WARNING pdfminer.pdfpage CropBox missing from /Page, defaulting to MediaBox
2026-03-28 09:31:12,420 WARNING pdfminer.pdfpage CropBox missing from /Page, defaulting to MediaBox
2026-03-28 09:31:12,427 WARNING pdfminer.pdfpage CropBox missing from /Page, defaulting to MediaBox
2026-03-28 09:31:12,433 WARNING pdfminer.pdfpage CropBox missing from /Page, defaulting to MediaBox
2026-03-28 09:31:12,439 WARNING pdfminer.pdfpage CropBox missing from /Page, defaulting to MediaBox
2026-03-28 09:31:12,443 WARNING pdfminer.pdfpage CropBox missing from /Page, defaulting to MediaBox
2026-03-28 09:31:12,449 WARNING pdfminer.pdfpage CropBox missing from /Page, defaulting to MediaBox
2026-03-28 09:31:12,454 WARNING pdfminer.pdfpage CropBox missing from /Page, defaulting to MediaBox
2026-03-28 09:31:12,461 WARNING pdfminer.pdfpage CropBox missing from /Page, defaulting to MediaBox
2026-03-28 09:31:12,467 WARNING pdfminer.pdfpage CropBox missing from /Page, defaulting to MediaBox
2026-03-28 09:31:12,473 WARNING pdfminer.pdfpage CropBox missing from /Page, defaulting to MediaBox
2026-03-28 09:31:12,478 WARNING pdfminer.pdfpage CropBox missing from /Page, defaulting to MediaBox
2026-03-28 09:31:12,485 WARNING pdfminer.pdfpage CropBox missing from /Page, defaulting to MediaBox
2026-03-28 09:31:12,490 WARNING pdfminer.pdfpage CropBox missing from /Page, defaulting to MediaBox
2026-03-28 09:31:12,497 WARNING pdfminer.pdfpage CropBox missing from /Page, defaulting to MediaBox
2026-03-28 09:31:12,502 WARNING pdfminer.pdfpage CropBox missing from /Page, defaulting to MediaBox
2026-03-28 09:31:12,509 WARNING pdfminer.pdfpage CropBox missing from /Page, defaulting to MediaBox
2026-03-28 09:31:12,516 WARNING pdfminer.pdfpage CropBox missing from /Page, defaulting to MediaBox
2026-03-28 09:31:12,522 WARNING pdfminer.pdfpage CropBox missing from /Page, defaulting to MediaBox
2026-03-28 09:31:12,529 WARNING pdfminer.pdfpage CropBox missing from /Page, defaulting to MediaBox
2026-03-28 09:31:12,537 WARNING pdfminer.pdfpage CropBox missing from /Page, defaulting to MediaBox
2026-03-28 09:31:12,544 WARNING pdfminer.pdfpage CropBox missing from /Page, defaulting to MediaBox
2026-03-28 09:31:12,550 WARNING pdfminer.pdfpage CropBox missing from /Page, defaulting to MediaBox
2026-03-28 09:31:12,556 WARNING pdfminer.pdfpage CropBox missing from /Page, defaulting to MediaBox
2026-03-28 09:31:12,564 WARNING pdfminer.pdfpage CropBox missing from /Page, defaulting to MediaBox
2026-03-28 09:31:12,571 WARNING pdfminer.pdfpage CropBox missing from /Page, defaulting to MediaBox
2026-03-28 09:31:12,578 WARNING pdfminer.pdfpage CropBox missing from /Page, defaulting to MediaBox
2026-03-28 09:31:12,585 WARNING pdfminer.pdfpage CropBox missing from /Page, defaulting to MediaBox
2026-03-28 09:31:12,591 WARNING pdfminer.pdfpage CropBox missing from /Page, defaulting to MediaBox
2026-03-28 09:31:12,598 INFO root SUCCESS 22-915 [71/72] → data\22-915\json\20231004_amici_Gun_Owners_America_Inc_20921c.json
2026-03-28 09:31:15,429 INFO root SUCCESS 22-915 [72/72] → data\22-915\json\20231025_reply_US_65ad07.json
2026-03-28 09:31:15,670 INFO root Processing Main Document: "Main Document"
2026-03-28 09:31:15,670 INFO root Skipping non-brief document: "Jul 24 2023 Motion for an extension of time for the filing of the briefs on the "
2026-03-28 09:31:15,670 INFO root Processing Main Document: "Main Document"
2026-03-28 09:31:15,670 INFO root Skipping non-brief document: "Aug 10 2023 Motion to dispense with printing the joint appendix filed by petitio"
2026-03-28 09:31:15,670 INFO root Processing Main Document: "Main Document"
2026-03-28 09:31:15,670 INFO root Filename: "20230829_petitioner_Situ_Kamu_Wilkinson"
2026-03-28 09:31:15,670 INFO root Processing Main Document: "Main Document"
2026-03-28 09:31:15,671 INFO root Filename: "20230905_amici_Organizations_Assisting_Survivors_Domestic_Violence"
2026-03-28 09:31:15,671 INFO root Processing Main Document: "Main Document"
2026-03-28 09:31:15,671 INFO root Filename: "20230905_amici_Former_Executive_Office_Immigration_Review"
2026-03-28 09:31:15,671 INFO root Processing Main Document: "Main Document"
2026-03-28 09:31:15,671 INFO root Filename: "20230905_amicus_American_Immigration_Lawyers_Association"
2026-03-28 09:31:15,671 INFO root Processing Main Document: "Main Document"
2026-03-28 09:31:15,671 INFO root Filename: "20231018_respondent_Garland_Attorney_General_the_US"
2026-03-28 09:31:15,672 INFO root Processing Main Document: "Main Document"
2026-03-28 09:31:15,672 INFO root Filename: "20231117_reply_Situ_Kamu_Wilkinson"
2026-03-28 09:31:15,672 INFO root Processing Main Document: "Main Document"
2026-03-28 09:31:15,672 INFO root Skipping non-brief document: "Apr 22 2024 Judgment Issued. Main Document"
2026-03-28 09:31:15,672 INFO root Found 6 brief/reply documents for 22-666
2026-03-28 09:31:15,672 INFO root Processing 6 brief/reply documents for case 22-666
2026-03-28 09:31:19,082 INFO root SUCCESS 22-666 [1/6] → data\22-666\json\20230829_petitioner_Situ_Kamu_Wilkinson_f0651c.json
2026-03-28 09:31:20,876 WARNING pdfminer.pdfpage CropBox missing from /Page, defaulting to MediaBox
2026-03-28 09:31:20,885 WARNING pdfminer.pdfpage CropBox missing from /Page, defaulting to MediaBox
2026-03-28 09:31:20,891 WARNING pdfminer.pdfpage CropBox missing from /Page, defaulting to MediaBox
2026-03-28 09:31:20,900 WARNING pdfminer.pdfpage CropBox missing from /Page, defaulting to MediaBox
2026-03-28 09:31:20,907 WARNING pdfminer.pdfpage CropBox missing from /Page, defaulting to MediaBox
2026-03-28 09:31:20,912 WARNING pdfminer.pdfpage CropBox missing from /Page, defaulting to MediaBox
2026-03-28 09:31:20,914 WARNING pdfminer.pdfpage CropBox missing from /Page, defaulting to MediaBox
2026-03-28 09:31:20,921 WARNING pdfminer.pdfpage CropBox missing from /Page, defaulting to MediaBox
2026-03-28 09:31:20,929 WARNING pdfminer.pdfpage CropBox missing from /Page, defaulting to MediaBox
2026-03-28 09:31:20,936 WARNING pdfminer.pdfpage CropBox missing from /Page, defaulting to MediaBox
2026-03-28 09:31:20,944 WARNING pdfminer.pdfpage CropBox missing from /Page, defaulting to MediaBox
2026-03-28 09:31:20,951 WARNING pdfminer.pdfpage CropBox missing from /Page, defaulting to MediaBox
2026-03-28 09:31:20,959 WARNING pdfminer.pdfpage CropBox missing from /Page, defaulting to MediaBox
2026-03-28 09:31:20,966 WARNING pdfminer.pdfpage CropBox missing from /Page, defaulting to MediaBox
2026-03-28 09:31:20,974 WARNING pdfminer.pdfpage CropBox missing from /Page, defaulting to MediaBox
2026-03-28 09:31:20,982 WARNING pdfminer.pdfpage CropBox missing from /Page, defaulting to MediaBox
2026-03-28 09:31:20,989 WARNING pdfminer.pdfpage CropBox missing from /Page, defaulting to MediaBox
2026-03-28 09:31:20,995 WARNING pdfminer.pdfpage CropBox missing from /Page, defaulting to MediaBox
2026-03-28 09:31:21,004 WARNING pdfminer.pdfpage CropBox missing from /Page, defaulting to MediaBox
2026-03-28 09:31:21,012 WARNING pdfminer.pdfpage CropBox missing from /Page, defaulting to MediaBox
2026-03-28 09:31:21,020 WARNING pdfminer.pdfpage CropBox missing from /Page, defaulting to MediaBox
2026-03-28 09:31:21,028 WARNING pdfminer.pdfpage CropBox missing from /Page, defaulting to MediaBox
2026-03-28 09:31:21,037 WARNING pdfminer.pdfpage CropBox missing from /Page, defaulting to MediaBox
2026-03-28 09:31:21,045 WARNING pdfminer.pdfpage CropBox missing from /Page, defaulting to MediaBox
2026-03-28 09:31:21,052 WARNING pdfminer.pdfpage CropBox missing from /Page, defaulting to MediaBox
2026-03-28 09:31:21,060 WARNING pdfminer.pdfpage CropBox missing from /Page, defaulting to MediaBox
2026-03-28 09:31:21,067 WARNING pdfminer.pdfpage CropBox missing from /Page, defaulting to MediaBox
2026-03-28 09:31:21,073 INFO root SUCCESS 22-666 [2/6] → data\22-666\json\20230905_amici_Organizations_Assisting_Survivors_Domestic_Violence_ab7b66.json
2026-03-28 09:31:23,622 INFO root SUCCESS 22-666 [3/6] → data\22-666\json\20230905_amici_Former_Executive_Office_Immigration_Review_a55f55.json
2026-03-28 09:31:26,219 INFO root SUCCESS 22-666 [4/6] → data\22-666\json\20230905_amicus_American_Immigration_Lawyers_Association_54713e.json
2026-03-28 09:31:29,494 INFO root SUCCESS 22-666 [5/6] → data\22-666\json\20231018_respondent_Garland_Attorney_General_the_US_8466b7.json
2026-03-28 09:31:32,182 INFO root SUCCESS 22-666 [6/6] → data\22-666\json\20231117_reply_Situ_Kamu_Wilkinson_21e220.json
2026-03-28 09:31:32,562 INFO root Processing Main Document: "Main Document"
2026-03-28 09:31:32,563 INFO root Skipping non-brief document: "Feb 06 2023 Motion to extend the time to file a response from March 6, 2023 to A"
2026-03-28 09:31:32,563 INFO root Processing Main Document: "Main Document"
2026-03-28 09:31:32,563 INFO root Filename: "20230306_amicus_Georgia_Association_Criminal_Defense_Lawyers"
2026-03-28 09:31:32,563 INFO root Processing Main Document: "Main Document"
2026-03-28 09:31:32,563 INFO root Filename: "20230405_respondent_Georgia_opposition"
2026-03-28 09:31:32,563 INFO root Processing Main Document: "Main Document"
2026-03-28 09:31:32,563 INFO root Filename: "20230414_reply_Damian_McElrath"
2026-03-28 09:31:32,563 INFO root Processing Main Document: "Main Document"
2026-03-28 09:31:32,564 INFO root Skipping non-brief document: "Jul 10 2023 Motion for an extension of time within which to file the briefs on t"
2026-03-28 09:31:32,564 INFO root Processing Main Document: "Main Document"
2026-03-28 09:31:32,564 INFO root Filename: "20230829_petitioner_Damian_McElrath"
2026-03-28 09:31:32,564 INFO root Processing Main Document: "Main Document"
2026-03-28 09:31:32,564 INFO root Skipping non-brief document: "Aug 29 2023 Joint appendix filed.  (Statement of costs filed) Main Document Proo"
2026-03-28 09:31:32,564 INFO root Processing Main Document: "Main Document"
2026-03-28 09:31:32,564 INFO root Filename: "20230905_amicus_Georgia_Association_Criminal_Defense_Lawyers"
2026-03-28 09:31:32,564 INFO root Processing Main Document: "Main Document"
2026-03-28 09:31:32,564 INFO root Filename: "20230905_amici_National_Association_Criminal_Defense_Lawyers"
2026-03-28 09:31:32,565 INFO root Processing Main Document: "Main Document"
2026-03-28 09:31:32,565 INFO root Filename: "20231013_respondent_Georgia"
2026-03-28 09:31:32,565 INFO root Processing Main Document: "Main Document"
2026-03-28 09:31:32,565 INFO root Filename: "20231019_amicus_District_Attorneysâ_Association_Georgia_(Distributed)"
2026-03-28 09:31:32,565 INFO root Processing Main Document: "Main Document"
2026-03-28 09:31:32,565 INFO root Filename: "20231020_amici_Missouri_(Distributed)"
2026-03-28 09:31:32,565 INFO root Processing Main Document: "Main Document"
2026-03-28 09:31:32,565 INFO root Filename: "20231113_reply_Damian_McElrath"
2026-03-28 09:31:32,565 INFO root Processing Main Document: "Main Document"
2026-03-28 09:31:32,566 INFO root Skipping non-brief document: "Mar 25 2024 Judgment and Mandate Issued. Main Document"
2026-03-28 09:31:32,566 INFO root Found 10 brief/reply documents for 22-721
2026-03-28 09:31:32,566 INFO root Processing 10 brief/reply documents for case 22-721
2026-03-28 09:31:35,255 INFO root SUCCESS 22-721 [1/10] → data\22-721\json\20230306_amicus_Georgia_Association_Criminal_Defense_Lawyers_2cbffd.json
2026-03-28 09:31:37,689 INFO root SUCCESS 22-721 [2/10] → data\22-721\json\20230405_respondent_Georgia_opposition_f4d59a.json
2026-03-28 09:31:40,045 INFO root SUCCESS 22-721 [3/10] → data\22-721\json\20230414_reply_Damian_McElrath_d3d791.json
2026-03-28 09:31:42,397 WARNING pdfminer.pdfpage CropBox missing from /Page, defaulting to MediaBox
2026-03-28 09:31:42,414 WARNING pdfminer.pdfpage CropBox missing from /Page, defaulting to MediaBox
2026-03-28 09:31:42,422 WARNING pdfminer.pdfpage CropBox missing from /Page, defaulting to MediaBox
2026-03-28 09:31:42,436 WARNING pdfminer.pdfpage CropBox missing from /Page, defaulting to MediaBox
2026-03-28 09:31:42,444 WARNING pdfminer.pdfpage CropBox missing from /Page, defaulting to MediaBox
2026-03-28 09:31:42,459 WARNING pdfminer.pdfpage CropBox missing from /Page, defaulting to MediaBox
2026-03-28 09:31:42,476 WARNING pdfminer.pdfpage CropBox missing from /Page, defaulting to MediaBox
2026-03-28 09:31:42,493 WARNING pdfminer.pdfpage CropBox missing from /Page, defaulting to MediaBox
2026-03-28 09:31:42,509 WARNING pdfminer.pdfpage CropBox missing from /Page, defaulting to MediaBox
2026-03-28 09:31:42,524 WARNING pdfminer.pdfpage CropBox missing from /Page, defaulting to MediaBox
2026-03-28 09:31:42,540 WARNING pdfminer.pdfpage CropBox missing from /Page, defaulting to MediaBox
2026-03-28 09:31:42,552 WARNING pdfminer.pdfpage CropBox missing from /Page, defaulting to MediaBox
2026-03-28 09:31:42,564 WARNING pdfminer.pdfpage CropBox missing from /Page, defaulting to MediaBox
2026-03-28 09:31:42,578 WARNING pdfminer.pdfpage CropBox missing from /Page, defaulting to MediaBox
2026-03-28 09:31:42,593 WARNING pdfminer.pdfpage CropBox missing from /Page, defaulting to MediaBox
2026-03-28 09:31:42,613 WARNING pdfminer.pdfpage CropBox missing from /Page, defaulting to MediaBox
2026-03-28 09:31:42,631 WARNING pdfminer.pdfpage CropBox missing from /Page, defaulting to MediaBox
2026-03-28 09:31:42,652 WARNING pdfminer.pdfpage CropBox missing from /Page, defaulting to MediaBox
2026-03-28 09:31:42,670 WARNING pdfminer.pdfpage CropBox missing from /Page, defaulting to MediaBox
2026-03-28 09:31:42,688 WARNING pdfminer.pdfpage CropBox missing from /Page, defaulting to MediaBox
2026-03-28 09:31:42,707 WARNING pdfminer.pdfpage CropBox missing from /Page, defaulting to MediaBox
2026-03-28 09:31:42,725 WARNING pdfminer.pdfpage CropBox missing from /Page, defaulting to MediaBox
2026-03-28 09:31:42,745 WARNING pdfminer.pdfpage CropBox missing from /Page, defaulting to MediaBox
2026-03-28 09:31:42,761 WARNING pdfminer.pdfpage CropBox missing from /Page, defaulting to MediaBox
2026-03-28 09:31:42,776 WARNING pdfminer.pdfpage CropBox missing from /Page, defaulting to MediaBox
2026-03-28 09:31:42,794 WARNING pdfminer.pdfpage CropBox missing from /Page, defaulting to MediaBox
2026-03-28 09:31:42,822 WARNING pdfminer.pdfpage CropBox missing from /Page, defaulting to MediaBox
2026-03-28 09:31:42,840 WARNING pdfminer.pdfpage CropBox missing from /Page, defaulting to MediaBox
2026-03-28 09:31:42,856 WARNING pdfminer.pdfpage CropBox missing from /Page, defaulting to MediaBox
2026-03-28 09:31:42,872 WARNING pdfminer.pdfpage CropBox missing from /Page, defaulting to MediaBox
2026-03-28 09:31:42,892 WARNING pdfminer.pdfpage CropBox missing from /Page, defaulting to MediaBox
2026-03-28 09:31:42,910 WARNING pdfminer.pdfpage CropBox missing from /Page, defaulting to MediaBox
2026-03-28 09:31:42,928 WARNING pdfminer.pdfpage CropBox missing from /Page, defaulting to MediaBox
2026-03-28 09:31:42,948 WARNING pdfminer.pdfpage CropBox missing from /Page, defaulting to MediaBox
2026-03-28 09:31:42,970 WARNING pdfminer.pdfpage CropBox missing from /Page, defaulting to MediaBox
2026-03-28 09:31:42,986 WARNING pdfminer.pdfpage CropBox missing from /Page, defaulting to MediaBox
2026-03-28 09:31:43,001 WARNING pdfminer.pdfpage CropBox missing from /Page, defaulting to MediaBox
2026-03-28 09:31:43,021 WARNING pdfminer.pdfpage CropBox missing from /Page, defaulting to MediaBox
2026-03-28 09:31:43,040 WARNING pdfminer.pdfpage CropBox missing from /Page, defaulting to MediaBox
2026-03-28 09:31:43,058 WARNING pdfminer.pdfpage CropBox missing from /Page, defaulting to MediaBox
2026-03-28 09:31:43,073 WARNING pdfminer.pdfpage CropBox missing from /Page, defaulting to MediaBox
2026-03-28 09:31:43,088 WARNING pdfminer.pdfpage CropBox missing from /Page, defaulting to MediaBox
2026-03-28 09:31:43,105 WARNING pdfminer.pdfpage CropBox missing from /Page, defaulting to MediaBox
2026-03-28 09:31:43,121 WARNING pdfminer.pdfpage CropBox missing from /Page, defaulting to MediaBox
2026-03-28 09:31:43,141 WARNING pdfminer.pdfpage CropBox missing from /Page, defaulting to MediaBox
2026-03-28 09:31:43,160 WARNING pdfminer.pdfpage CropBox missing from /Page, defaulting to MediaBox
2026-03-28 09:31:43,176 WARNING pdfminer.pdfpage CropBox missing from /Page, defaulting to MediaBox
2026-03-28 09:31:43,200 WARNING pdfminer.pdfpage CropBox missing from /Page, defaulting to MediaBox
2026-03-28 09:31:43,215 WARNING pdfminer.pdfpage CropBox missing from /Page, defaulting to MediaBox
2026-03-28 09:31:43,231 WARNING pdfminer.pdfpage CropBox missing from /Page, defaulting to MediaBox
2026-03-28 09:31:43,248 WARNING pdfminer.pdfpage CropBox missing from /Page, defaulting to MediaBox
2026-03-28 09:31:43,257 WARNING pdfminer.pdfpage CropBox missing from /Page, defaulting to MediaBox
2026-03-28 09:31:43,270 INFO root SUCCESS 22-721 [4/10] → data\22-721\json\20230829_petitioner_Damian_McElrath_dcb414.json
2026-03-28 09:31:45,844 INFO root SUCCESS 22-721 [5/10] → data\22-721\json\20230905_amicus_Georgia_Association_Criminal_Defense_Lawyers_7a11c1.json
2026-03-28 09:31:48,188 INFO root SUCCESS 22-721 [6/10] → data\22-721\json\20230905_amici_National_Association_Criminal_Defense_Lawyers_f83b84.json
2026-03-28 09:31:50,681 INFO root SUCCESS 22-721 [7/10] → data\22-721\json\20231013_respondent_Georgia_918e10.json
2026-03-28 09:31:52,789 INFO root SUCCESS 22-721 [8/10] → data\22-721\json\20231019_amicus_District_Attorneysâ_Association_Georgia_(Distributed)_f79b3a.json
2026-03-28 09:31:55,143 INFO root SUCCESS 22-721 [9/10] → data\22-721\json\20231020_amici_Missouri_(Distributed)_58c418.json
2026-03-28 09:31:57,122 WARNING pdfminer.pdfpage CropBox missing from /Page, defaulting to MediaBox
2026-03-28 09:31:57,138 WARNING pdfminer.pdfpage CropBox missing from /Page, defaulting to MediaBox
2026-03-28 09:31:57,156 WARNING pdfminer.pdfpage CropBox missing from /Page, defaulting to MediaBox
2026-03-28 09:31:57,171 WARNING pdfminer.pdfpage CropBox missing from /Page, defaulting to MediaBox
2026-03-28 09:31:57,188 WARNING pdfminer.pdfpage CropBox missing from /Page, defaulting to MediaBox
2026-03-28 09:31:57,202 WARNING pdfminer.pdfpage CropBox missing from /Page, defaulting to MediaBox
2026-03-28 09:31:57,207 WARNING pdfminer.pdfpage CropBox missing from /Page, defaulting to MediaBox
2026-03-28 09:31:57,222 WARNING pdfminer.pdfpage CropBox missing from /Page, defaulting to MediaBox
2026-03-28 09:31:57,237 WARNING pdfminer.pdfpage CropBox missing from /Page, defaulting to MediaBox
2026-03-28 09:31:57,249 WARNING pdfminer.pdfpage CropBox missing from /Page, defaulting to MediaBox
2026-03-28 09:31:57,263 WARNING pdfminer.pdfpage CropBox missing from /Page, defaulting to MediaBox
2026-03-28 09:31:57,283 WARNING pdfminer.pdfpage CropBox missing from /Page, defaulting to MediaBox
2026-03-28 09:31:57,301 WARNING pdfminer.pdfpage CropBox missing from /Page, defaulting to MediaBox
2026-03-28 09:31:57,317 WARNING pdfminer.pdfpage CropBox missing from /Page, defaulting to MediaBox
2026-03-28 09:31:57,331 WARNING pdfminer.pdfpage CropBox missing from /Page, defaulting to MediaBox
2026-03-28 09:31:57,344 WARNING pdfminer.pdfpage CropBox missing from /Page, defaulting to MediaBox
2026-03-28 09:31:57,359 WARNING pdfminer.pdfpage CropBox missing from /Page, defaulting to MediaBox
2026-03-28 09:31:57,374 WARNING pdfminer.pdfpage CropBox missing from /Page, defaulting to MediaBox
2026-03-28 09:31:57,389 WARNING pdfminer.pdfpage CropBox missing from /Page, defaulting to MediaBox
2026-03-28 09:31:57,405 WARNING pdfminer.pdfpage CropBox missing from /Page, defaulting to MediaBox
2026-03-28 09:31:57,424 WARNING pdfminer.pdfpage CropBox missing from /Page, defaulting to MediaBox
2026-03-28 09:31:57,440 WARNING pdfminer.pdfpage CropBox missing from /Page, defaulting to MediaBox
2026-03-28 09:31:57,458 WARNING pdfminer.pdfpage CropBox missing from /Page, defaulting to MediaBox
2026-03-28 09:31:57,472 WARNING pdfminer.pdfpage CropBox missing from /Page, defaulting to MediaBox
2026-03-28 09:31:57,488 WARNING pdfminer.pdfpage CropBox missing from /Page, defaulting to MediaBox
2026-03-28 09:31:57,504 WARNING pdfminer.pdfpage CropBox missing from /Page, defaulting to MediaBox
2026-03-28 09:31:57,519 WARNING pdfminer.pdfpage CropBox missing from /Page, defaulting to MediaBox
2026-03-28 09:31:57,536 WARNING pdfminer.pdfpage CropBox missing from /Page, defaulting to MediaBox
2026-03-28 09:31:57,542 WARNING pdfminer.pdfpage CropBox missing from /Page, defaulting to MediaBox
2026-03-28 09:31:57,553 INFO root SUCCESS 22-721 [10/10] → data\22-721\json\20231113_reply_Damian_McElrath_de3e5f.json
2026-03-28 09:31:57,921 INFO root Processing Main Document: "Main Document"
2026-03-28 09:31:57,921 INFO root Skipping non-brief document: "Aug 11 2022 Application (22A131) to extend the time to file a petition for a wri"
2026-03-28 09:31:57,921 INFO root Processing Main Document: "Main Document"
2026-03-28 09:31:57,922 INFO root Filename: "20221017_amicus_Center_Constitutional_Jurisprudence"
2026-03-28 09:31:57,922 INFO root Processing Main Document: "Main Document"
2026-03-28 09:31:57,922 INFO root Filename: "20221021_amicus_Donald_Trump"
2026-03-28 09:31:57,922 INFO root Processing Main Document: "Main Document"
2026-03-28 09:31:57,923 INFO root Filename: "20221021_amici_Ohio"
2026-03-28 09:31:57,923 INFO root Processing Main Document: "Main Document"
2026-03-28 09:31:57,923 INFO root Filename: "20221024_amici_Reynaldo_Gonzalez"
2026-03-28 09:31:57,923 INFO root Processing Main Document: "Main Document"
2026-03-28 09:31:57,923 INFO root Filename: "20221024_respondent_Netchoice_LLC_opposition"
2026-03-28 09:31:57,923 INFO root Processing Main Document: "Main Document"
2026-03-28 09:31:57,923 INFO root Filename: "20221024_amicus_Alan_Morrison"
2026-03-28 09:31:57,923 INFO root Processing Main Document: "Main Document"
2026-03-28 09:31:57,924 INFO root Filename: "20221024_amicus_Freedom"
2026-03-28 09:31:57,924 INFO root Processing Main Document: "Main Document"
2026-03-28 09:31:57,924 INFO root Filename: "20221024_amicus_Philip_Hamburger_support_neither"
2026-03-28 09:31:57,924 INFO root Processing Main Document: "Main Document"
2026-03-28 09:31:57,924 INFO root Filename: "20221123_reply_Ashley_Moody_Attorney_General_Florida"
2026-03-28 09:31:57,924 INFO root Processing Main Document: "Main Document"
2026-03-28 09:31:57,924 INFO root Filename: "20230814_amicus_US_VIDED"
2026-03-28 09:31:57,924 INFO root Processing Main Document: "Main Document"
2026-03-28 09:31:57,924 INFO root Filename: "20231130_respondent_Netchoice_LLC"
2026-03-28 09:31:57,924 INFO root Processing Main Document: "Main Document"
2026-03-28 09:31:57,924 INFO root Skipping non-brief document: "Nov 30 2023 Joint appendix filed.  (Statement of cost received.) Main Document"
2026-03-28 09:31:57,925 INFO root Processing Main Document: "Main Document"
2026-03-28 09:31:57,925 INFO root Filename: "20231130_amicus_Media_Law_Resource_Center_Inc"
2026-03-28 09:31:57,925 INFO root Processing Main Document: "Main Document"
2026-03-28 09:31:57,925 INFO root Filename: "20231205_amicus_Professor_Eric_Goldman_VIDED"
2026-03-28 09:31:57,925 INFO root Processing Main Document: "Main Document"
2026-03-28 09:31:57,925 INFO root Filename: "20231205_amici_Internet_Works_VIDED"
2026-03-28 09:31:57,925 INFO root Processing Main Document: "Main Document"
2026-03-28 09:31:57,925 INFO root Filename: "20231205_amicus_Goldwater_Institute_VIDED"
2026-03-28 09:31:57,925 INFO root Processing Main Document: "Main Document"
2026-03-28 09:31:57,925 INFO root Filename: "20231205_amicus_Washington_Legal_Foundation_VIDED"
2026-03-28 09:31:57,925 INFO root Processing Main Document: "Main Document"
2026-03-28 09:31:57,926 INFO root Filename: "20231205_amici_Professors_Richard_Hasen_Brendan_Nyhan"
2026-03-28 09:31:57,926 INFO root Processing Main Document: "Main Document"
2026-03-28 09:31:57,926 INFO root Filename: "20231205_amici_Reporters_Committee_Freedom_Press"
2026-03-28 09:31:57,926 INFO root Processing Main Document: "Main Document"
2026-03-28 09:31:57,926 INFO root Filename: "20231206_amicus_Liberty_Justice_Center_VIDED"
2026-03-28 09:31:57,926 INFO root Processing Main Document: "Main Document"
2026-03-28 09:31:57,926 INFO root Filename: "20231206_amici_Giffords_Law_Center_Prevent"
2026-03-28 09:31:57,927 INFO root Processing Main Document: "Main Document"
2026-03-28 09:31:57,927 INFO root Filename: "20231206_amicus_Foundation_Individual_Rights_Expression_VIDED"
2026-03-28 09:31:57,927 INFO root Processing Main Document: "Main Document"
2026-03-28 09:31:57,927 INFO root Filename: "20231206_amicus_Bluesky_Public_Benefit_Corporation_Chris"
2026-03-28 09:31:57,927 INFO root Processing Main Document: "Main Document"
2026-03-28 09:31:57,927 INFO root Filename: "20231206_amici_First_Amendment_Internet_Law_Scholars"
2026-03-28 09:31:57,928 INFO root Processing Main Document: "Main Document"
2026-03-28 09:31:57,928 INFO root Filename: "20231206_amicus_Becket_Fund_Religious_Liberty"
2026-03-28 09:31:57,928 INFO root Processing Main Document: "Main Document"
2026-03-28 09:31:57,928 INFO root Filename: "20231206_amicus_Yelp_Inc_VIDED"
2026-03-28 09:31:57,928 INFO root Processing Main Document: "Main Document"
2026-03-28 09:31:57,928 INFO root Filename: "20231207_amicus_Public_Knowledge_VIDED"
2026-03-28 09:31:57,928 INFO root Processing Main Document: "Main Document"
2026-03-28 09:31:57,928 INFO root Filename: "20231207_amicus_Knight_First_Amendment_Institute"
2026-03-28 09:31:57,929 INFO root Processing Main Document: "Main Document"
2026-03-28 09:31:57,929 INFO root Filename: "20231207_amicus_Internet_Society_VIDED"
2026-03-28 09:31:57,929 INFO root Processing Main Document: "Main Document"
2026-03-28 09:31:57,929 INFO root Filename: "20231207_amicus_Economists_support_neither_party"
2026-03-28 09:31:57,929 INFO root Processing Main Document: "Main Document"
2026-03-28 09:31:57,929 INFO root Filename: "20231207_amici_Former_Representative_Christopher_Cox_Senator"
2026-03-28 09:31:57,929 INFO root Processing Main Document: "Main Document"
2026-03-28 09:31:57,929 INFO root Filename: "20231207_amicus_Engine_Advocacy_VIDED"
2026-03-28 09:31:57,929 INFO root Processing Main Document: "Main Document"
2026-03-28 09:31:57,929 INFO root Filename: "20231207_amicus_U.S_Senator_Ben_Ray_LujÃ¡n"
2026-03-28 09:31:57,930 INFO root Processing Main Document: "Main Document"
2026-03-28 09:31:57,930 INFO root Filename: "20231207_amici_Article_Global_Campaign_Free"
2026-03-28 09:31:57,930 INFO root Processing Main Document: "Main Document"
2026-03-28 09:31:57,930 INFO root Filename: "20231207_amicus_Reddit_Inc_VIDED"
2026-03-28 09:31:57,930 INFO root Processing Main Document: "Main Document"
2026-03-28 09:31:57,930 INFO root Filename: "20231207_amicus_Discord_Inc_VIDED"
2026-03-28 09:31:57,930 INFO root Processing Main Document: "Main Document"
2026-03-28 09:31:57,930 INFO root Filename: "20231207_amici_Professors_History_VIDED"
2026-03-28 09:31:57,930 INFO root Processing Main Document: "Main Document"
2026-03-28 09:31:57,931 INFO root Filename: "20231207_amicus_American_Center_Law_Justice"
2026-03-28 09:31:57,931 INFO root Processing Main Document: "Main Document"
2026-03-28 09:31:57,931 INFO root Filename: "20231207_amicus_Chamber_Commerce_US_America"
2026-03-28 09:31:57,931 INFO root Processing Main Document: "Main Document"
2026-03-28 09:31:57,931 INFO root Filename: "20231207_amicus_Cato_Institute_VIDED"
2026-03-28 09:31:57,931 INFO root Processing Main Document: "Main Document"
2026-03-28 09:31:57,932 INFO root Filename: "20231207_amici_Marketplace_Industry_Association"
2026-03-28 09:31:57,932 INFO root Processing Main Document: "Main Document"
2026-03-28 09:31:57,932 INFO root Filename: "20231207_amici_National_Security_Experts_support"
2026-03-28 09:31:57,932 INFO root Processing Main Document: "Main Document"
2026-03-28 09:31:57,932 INFO root Filename: "20231207_amici_Reason_Foundation_VIDED"
2026-03-28 09:31:57,932 INFO root Processing Main Document: "Main Document"
2026-03-28 09:31:57,933 INFO root Filename: "20231207_amicus_Protect_First_Foundation_VIDED"
2026-03-28 09:31:57,933 INFO root Processing Main Document: "Main Document"
2026-03-28 09:31:57,933 INFO root Filename: "20231207_amicus_Center_Democracy_Technology_VIDED"
2026-03-28 09:31:57,933 INFO root Processing Main Document: "Main Document"
2026-03-28 09:31:57,933 INFO root Filename: "20231207_amici_Center_Social_Media_Politics"
2026-03-28 09:31:57,933 INFO root Processing Main Document: "Main Document"
2026-03-28 09:31:57,933 INFO root Filename: "20231207_amici_PEN_American_Center_Library_Futures"
2026-03-28 09:31:57,933 INFO root Processing Main Document: "Main Document"
2026-03-28 09:31:57,933 INFO root Filename: "20231207_amici_Developers_Alliance_VIDED"
2026-03-28 09:31:57,934 INFO root Processing Main Document: "Main Document"
2026-03-28 09:31:57,934 INFO root Filename: "20231207_amicus_Wikimedia_Foundation_VIDED"
2026-03-28 09:31:57,934 INFO root Processing Main Document: "Main Document"
2026-03-28 09:31:57,934 INFO root Filename: "20231207_amicus_International_Center_Law_Economics_VIDED"
2026-03-28 09:31:57,934 INFO root Processing Main Document: "Main Document"
2026-03-28 09:31:57,934 INFO root Filename: "20231207_amicus_National_Taxpayers_Union_Foundation_VIDED"
2026-03-28 09:31:57,934 INFO root Processing Main Document: "Main Document"
2026-03-28 09:31:57,934 INFO root Filename: "20231207_amicus_TechFreedom_VIDED"
2026-03-28 09:31:57,935 INFO root Processing Main Document: "Main Document"
2026-03-28 09:31:57,935 INFO root Filename: "20231207_amicus_Francis_Fukuyama_VIDED"
2026-03-28 09:31:57,935 INFO root Processing Main Document: "Main Document"
2026-03-28 09:31:57,935 INFO root Filename: "20231207_amici_Chamber_Progress_VIDED"
2026-03-28 09:31:57,935 INFO root Processing Main Document: "Main Document"
2026-03-28 09:31:57,935 INFO root Filename: "20231207_amicus_US_VIDED"
2026-03-28 09:31:57,936 INFO root Processing Main Document: "Main Document"
2026-03-28 09:31:57,936 INFO root Filename: "20231207_amicus_Center_Business_Human_Rights_Leonard"
2026-03-28 09:31:57,936 INFO root Processing Main Document: "Main Document"
2026-03-28 09:31:57,936 INFO root Filename: "20231207_amicus_Trust_Safety_Foundation_VIDED"
2026-03-28 09:31:57,936 INFO root Processing Main Document: "Main Document"
2026-03-28 09:31:57,936 INFO root Filename: "20231207_amici_Electronic_Frontier_Foundation"
2026-03-28 09:31:57,936 INFO root Processing Main Document: "Main Document"
2026-03-28 09:31:57,936 INFO root Filename: "20231207_amicus_Professor_Christopher_Yoo_VIDED"
2026-03-28 09:31:57,937 INFO root Processing Main Document: "Main Document"
2026-03-28 09:31:57,937 INFO root Filename: "20231207_amicus_Lawyersâ_Committee_Civil_Rights_Under"
2026-03-28 09:31:57,937 INFO root Processing Main Document: "Main Document"
2026-03-28 09:31:57,937 INFO root Filename: "20231207_amicus_American_Jewish_Committee_VIDED"
2026-03-28 09:31:57,937 INFO root Processing Main Document: "Main Document"
2026-03-28 09:31:57,937 INFO root Filename: "20231207_amicus_Anti-Defamation_League_support_neither"
2026-03-28 09:31:57,937 INFO root Processing Main Document: "Main Document"
2026-03-28 09:31:57,937 INFO root Filename: "20231207_amici_New_York_VIDED"
2026-03-28 09:31:57,937 INFO root Processing Main Document: "Main Document"
2026-03-28 09:31:57,937 INFO root Filename: "20231207_amici_Center_Growth_Opportunity"
2026-03-28 09:31:57,938 INFO root Processing Main Document: "Main Document"
2026-03-28 09:31:57,938 INFO root Filename: "20231207_amicus_Americans_Prosperity_Foundation_VIDED"
2026-03-28 09:31:57,938 INFO root Processing Main Document: "Main Document"
2026-03-28 09:31:57,938 INFO root Filename: "20231207_amici_Moderators_R_Law_R_Scotus_VIDED"
2026-03-28 09:31:57,938 INFO root Processing Main Document: "Main Document"
2026-03-28 09:31:57,938 INFO root Filename: "20231207_amicus_Electronic_Privacy_Information_Center_supporting"
2026-03-28 09:31:57,938 INFO root Processing Main Document: "Main Document"
2026-03-28 09:31:57,938 INFO root Filename: "20240116_petitioner_Ashley_Moody_Attorney_General_Florida"
2026-03-28 09:31:57,938 INFO root Processing Main Document: "Main Document"
2026-03-28 09:31:57,938 INFO root Filename: "20240119_amicus_Digital_Progress_Institute_VIDED_(Distributed)"
2026-03-28 09:31:57,938 INFO root Processing Main Document: "Main Document"
2026-03-28 09:31:57,939 INFO root Filename: "20240119_amicus_Christos_Makridis_VIDED_(Distributed)"
2026-03-28 09:31:57,939 INFO root Processing Main Document: "Main Document"
2026-03-28 09:31:57,939 INFO root Filename: "20240119_amici_Legal_Scholars_Adam_Candeub"
2026-03-28 09:31:57,939 INFO root Processing Main Document: "Main Document"
2026-03-28 09:31:57,939 INFO root Filename: "20240122_amici_Missouri_VIDED_(Distributed)"
2026-03-28 09:31:57,939 INFO root Processing Main Document: "Main Document"
2026-03-28 09:31:57,939 INFO root Skipping non-brief document: "Jan 22 2024 Motion of the Solicitor General for leave to participate in oral arg"
2026-03-28 09:31:57,939 INFO root Processing Main Document: "Main Document"
2026-03-28 09:31:57,939 INFO root Filename: "20240122_amicus_Keep_Republic_VIDED_(Distributed)"
2026-03-28 09:31:57,939 INFO root Processing Main Document: "Main Document"
2026-03-28 09:31:57,939 INFO root Filename: "20240122_amicus_World_Faith_Foundation_VIDED_(Distributed)"
2026-03-28 09:31:57,939 INFO root Processing Main Document: "Main Document"
2026-03-28 09:31:57,940 INFO root Filename: "20240122_amicus_Heartland_Institute_VIDED_(Distributed)"
2026-03-28 09:31:57,940 INFO root Processing Main Document: "Main Document"
2026-03-28 09:31:57,940 INFO root Filename: "20240122_amicus_Center_renewing_America_VIDED_(Distributed)"
2026-03-28 09:31:57,940 INFO root Processing Main Document: "Main Document"
2026-03-28 09:31:57,940 INFO root Filename: "20240123_amici_Moms_Liberty_VIDED"
2026-03-28 09:31:57,940 INFO root Processing Main Document: "Main Document"
2026-03-28 09:31:57,940 INFO root Filename: "20240123_amici_iTexasPolitics_LLC_d_b_a_Texan"
2026-03-28 09:31:57,940 INFO root Processing Main Document: "Main Document"
2026-03-28 09:31:57,941 INFO root Filename: "20240123_amicus_Center_Constitutional_Jurisprudence_VIDED_(Distributed)"
2026-03-28 09:31:57,941 INFO root Processing Main Document: "Main Document"
2026-03-28 09:31:57,941 INFO root Filename: "20240123_amicus_American_Principles_Project_VIDED_(Distributed)"
2026-03-28 09:31:57,941 INFO root Processing Main Document: "Main Document"
2026-03-28 09:31:57,942 INFO root Filename: "20240123_amicus_Rutherford_Institute_VIDED_(Distributed)"
2026-03-28 09:31:57,942 INFO root Processing Main Document: "Main Document"
2026-03-28 09:31:57,942 INFO root Filename: "20240123_amicus_Childrenâs_Health_Defense_VIDED_(Distributed)"
2026-03-28 09:31:57,942 INFO root Processing Main Document: "Main Document"
2026-03-28 09:31:57,942 INFO root Filename: "20240123_amicus_Eric_Rasmusen_VIDED_(Distributed)"
2026-03-28 09:31:57,942 INFO root Processing Main Document: "Main Document"
2026-03-28 09:31:57,942 INFO root Filename: "20240123_amicus_Donald_Trump_(Distributed)"
2026-03-28 09:31:57,943 INFO root Processing Main Document: "Main Document"
2026-03-28 09:31:57,943 INFO root Filename: "20240123_amicus_Center_American_Liberty_VIDED_(Distributed)"
2026-03-28 09:31:57,943 INFO root Processing Main Document: "Main Document"
2026-03-28 09:31:57,943 INFO root Filename: "20240123_amicus_Donald_Landry_VIDED_(Distributed)"
2026-03-28 09:31:57,943 INFO root Processing Main Document: "Main Document"
2026-03-28 09:31:57,943 INFO root Filename: "20240123_amici_Babylon_Bee_Not_Bee_VIDED"
2026-03-28 09:31:57,943 INFO root Processing Main Document: "Main Document"
2026-03-28 09:31:57,943 INFO root Filename: "20240123_amicus_Open_Markets_Institute_(Jan"
2026-03-28 09:31:57,943 INFO root Processing Main Document: "Main Document"
2026-03-28 09:31:57,944 INFO root Filename: "20240123_amicus_Populi_VIDED_(Distributed)"
2026-03-28 09:31:57,944 INFO root Processing Main Document: "Main Document"
2026-03-28 09:31:57,944 INFO root Filename: "20240215_reply_Netchoice_LLC"
2026-03-28 09:31:57,944 INFO root Processing Main Document: "Main Document"
2026-03-28 09:31:57,944 INFO root Skipping non-brief document: "Aug 02 2024 Judgment Issued. Main Document"
2026-03-28 09:31:57,944 INFO root Found 89 brief/reply documents for 22-277
2026-03-28 09:31:57,944 INFO root Processing 89 brief/reply documents for case 22-277
2026-03-28 09:32:00,137 WARNING pdfminer.pdfpage CropBox missing from /Page, defaulting to MediaBox
2026-03-28 09:32:00,160 WARNING pdfminer.pdfpage CropBox missing from /Page, defaulting to MediaBox
2026-03-28 09:32:00,177 WARNING pdfminer.pdfpage CropBox missing from /Page, defaulting to MediaBox
2026-03-28 09:32:00,201 WARNING pdfminer.pdfpage CropBox missing from /Page, defaulting to MediaBox
2026-03-28 09:32:00,231 WARNING pdfminer.pdfpage CropBox missing from /Page, defaulting to MediaBox
2026-03-28 09:32:00,235 WARNING pdfminer.pdfpage CropBox missing from /Page, defaulting to MediaBox
2026-03-28 09:32:00,255 WARNING pdfminer.pdfpage CropBox missing from /Page, defaulting to MediaBox
2026-03-28 09:32:00,272 WARNING pdfminer.pdfpage CropBox missing from /Page, defaulting to MediaBox
2026-03-28 09:32:00,292 WARNING pdfminer.pdfpage CropBox missing from /Page, defaulting to MediaBox
2026-03-28 09:32:00,313 WARNING pdfminer.pdfpage CropBox missing from /Page, defaulting to MediaBox
2026-03-28 09:32:00,334 WARNING pdfminer.pdfpage CropBox missing from /Page, defaulting to MediaBox
2026-03-28 09:32:00,357 WARNING pdfminer.pdfpage CropBox missing from /Page, defaulting to MediaBox
2026-03-28 09:32:00,407 WARNING pdfminer.pdfpage CropBox missing from /Page, defaulting to MediaBox
2026-03-28 09:32:00,461 WARNING pdfminer.pdfpage CropBox missing from /Page, defaulting to MediaBox
2026-03-28 09:32:00,516 WARNING pdfminer.pdfpage CropBox missing from /Page, defaulting to MediaBox
2026-03-28 09:32:00,543 WARNING pdfminer.pdfpage CropBox missing from /Page, defaulting to MediaBox
2026-03-28 09:32:00,556 INFO root SUCCESS 22-277 [1/89] → data\22-277\json\20221017_amicus_Center_Constitutional_Jurisprudence_978205.json
2026-03-28 09:32:02,647 INFO root SUCCESS 22-277 [2/89] → data\22-277\json\20221021_amicus_Donald_Trump_910693.json
2026-03-28 09:32:04,719 WARNING pdfminer.pdfpage CropBox missing from /Page, defaulting to MediaBox
2026-03-28 09:32:04,752 WARNING pdfminer.pdfpage CropBox missing from /Page, defaulting to MediaBox
2026-03-28 09:32:04,765 WARNING pdfminer.pdfpage CropBox missing from /Page, defaulting to MediaBox
2026-03-28 09:32:04,781 WARNING pdfminer.pdfpage CropBox missing from /Page, defaulting to MediaBox
2026-03-28 09:32:04,803 WARNING pdfminer.pdfpage CropBox missing from /Page, defaulting to MediaBox
2026-03-28 09:32:04,819 WARNING pdfminer.pdfpage CropBox missing from /Page, defaulting to MediaBox
2026-03-28 09:32:04,834 WARNING pdfminer.pdfpage CropBox missing from /Page, defaulting to MediaBox
2026-03-28 09:32:04,850 WARNING pdfminer.pdfpage CropBox missing from /Page, defaulting to MediaBox
2026-03-28 09:32:04,865 WARNING pdfminer.pdfpage CropBox missing from /Page, defaulting to MediaBox
2026-03-28 09:32:04,880 WARNING pdfminer.pdfpage CropBox missing from /Page, defaulting to MediaBox
2026-03-28 09:32:04,914 WARNING pdfminer.pdfpage CropBox missing from /Page, defaulting to MediaBox
2026-03-28 09:32:04,951 WARNING pdfminer.pdfpage CropBox missing from /Page, defaulting to MediaBox
2026-03-28 09:32:04,972 WARNING pdfminer.pdfpage CropBox missing from /Page, defaulting to MediaBox
2026-03-28 09:32:05,000 WARNING pdfminer.pdfpage CropBox missing from /Page, defaulting to MediaBox
2026-03-28 09:32:05,049 WARNING pdfminer.pdfpage CropBox missing from /Page, defaulting to MediaBox
2026-03-28 09:32:05,090 WARNING pdfminer.pdfpage CropBox missing from /Page, defaulting to MediaBox
2026-03-28 09:32:05,142 WARNING pdfminer.pdfpage CropBox missing from /Page, defaulting to MediaBox
2026-03-28 09:32:05,187 WARNING pdfminer.pdfpage CropBox missing from /Page, defaulting to MediaBox
2026-03-28 09:32:05,231 WARNING pdfminer.pdfpage CropBox missing from /Page, defaulting to MediaBox
2026-03-28 09:32:05,272 WARNING pdfminer.pdfpage CropBox missing from /Page, defaulting to MediaBox
2026-03-28 09:32:05,318 WARNING pdfminer.pdfpage CropBox missing from /Page, defaulting to MediaBox
2026-03-28 09:32:05,369 WARNING pdfminer.pdfpage CropBox missing from /Page, defaulting to MediaBox
2026-03-28 09:32:05,409 WARNING pdfminer.pdfpage CropBox missing from /Page, defaulting to MediaBox
2026-03-28 09:32:05,442 WARNING pdfminer.pdfpage CropBox missing from /Page, defaulting to MediaBox
2026-03-28 09:32:05,461 WARNING pdfminer.pdfpage CropBox missing from /Page, defaulting to MediaBox
2026-03-28 09:32:05,480 WARNING pdfminer.pdfpage CropBox missing from /Page, defaulting to MediaBox
2026-03-28 09:32:05,497 WARNING pdfminer.pdfpage CropBox missing from /Page, defaulting to MediaBox
2026-03-28 09:32:05,516 WARNING pdfminer.pdfpage CropBox missing from /Page, defaulting to MediaBox
2026-03-28 09:32:05,534 WARNING pdfminer.pdfpage CropBox missing from /Page, defaulting to MediaBox
2026-03-28 09:32:05,553 WARNING pdfminer.pdfpage CropBox missing from /Page, defaulting to MediaBox
2026-03-28 09:32:05,573 WARNING pdfminer.pdfpage CropBox missing from /Page, defaulting to MediaBox
2026-03-28 09:32:05,593 WARNING pdfminer.pdfpage CropBox missing from /Page, defaulting to MediaBox
2026-03-28 09:32:05,602 WARNING pdfminer.pdfpage CropBox missing from /Page, defaulting to MediaBox
2026-03-28 09:32:05,613 WARNING pdfminer.pdfpage CropBox missing from /Page, defaulting to MediaBox
2026-03-28 09:32:05,624 WARNING pdfminer.pdfpage CropBox missing from /Page, defaulting to MediaBox
2026-03-28 09:32:05,630 INFO root SUCCESS 22-277 [3/89] → data\22-277\json\20221021_amici_Ohio_2c515b.json
2026-03-28 09:32:07,762 INFO root SUCCESS 22-277 [4/89] → data\22-277\json\20221024_amici_Reynaldo_Gonzalez_fa0e29.json
2026-03-28 09:32:10,767 INFO root SUCCESS 22-277 [5/89] → data\22-277\json\20221024_respondent_Netchoice_LLC_opposition_9bfacc.json
2026-03-28 09:32:12,978 WARNING pdfminer.pdfpage CropBox missing from /Page, defaulting to MediaBox
2026-03-28 09:32:12,987 WARNING pdfminer.pdfpage CropBox missing from /Page, defaulting to MediaBox
2026-03-28 09:32:12,993 WARNING pdfminer.pdfpage CropBox missing from /Page, defaulting to MediaBox
2026-03-28 09:32:12,997 WARNING pdfminer.pdfpage CropBox missing from /Page, defaulting to MediaBox
2026-03-28 09:32:13,010 WARNING pdfminer.pdfpage CropBox missing from /Page, defaulting to MediaBox
2026-03-28 09:32:13,018 WARNING pdfminer.pdfpage CropBox missing from /Page, defaulting to MediaBox
2026-03-28 09:32:13,023 WARNING pdfminer.pdfpage CropBox missing from /Page, defaulting to MediaBox
2026-03-28 09:32:13,036 WARNING pdfminer.pdfpage CropBox missing from /Page, defaulting to MediaBox
2026-03-28 09:32:13,045 WARNING pdfminer.pdfpage CropBox missing from /Page, defaulting to MediaBox
2026-03-28 09:32:13,056 WARNING pdfminer.pdfpage CropBox missing from /Page, defaulting to MediaBox
2026-03-28 09:32:13,068 WARNING pdfminer.pdfpage CropBox missing from /Page, defaulting to MediaBox
2026-03-28 09:32:13,080 WARNING pdfminer.pdfpage CropBox missing from /Page, defaulting to MediaBox
2026-03-28 09:32:13,090 WARNING pdfminer.pdfpage CropBox missing from /Page, defaulting to MediaBox
2026-03-28 09:32:13,101 WARNING pdfminer.pdfpage CropBox missing from /Page, defaulting to MediaBox
2026-03-28 09:32:13,112 WARNING pdfminer.pdfpage CropBox missing from /Page, defaulting to MediaBox
2026-03-28 09:32:13,127 WARNING pdfminer.pdfpage CropBox missing from /Page, defaulting to MediaBox
2026-03-28 09:32:13,143 WARNING pdfminer.pdfpage CropBox missing from /Page, defaulting to MediaBox
2026-03-28 09:32:13,155 WARNING pdfminer.pdfpage CropBox missing from /Page, defaulting to MediaBox
2026-03-28 09:32:13,179 WARNING pdfminer.pdfpage CropBox missing from /Page, defaulting to MediaBox
2026-03-28 09:32:13,204 WARNING pdfminer.pdfpage CropBox missing from /Page, defaulting to MediaBox
2026-03-28 09:32:13,227 WARNING pdfminer.pdfpage CropBox missing from /Page, defaulting to MediaBox
2026-03-28 09:32:13,241 WARNING pdfminer.pdfpage CropBox missing from /Page, defaulting to MediaBox
2026-03-28 09:32:13,251 WARNING pdfminer.pdfpage CropBox missing from /Page, defaulting to MediaBox
2026-03-28 09:32:13,258 INFO root SUCCESS 22-277 [6/89] → data\22-277\json\20221024_amicus_Alan_Morrison_185da7.json
2026-03-28 09:32:15,559 INFO root SUCCESS 22-277 [7/89] → data\22-277\json\20221024_amicus_Freedom_f83258.json
2026-03-28 09:32:17,687 WARNING pdfminer.pdfpage CropBox missing from /Page, defaulting to MediaBox
2026-03-28 09:32:17,709 WARNING pdfminer.pdfpage CropBox missing from /Page, defaulting to MediaBox
2026-03-28 09:32:17,714 WARNING pdfminer.pdfpage CropBox missing from /Page, defaulting to MediaBox
2026-03-28 09:32:17,735 WARNING pdfminer.pdfpage CropBox missing from /Page, defaulting to MediaBox
2026-03-28 09:32:17,752 WARNING pdfminer.pdfpage CropBox missing from /Page, defaulting to MediaBox
2026-03-28 09:32:17,768 WARNING pdfminer.pdfpage CropBox missing from /Page, defaulting to MediaBox
2026-03-28 09:32:17,774 WARNING pdfminer.pdfpage CropBox missing from /Page, defaulting to MediaBox
2026-03-28 09:32:17,790 WARNING pdfminer.pdfpage CropBox missing from /Page, defaulting to MediaBox
2026-03-28 09:32:17,808 WARNING pdfminer.pdfpage CropBox missing from /Page, defaulting to MediaBox
2026-03-28 09:32:17,822 WARNING pdfminer.pdfpage CropBox missing from /Page, defaulting to MediaBox
2026-03-28 09:32:17,837 WARNING pdfminer.pdfpage CropBox missing from /Page, defaulting to MediaBox
2026-03-28 09:32:17,851 WARNING pdfminer.pdfpage CropBox missing from /Page, defaulting to MediaBox
2026-03-28 09:32:17,867 WARNING pdfminer.pdfpage CropBox missing from /Page, defaulting to MediaBox
2026-03-28 09:32:17,881 WARNING pdfminer.pdfpage CropBox missing from /Page, defaulting to MediaBox
2026-03-28 09:32:17,896 WARNING pdfminer.pdfpage CropBox missing from /Page, defaulting to MediaBox
2026-03-28 09:32:17,910 WARNING pdfminer.pdfpage CropBox missing from /Page, defaulting to MediaBox
2026-03-28 09:32:17,928 WARNING pdfminer.pdfpage CropBox missing from /Page, defaulting to MediaBox
2026-03-28 09:32:17,946 WARNING pdfminer.pdfpage CropBox missing from /Page, defaulting to MediaBox
2026-03-28 09:32:17,963 WARNING pdfminer.pdfpage CropBox missing from /Page, defaulting to MediaBox
2026-03-28 09:32:17,980 WARNING pdfminer.pdfpage CropBox missing from /Page, defaulting to MediaBox
2026-03-28 09:32:17,994 WARNING pdfminer.pdfpage CropBox missing from /Page, defaulting to MediaBox
2026-03-28 09:32:18,008 WARNING pdfminer.pdfpage CropBox missing from /Page, defaulting to MediaBox
2026-03-28 09:32:18,024 WARNING pdfminer.pdfpage CropBox missing from /Page, defaulting to MediaBox
2026-03-28 09:32:18,038 WARNING pdfminer.pdfpage CropBox missing from /Page, defaulting to MediaBox
2026-03-28 09:32:18,054 WARNING pdfminer.pdfpage CropBox missing from /Page, defaulting to MediaBox
2026-03-28 09:32:18,068 WARNING pdfminer.pdfpage CropBox missing from /Page, defaulting to MediaBox
2026-03-28 09:32:18,083 WARNING pdfminer.pdfpage CropBox missing from /Page, defaulting to MediaBox
2026-03-28 09:32:18,096 WARNING pdfminer.pdfpage CropBox missing from /Page, defaulting to MediaBox
2026-03-28 09:32:18,115 WARNING pdfminer.pdfpage CropBox missing from /Page, defaulting to MediaBox
2026-03-28 09:32:18,130 WARNING pdfminer.pdfpage CropBox missing from /Page, defaulting to MediaBox
2026-03-28 09:32:18,144 WARNING pdfminer.pdfpage CropBox missing from /Page, defaulting to MediaBox
2026-03-28 09:32:18,158 INFO root SUCCESS 22-277 [8/89] → data\22-277\json\20221024_amicus_Philip_Hamburger_support_neither_8d8871.json
2026-03-28 09:32:20,184 INFO root SUCCESS 22-277 [9/89] → data\22-277\json\20221123_reply_Ashley_Moody_Attorney_General_Florida_641340.json
2026-03-28 09:32:22,602 INFO root SUCCESS 22-277 [10/89] → data\22-277\json\20230814_amicus_US_VIDED_21e9dd.json
2026-03-28 09:32:25,318 INFO root SUCCESS 22-277 [11/89] → data\22-277\json\20231130_respondent_Netchoice_LLC_559c41.json
2026-03-28 09:32:27,469 INFO root SUCCESS 22-277 [12/89] → data\22-277\json\20231130_amicus_Media_Law_Resource_Center_Inc_6698b1.json
2026-03-28 09:32:29,617 INFO root SUCCESS 22-277 [13/89] → data\22-277\json\20231205_amicus_Professor_Eric_Goldman_VIDED_805d31.json
2026-03-28 09:32:31,907 INFO root SUCCESS 22-277 [14/89] → data\22-277\json\20231205_amici_Internet_Works_VIDED_925654.json
2026-03-28 09:32:34,129 INFO root SUCCESS 22-277 [15/89] → data\22-277\json\20231205_amicus_Goldwater_Institute_VIDED_69dc71.json
2026-03-28 09:32:36,083 WARNING pdfminer.pdfpage CropBox missing from /Page, defaulting to MediaBox
2026-03-28 09:32:36,108 WARNING pdfminer.pdfpage CropBox missing from /Page, defaulting to MediaBox
2026-03-28 09:32:36,112 WARNING pdfminer.pdfpage CropBox missing from /Page, defaulting to MediaBox
2026-03-28 09:32:36,134 WARNING pdfminer.pdfpage CropBox missing from /Page, defaulting to MediaBox
2026-03-28 09:32:36,156 WARNING pdfminer.pdfpage CropBox missing from /Page, defaulting to MediaBox
2026-03-28 09:32:36,174 WARNING pdfminer.pdfpage CropBox missing from /Page, defaulting to MediaBox
2026-03-28 09:32:36,187 WARNING pdfminer.pdfpage CropBox missing from /Page, defaulting to MediaBox
2026-03-28 09:32:36,205 WARNING pdfminer.pdfpage CropBox missing from /Page, defaulting to MediaBox
2026-03-28 09:32:36,221 WARNING pdfminer.pdfpage CropBox missing from /Page, defaulting to MediaBox
2026-03-28 09:32:36,238 WARNING pdfminer.pdfpage CropBox missing from /Page, defaulting to MediaBox
2026-03-28 09:32:36,257 WARNING pdfminer.pdfpage CropBox missing from /Page, defaulting to MediaBox
2026-03-28 09:32:36,275 WARNING pdfminer.pdfpage CropBox missing from /Page, defaulting to MediaBox
2026-03-28 09:32:36,291 WARNING pdfminer.pdfpage CropBox missing from /Page, defaulting to MediaBox
2026-03-28 09:32:36,314 WARNING pdfminer.pdfpage CropBox missing from /Page, defaulting to MediaBox
2026-03-28 09:32:36,337 WARNING pdfminer.pdfpage CropBox missing from /Page, defaulting to MediaBox
2026-03-28 09:32:36,354 WARNING pdfminer.pdfpage CropBox missing from /Page, defaulting to MediaBox
2026-03-28 09:32:36,372 WARNING pdfminer.pdfpage CropBox missing from /Page, defaulting to MediaBox
2026-03-28 09:32:36,389 WARNING pdfminer.pdfpage CropBox missing from /Page, defaulting to MediaBox
2026-03-28 09:32:36,407 WARNING pdfminer.pdfpage CropBox missing from /Page, defaulting to MediaBox
2026-03-28 09:32:36,424 WARNING pdfminer.pdfpage CropBox missing from /Page, defaulting to MediaBox
2026-03-28 09:32:36,442 WARNING pdfminer.pdfpage CropBox missing from /Page, defaulting to MediaBox
2026-03-28 09:32:36,458 WARNING pdfminer.pdfpage CropBox missing from /Page, defaulting to MediaBox
2026-03-28 09:32:36,477 WARNING pdfminer.pdfpage CropBox missing from /Page, defaulting to MediaBox
2026-03-28 09:32:36,495 WARNING pdfminer.pdfpage CropBox missing from /Page, defaulting to MediaBox
2026-03-28 09:32:36,510 INFO root SUCCESS 22-277 [16/89] → data\22-277\json\20231205_amicus_Washington_Legal_Foundation_VIDED_56a0d6.json
2026-03-28 09:32:38,682 WARNING pdfminer.pdfpage CropBox missing from /Page, defaulting to MediaBox
2026-03-28 09:32:38,701 WARNING pdfminer.pdfpage CropBox missing from /Page, defaulting to MediaBox
2026-03-28 09:32:38,709 WARNING pdfminer.pdfpage CropBox missing from /Page, defaulting to MediaBox
2026-03-28 09:32:38,712 WARNING pdfminer.pdfpage CropBox missing from /Page, defaulting to MediaBox
2026-03-28 09:32:38,723 WARNING pdfminer.pdfpage CropBox missing from /Page, defaulting to MediaBox
2026-03-28 09:32:38,736 WARNING pdfminer.pdfpage CropBox missing from /Page, defaulting to MediaBox
2026-03-28 09:32:38,747 WARNING pdfminer.pdfpage CropBox missing from /Page, defaulting to MediaBox
2026-03-28 09:32:38,757 WARNING pdfminer.pdfpage CropBox missing from /Page, defaulting to MediaBox
2026-03-28 09:32:38,768 WARNING pdfminer.pdfpage CropBox missing from /Page, defaulting to MediaBox
2026-03-28 09:32:38,779 WARNING pdfminer.pdfpage CropBox missing from /Page, defaulting to MediaBox
2026-03-28 09:32:38,790 WARNING pdfminer.pdfpage CropBox missing from /Page, defaulting to MediaBox
2026-03-28 09:32:38,800 WARNING pdfminer.pdfpage CropBox missing from /Page, defaulting to MediaBox
2026-03-28 09:32:38,812 WARNING pdfminer.pdfpage CropBox missing from /Page, defaulting to MediaBox
2026-03-28 09:32:38,823 WARNING pdfminer.pdfpage CropBox missing from /Page, defaulting to MediaBox
2026-03-28 09:32:38,833 WARNING pdfminer.pdfpage CropBox missing from /Page, defaulting to MediaBox
2026-03-28 09:32:38,844 WARNING pdfminer.pdfpage CropBox missing from /Page, defaulting to MediaBox
2026-03-28 09:32:38,856 WARNING pdfminer.pdfpage CropBox missing from /Page, defaulting to MediaBox
2026-03-28 09:32:38,869 WARNING pdfminer.pdfpage CropBox missing from /Page, defaulting to MediaBox
2026-03-28 09:32:38,884 WARNING pdfminer.pdfpage CropBox missing from /Page, defaulting to MediaBox
2026-03-28 09:32:38,899 WARNING pdfminer.pdfpage CropBox missing from /Page, defaulting to MediaBox
2026-03-28 09:32:38,913 WARNING pdfminer.pdfpage CropBox missing from /Page, defaulting to MediaBox
2026-03-28 09:32:38,928 WARNING pdfminer.pdfpage CropBox missing from /Page, defaulting to MediaBox
2026-03-28 09:32:38,942 WARNING pdfminer.pdfpage CropBox missing from /Page, defaulting to MediaBox
2026-03-28 09:32:38,955 WARNING pdfminer.pdfpage CropBox missing from /Page, defaulting to MediaBox
2026-03-28 09:32:38,967 WARNING pdfminer.pdfpage CropBox missing from /Page, defaulting to MediaBox
2026-03-28 09:32:38,983 WARNING pdfminer.pdfpage CropBox missing from /Page, defaulting to MediaBox
2026-03-28 09:32:38,998 WARNING pdfminer.pdfpage CropBox missing from /Page, defaulting to MediaBox
2026-03-28 09:32:39,015 WARNING pdfminer.pdfpage CropBox missing from /Page, defaulting to MediaBox
2026-03-28 09:32:39,030 WARNING pdfminer.pdfpage CropBox missing from /Page, defaulting to MediaBox
2026-03-28 09:32:39,046 WARNING pdfminer.pdfpage CropBox missing from /Page, defaulting to MediaBox
2026-03-28 09:32:39,058 WARNING pdfminer.pdfpage CropBox missing from /Page, defaulting to MediaBox
2026-03-28 09:32:39,075 WARNING pdfminer.pdfpage CropBox missing from /Page, defaulting to MediaBox
2026-03-28 09:32:39,089 WARNING pdfminer.pdfpage CropBox missing from /Page, defaulting to MediaBox
2026-03-28 09:32:39,106 WARNING pdfminer.pdfpage CropBox missing from /Page, defaulting to MediaBox
2026-03-28 09:32:39,123 WARNING pdfminer.pdfpage CropBox missing from /Page, defaulting to MediaBox
2026-03-28 09:32:39,136 WARNING pdfminer.pdfpage CropBox missing from /Page, defaulting to MediaBox
2026-03-28 09:32:39,149 WARNING pdfminer.pdfpage CropBox missing from /Page, defaulting to MediaBox
2026-03-28 09:32:39,162 WARNING pdfminer.pdfpage CropBox missing from /Page, defaulting to MediaBox
2026-03-28 09:32:39,178 WARNING pdfminer.pdfpage CropBox missing from /Page, defaulting to MediaBox
2026-03-28 09:32:39,191 WARNING pdfminer.pdfpage CropBox missing from /Page, defaulting to MediaBox
2026-03-28 09:32:39,204 WARNING pdfminer.pdfpage CropBox missing from /Page, defaulting to MediaBox
2026-03-28 09:32:39,218 WARNING pdfminer.pdfpage CropBox missing from /Page, defaulting to MediaBox
2026-03-28 09:32:39,230 WARNING pdfminer.pdfpage CropBox missing from /Page, defaulting to MediaBox
2026-03-28 09:32:39,244 WARNING pdfminer.pdfpage CropBox missing from /Page, defaulting to MediaBox
2026-03-28 09:32:39,260 WARNING pdfminer.pdfpage CropBox missing from /Page, defaulting to MediaBox
2026-03-28 09:32:39,275 WARNING pdfminer.pdfpage CropBox missing from /Page, defaulting to MediaBox
2026-03-28 09:32:39,288 WARNING pdfminer.pdfpage CropBox missing from /Page, defaulting to MediaBox
2026-03-28 09:32:39,302 WARNING pdfminer.pdfpage CropBox missing from /Page, defaulting to MediaBox
2026-03-28 09:32:39,315 WARNING pdfminer.pdfpage CropBox missing from /Page, defaulting to MediaBox
2026-03-28 09:32:39,331 WARNING pdfminer.pdfpage CropBox missing from /Page, defaulting to MediaBox
2026-03-28 09:32:39,345 WARNING pdfminer.pdfpage CropBox missing from /Page, defaulting to MediaBox
2026-03-28 09:32:39,360 INFO root SUCCESS 22-277 [17/89] → data\22-277\json\20231205_amici_Professors_Richard_Hasen_Brendan_Nyhan_fa3b3c.json
2026-03-28 09:32:42,198 INFO root SUCCESS 22-277 [18/89] → data\22-277\json\20231205_amici_Reporters_Committee_Freedom_Press_606241.json
2026-03-28 09:32:44,230 WARNING pdfminer.pdfpage CropBox missing from /Page, defaulting to MediaBox
2026-03-28 09:32:44,247 WARNING pdfminer.pdfpage CropBox missing from /Page, defaulting to MediaBox
2026-03-28 09:32:44,250 WARNING pdfminer.pdfpage CropBox missing from /Page, defaulting to MediaBox
2026-03-28 09:32:44,256 WARNING pdfminer.pdfpage CropBox missing from /Page, defaulting to MediaBox
2026-03-28 09:32:44,269 WARNING pdfminer.pdfpage CropBox missing from /Page, defaulting to MediaBox
2026-03-28 09:32:44,281 WARNING pdfminer.pdfpage CropBox missing from /Page, defaulting to MediaBox
2026-03-28 09:32:44,294 WARNING pdfminer.pdfpage CropBox missing from /Page, defaulting to MediaBox
2026-03-28 09:32:44,307 WARNING pdfminer.pdfpage CropBox missing from /Page, defaulting to MediaBox
2026-03-28 09:32:44,319 WARNING pdfminer.pdfpage CropBox missing from /Page, defaulting to MediaBox
2026-03-28 09:32:44,331 WARNING pdfminer.pdfpage CropBox missing from /Page, defaulting to MediaBox
2026-03-28 09:32:44,343 WARNING pdfminer.pdfpage CropBox missing from /Page, defaulting to MediaBox
2026-03-28 09:32:44,355 WARNING pdfminer.pdfpage CropBox missing from /Page, defaulting to MediaBox
2026-03-28 09:32:44,368 WARNING pdfminer.pdfpage CropBox missing from /Page, defaulting to MediaBox
2026-03-28 09:32:44,381 WARNING pdfminer.pdfpage CropBox missing from /Page, defaulting to MediaBox
2026-03-28 09:32:44,392 WARNING pdfminer.pdfpage CropBox missing from /Page, defaulting to MediaBox
2026-03-28 09:32:44,405 WARNING pdfminer.pdfpage CropBox missing from /Page, defaulting to MediaBox
2026-03-28 09:32:44,418 WARNING pdfminer.pdfpage CropBox missing from /Page, defaulting to MediaBox
2026-03-28 09:32:44,431 WARNING pdfminer.pdfpage CropBox missing from /Page, defaulting to MediaBox
2026-03-28 09:32:44,441 INFO root SUCCESS 22-277 [19/89] → data\22-277\json\20231206_amicus_Liberty_Justice_Center_VIDED_019ab5.json
2026-03-28 09:32:46,468 INFO root SUCCESS 22-277 [20/89] → data\22-277\json\20231206_amici_Giffords_Law_Center_Prevent_6bf4c0.json
2026-03-28 09:32:48,640 WARNING pdfminer.pdfpage CropBox missing from /Page, defaulting to MediaBox
2026-03-28 09:32:48,660 WARNING pdfminer.pdfpage CropBox missing from /Page, defaulting to MediaBox
2026-03-28 09:32:48,669 WARNING pdfminer.pdfpage CropBox missing from /Page, defaulting to MediaBox
2026-03-28 09:32:48,685 WARNING pdfminer.pdfpage CropBox missing from /Page, defaulting to MediaBox
2026-03-28 09:32:48,707 WARNING pdfminer.pdfpage CropBox missing from /Page, defaulting to MediaBox
2026-03-28 09:32:48,730 WARNING pdfminer.pdfpage CropBox missing from /Page, defaulting to MediaBox
2026-03-28 09:32:48,755 WARNING pdfminer.pdfpage CropBox missing from /Page, defaulting to MediaBox
2026-03-28 09:32:48,786 WARNING pdfminer.pdfpage CropBox missing from /Page, defaulting to MediaBox
2026-03-28 09:32:48,805 WARNING pdfminer.pdfpage CropBox missing from /Page, defaulting to MediaBox
2026-03-28 09:32:48,819 WARNING pdfminer.pdfpage CropBox missing from /Page, defaulting to MediaBox
2026-03-28 09:32:48,833 WARNING pdfminer.pdfpage CropBox missing from /Page, defaulting to MediaBox
2026-03-28 09:32:48,855 WARNING pdfminer.pdfpage CropBox missing from /Page, defaulting to MediaBox
2026-03-28 09:32:48,872 WARNING pdfminer.pdfpage CropBox missing from /Page, defaulting to MediaBox
2026-03-28 09:32:48,888 WARNING pdfminer.pdfpage CropBox missing from /Page, defaulting to MediaBox
2026-03-28 09:32:48,905 WARNING pdfminer.pdfpage CropBox missing from /Page, defaulting to MediaBox
2026-03-28 09:32:48,918 WARNING pdfminer.pdfpage CropBox missing from /Page, defaulting to MediaBox
2026-03-28 09:32:48,931 WARNING pdfminer.pdfpage CropBox missing from /Page, defaulting to MediaBox
2026-03-28 09:32:48,943 WARNING pdfminer.pdfpage CropBox missing from /Page, defaulting to MediaBox
2026-03-28 09:32:48,954 WARNING pdfminer.pdfpage CropBox missing from /Page, defaulting to MediaBox
2026-03-28 09:32:48,970 WARNING pdfminer.pdfpage CropBox missing from /Page, defaulting to MediaBox
2026-03-28 09:32:48,985 WARNING pdfminer.pdfpage CropBox missing from /Page, defaulting to MediaBox
2026-03-28 09:32:49,000 WARNING pdfminer.pdfpage CropBox missing from /Page, defaulting to MediaBox
2026-03-28 09:32:49,015 WARNING pdfminer.pdfpage CropBox missing from /Page, defaulting to MediaBox
2026-03-28 09:32:49,032 WARNING pdfminer.pdfpage CropBox missing from /Page, defaulting to MediaBox
2026-03-28 09:32:49,051 WARNING pdfminer.pdfpage CropBox missing from /Page, defaulting to MediaBox
2026-03-28 09:32:49,067 WARNING pdfminer.pdfpage CropBox missing from /Page, defaulting to MediaBox
2026-03-28 09:32:49,082 WARNING pdfminer.pdfpage CropBox missing from /Page, defaulting to MediaBox
2026-03-28 09:32:49,099 WARNING pdfminer.pdfpage CropBox missing from /Page, defaulting to MediaBox
2026-03-28 09:32:49,114 WARNING pdfminer.pdfpage CropBox missing from /Page, defaulting to MediaBox
2026-03-28 09:32:49,129 WARNING pdfminer.pdfpage CropBox missing from /Page, defaulting to MediaBox
2026-03-28 09:32:49,143 WARNING pdfminer.pdfpage CropBox missing from /Page, defaulting to MediaBox
2026-03-28 09:32:49,156 WARNING pdfminer.pdfpage CropBox missing from /Page, defaulting to MediaBox
2026-03-28 09:32:49,171 WARNING pdfminer.pdfpage CropBox missing from /Page, defaulting to MediaBox
2026-03-28 09:32:49,187 WARNING pdfminer.pdfpage CropBox missing from /Page, defaulting to MediaBox
2026-03-28 09:32:49,205 WARNING pdfminer.pdfpage CropBox missing from /Page, defaulting to MediaBox
2026-03-28 09:32:49,223 WARNING pdfminer.pdfpage CropBox missing from /Page, defaulting to MediaBox
2026-03-28 09:32:49,239 WARNING pdfminer.pdfpage CropBox missing from /Page, defaulting to MediaBox
2026-03-28 09:32:49,255 WARNING pdfminer.pdfpage CropBox missing from /Page, defaulting to MediaBox
2026-03-28 09:32:49,271 WARNING pdfminer.pdfpage CropBox missing from /Page, defaulting to MediaBox
2026-03-28 09:32:49,290 WARNING pdfminer.pdfpage CropBox missing from /Page, defaulting to MediaBox
2026-03-28 09:32:49,308 WARNING pdfminer.pdfpage CropBox missing from /Page, defaulting to MediaBox
2026-03-28 09:32:49,330 WARNING pdfminer.pdfpage CropBox missing from /Page, defaulting to MediaBox
2026-03-28 09:32:49,350 WARNING pdfminer.pdfpage CropBox missing from /Page, defaulting to MediaBox
2026-03-28 09:32:49,366 INFO root SUCCESS 22-277 [21/89] → data\22-277\json\20231206_amicus_Foundation_Individual_Rights_Expression_VIDED_6628fe.json
2026-03-28 09:32:51,810 INFO root SUCCESS 22-277 [22/89] → data\22-277\json\20231206_amicus_Bluesky_Public_Benefit_Corporation_Chris_6c4859.json
2026-03-28 09:32:53,740 WARNING pdfminer.pdfpage CropBox missing from /Page, defaulting to MediaBox
2026-03-28 09:32:53,750 WARNING pdfminer.pdfpage CropBox missing from /Page, defaulting to MediaBox
2026-03-28 09:32:54,027 WARNING pdfminer.pdfpage CropBox missing from /Page, defaulting to MediaBox
2026-03-28 09:32:54,178 WARNING pdfminer.pdfpage CropBox missing from /Page, defaulting to MediaBox
2026-03-28 09:32:54,253 WARNING pdfminer.pdfpage CropBox missing from /Page, defaulting to MediaBox
2026-03-28 09:32:54,335 WARNING pdfminer.pdfpage CropBox missing from /Page, defaulting to MediaBox
2026-03-28 09:32:54,423 WARNING pdfminer.pdfpage CropBox missing from /Page, defaulting to MediaBox
2026-03-28 09:32:54,510 WARNING pdfminer.pdfpage CropBox missing from /Page, defaulting to MediaBox
2026-03-28 09:32:54,655 WARNING pdfminer.pdfpage CropBox missing from /Page, defaulting to MediaBox
2026-03-28 09:32:54,680 WARNING pdfminer.pdfpage CropBox missing from /Page, defaulting to MediaBox
2026-03-28 09:32:54,683 WARNING pdfminer.pdfpage CropBox missing from /Page, defaulting to MediaBox
2026-03-28 09:32:54,690 WARNING pdfminer.pdfpage CropBox missing from /Page, defaulting to MediaBox
2026-03-28 09:32:54,693 WARNING pdfminer.pdfpage CropBox missing from /Page, defaulting to MediaBox
2026-03-28 09:32:54,699 WARNING pdfminer.pdfpage CropBox missing from /Page, defaulting to MediaBox
2026-03-28 09:32:54,705 WARNING pdfminer.pdfpage CropBox missing from /Page, defaulting to MediaBox
2026-03-28 09:32:54,713 WARNING pdfminer.pdfpage CropBox missing from /Page, defaulting to MediaBox
2026-03-28 09:32:54,720 WARNING pdfminer.pdfpage CropBox missing from /Page, defaulting to MediaBox
2026-03-28 09:32:54,727 WARNING pdfminer.pdfpage CropBox missing from /Page, defaulting to MediaBox
2026-03-28 09:32:54,733 WARNING pdfminer.pdfpage CropBox missing from /Page, defaulting to MediaBox
2026-03-28 09:32:54,739 WARNING pdfminer.pdfpage CropBox missing from /Page, defaulting to MediaBox
2026-03-28 09:32:54,746 WARNING pdfminer.pdfpage CropBox missing from /Page, defaulting to MediaBox
2026-03-28 09:32:54,753 WARNING pdfminer.pdfpage CropBox missing from /Page, defaulting to MediaBox
2026-03-28 09:32:54,759 WARNING pdfminer.pdfpage CropBox missing from /Page, defaulting to MediaBox
2026-03-28 09:32:54,766 WARNING pdfminer.pdfpage CropBox missing from /Page, defaulting to MediaBox
2026-03-28 09:32:54,774 WARNING pdfminer.pdfpage CropBox missing from /Page, defaulting to MediaBox
2026-03-28 09:32:54,780 WARNING pdfminer.pdfpage CropBox missing from /Page, defaulting to MediaBox
2026-03-28 09:32:54,787 WARNING pdfminer.pdfpage CropBox missing from /Page, defaulting to MediaBox
2026-03-28 09:32:54,793 WARNING pdfminer.pdfpage CropBox missing from /Page, defaulting to MediaBox
2026-03-28 09:32:54,800 WARNING pdfminer.pdfpage CropBox missing from /Page, defaulting to MediaBox
2026-03-28 09:32:54,807 WARNING pdfminer.pdfpage CropBox missing from /Page, defaulting to MediaBox
2026-03-28 09:32:54,813 WARNING pdfminer.pdfpage CropBox missing from /Page, defaulting to MediaBox
2026-03-28 09:32:54,819 WARNING pdfminer.pdfpage CropBox missing from /Page, defaulting to MediaBox
2026-03-28 09:32:54,826 WARNING pdfminer.pdfpage CropBox missing from /Page, defaulting to MediaBox
2026-03-28 09:32:54,832 WARNING pdfminer.pdfpage CropBox missing from /Page, defaulting to MediaBox
2026-03-28 09:32:54,839 WARNING pdfminer.pdfpage CropBox missing from /Page, defaulting to MediaBox
2026-03-28 09:32:54,844 WARNING pdfminer.pdfpage CropBox missing from /Page, defaulting to MediaBox
2026-03-28 09:32:54,851 WARNING pdfminer.pdfpage CropBox missing from /Page, defaulting to MediaBox
2026-03-28 09:32:54,854 WARNING pdfminer.pdfpage CropBox missing from /Page, defaulting to MediaBox
2026-03-28 09:32:54,854 WARNING pdfminer.pdfpage CropBox missing from /Page, defaulting to MediaBox
2026-03-28 09:32:54,858 WARNING pdfminer.pdfpage CropBox missing from /Page, defaulting to MediaBox
2026-03-28 09:32:54,861 WARNING pdfminer.pdfpage CropBox missing from /Page, defaulting to MediaBox
2026-03-28 09:32:54,865 INFO root SUCCESS 22-277 [23/89] → data\22-277\json\20231206_amici_First_Amendment_Internet_Law_Scholars_9ebd38.json
2026-03-28 09:32:57,346 INFO root SUCCESS 22-277 [24/89] → data\22-277\json\20231206_amicus_Becket_Fund_Religious_Liberty_d202e8.json
2026-03-28 09:32:59,863 INFO root SUCCESS 22-277 [25/89] → data\22-277\json\20231206_amicus_Yelp_Inc_VIDED_155f6d.json
2026-03-28 09:33:01,671 WARNING pdfminer.pdfpage CropBox missing from /Page, defaulting to MediaBox
2026-03-28 09:33:01,692 WARNING pdfminer.pdfpage CropBox missing from /Page, defaulting to MediaBox
2026-03-28 09:33:01,712 WARNING pdfminer.pdfpage CropBox missing from /Page, defaulting to MediaBox
2026-03-28 09:33:01,733 WARNING pdfminer.pdfpage CropBox missing from /Page, defaulting to MediaBox
2026-03-28 09:33:01,757 WARNING pdfminer.pdfpage CropBox missing from /Page, defaulting to MediaBox
2026-03-28 09:33:01,777 WARNING pdfminer.pdfpage CropBox missing from /Page, defaulting to MediaBox
2026-03-28 09:33:01,795 WARNING pdfminer.pdfpage CropBox missing from /Page, defaulting to MediaBox
2026-03-28 09:33:01,816 WARNING pdfminer.pdfpage CropBox missing from /Page, defaulting to MediaBox
2026-03-28 09:33:01,839 WARNING pdfminer.pdfpage CropBox missing from /Page, defaulting to MediaBox
2026-03-28 09:33:01,859 WARNING pdfminer.pdfpage CropBox missing from /Page, defaulting to MediaBox
2026-03-28 09:33:01,874 WARNING pdfminer.pdfpage CropBox missing from /Page, defaulting to MediaBox
2026-03-28 09:33:01,890 WARNING pdfminer.pdfpage CropBox missing from /Page, defaulting to MediaBox
2026-03-28 09:33:01,911 WARNING pdfminer.pdfpage CropBox missing from /Page, defaulting to MediaBox
2026-03-28 09:33:01,934 WARNING pdfminer.pdfpage CropBox missing from /Page, defaulting to MediaBox
2026-03-28 09:33:01,956 WARNING pdfminer.pdfpage CropBox missing from /Page, defaulting to MediaBox
2026-03-28 09:33:01,977 WARNING pdfminer.pdfpage CropBox missing from /Page, defaulting to MediaBox
2026-03-28 09:33:01,999 WARNING pdfminer.pdfpage CropBox missing from /Page, defaulting to MediaBox
2026-03-28 09:33:02,017 WARNING pdfminer.pdfpage CropBox missing from /Page, defaulting to MediaBox
2026-03-28 09:33:02,038 WARNING pdfminer.pdfpage CropBox missing from /Page, defaulting to MediaBox
2026-03-28 09:33:02,058 WARNING pdfminer.pdfpage CropBox missing from /Page, defaulting to MediaBox
2026-03-28 09:33:02,073 WARNING pdfminer.pdfpage CropBox missing from /Page, defaulting to MediaBox
2026-03-28 09:33:02,095 WARNING pdfminer.pdfpage CropBox missing from /Page, defaulting to MediaBox
2026-03-28 09:33:02,120 WARNING pdfminer.pdfpage CropBox missing from /Page, defaulting to MediaBox
2026-03-28 09:33:02,138 WARNING pdfminer.pdfpage CropBox missing from /Page, defaulting to MediaBox
2026-03-28 09:33:02,160 WARNING pdfminer.pdfpage CropBox missing from /Page, defaulting to MediaBox
2026-03-28 09:33:02,181 WARNING pdfminer.pdfpage CropBox missing from /Page, defaulting to MediaBox
2026-03-28 09:33:02,202 WARNING pdfminer.pdfpage CropBox missing from /Page, defaulting to MediaBox
2026-03-28 09:33:02,221 WARNING pdfminer.pdfpage CropBox missing from /Page, defaulting to MediaBox
2026-03-28 09:33:02,241 WARNING pdfminer.pdfpage CropBox missing from /Page, defaulting to MediaBox
2026-03-28 09:33:02,265 WARNING pdfminer.pdfpage CropBox missing from /Page, defaulting to MediaBox
2026-03-28 09:33:02,284 WARNING pdfminer.pdfpage CropBox missing from /Page, defaulting to MediaBox
2026-03-28 09:33:02,304 WARNING pdfminer.pdfpage CropBox missing from /Page, defaulting to MediaBox
2026-03-28 09:33:02,323 WARNING pdfminer.pdfpage CropBox missing from /Page, defaulting to MediaBox
2026-03-28 09:33:02,342 WARNING pdfminer.pdfpage CropBox missing from /Page, defaulting to MediaBox
2026-03-28 09:33:02,363 WARNING pdfminer.pdfpage CropBox missing from /Page, defaulting to MediaBox
2026-03-28 09:33:02,383 WARNING pdfminer.pdfpage CropBox missing from /Page, defaulting to MediaBox
2026-03-28 09:33:02,404 WARNING pdfminer.pdfpage CropBox missing from /Page, defaulting to MediaBox
2026-03-28 09:33:02,421 WARNING pdfminer.pdfpage CropBox missing from /Page, defaulting to MediaBox
2026-03-28 09:33:02,440 WARNING pdfminer.pdfpage CropBox missing from /Page, defaulting to MediaBox
2026-03-28 09:33:02,458 WARNING pdfminer.pdfpage CropBox missing from /Page, defaulting to MediaBox
2026-03-28 09:33:02,479 WARNING pdfminer.pdfpage CropBox missing from /Page, defaulting to MediaBox
2026-03-28 09:33:02,492 INFO root SUCCESS 22-277 [26/89] → data\22-277\json\20231207_amicus_Public_Knowledge_VIDED_46834c.json
2026-03-28 09:33:04,818 INFO root SUCCESS 22-277 [27/89] → data\22-277\json\20231207_amicus_Knight_First_Amendment_Institute_8e229d.json
2026-03-28 09:33:07,016 INFO root SUCCESS 22-277 [28/89] → data\22-277\json\20231207_amicus_Internet_Society_VIDED_e96971.json
2026-03-28 09:33:09,304 INFO root SUCCESS 22-277 [29/89] → data\22-277\json\20231207_amicus_Economists_support_neither_party_1e4184.json
2026-03-28 09:33:11,720 INFO root SUCCESS 22-277 [30/89] → data\22-277\json\20231207_amici_Former_Representative_Christopher_Cox_Senator_65850d.json
2026-03-28 09:33:13,920 WARNING pdfminer.pdfpage CropBox missing from /Page, defaulting to MediaBox
2026-03-28 09:33:13,935 WARNING pdfminer.pdfpage CropBox missing from /Page, defaulting to MediaBox
2026-03-28 09:33:13,941 WARNING pdfminer.pdfpage CropBox missing from /Page, defaulting to MediaBox
2026-03-28 09:33:13,959 WARNING pdfminer.pdfpage CropBox missing from /Page, defaulting to MediaBox
2026-03-28 09:33:13,979 WARNING pdfminer.pdfpage CropBox missing from /Page, defaulting to MediaBox
2026-03-28 09:33:13,991 WARNING pdfminer.pdfpage CropBox missing from /Page, defaulting to MediaBox
2026-03-28 09:33:14,007 WARNING pdfminer.pdfpage CropBox missing from /Page, defaulting to MediaBox
2026-03-28 09:33:14,014 WARNING pdfminer.pdfpage CropBox missing from /Page, defaulting to MediaBox
2026-03-28 09:33:14,036 WARNING pdfminer.pdfpage CropBox missing from /Page, defaulting to MediaBox
2026-03-28 09:33:14,058 WARNING pdfminer.pdfpage CropBox missing from /Page, defaulting to MediaBox
2026-03-28 09:33:14,077 WARNING pdfminer.pdfpage CropBox missing from /Page, defaulting to MediaBox
2026-03-28 09:33:14,095 WARNING pdfminer.pdfpage CropBox missing from /Page, defaulting to MediaBox
2026-03-28 09:33:14,114 WARNING pdfminer.pdfpage CropBox missing from /Page, defaulting to MediaBox
2026-03-28 09:33:14,132 WARNING pdfminer.pdfpage CropBox missing from /Page, defaulting to MediaBox
2026-03-28 09:33:14,151 WARNING pdfminer.pdfpage CropBox missing from /Page, defaulting to MediaBox
2026-03-28 09:33:14,167 WARNING pdfminer.pdfpage CropBox missing from /Page, defaulting to MediaBox
2026-03-28 09:33:14,189 WARNING pdfminer.pdfpage CropBox missing from /Page, defaulting to MediaBox
2026-03-28 09:33:14,205 WARNING pdfminer.pdfpage CropBox missing from /Page, defaulting to MediaBox
2026-03-28 09:33:14,224 WARNING pdfminer.pdfpage CropBox missing from /Page, defaulting to MediaBox
2026-03-28 09:33:14,244 WARNING pdfminer.pdfpage CropBox missing from /Page, defaulting to MediaBox
2026-03-28 09:33:14,259 WARNING pdfminer.pdfpage CropBox missing from /Page, defaulting to MediaBox
2026-03-28 09:33:14,274 WARNING pdfminer.pdfpage CropBox missing from /Page, defaulting to MediaBox
2026-03-28 09:33:14,290 WARNING pdfminer.pdfpage CropBox missing from /Page, defaulting to MediaBox
2026-03-28 09:33:14,308 WARNING pdfminer.pdfpage CropBox missing from /Page, defaulting to MediaBox
2026-03-28 09:33:14,321 WARNING pdfminer.pdfpage CropBox missing from /Page, defaulting to MediaBox
2026-03-28 09:33:14,335 WARNING pdfminer.pdfpage CropBox missing from /Page, defaulting to MediaBox
2026-03-28 09:33:14,351 WARNING pdfminer.pdfpage CropBox missing from /Page, defaulting to MediaBox
2026-03-28 09:33:14,366 WARNING pdfminer.pdfpage CropBox missing from /Page, defaulting to MediaBox
2026-03-28 09:33:14,385 WARNING pdfminer.pdfpage CropBox missing from /Page, defaulting to MediaBox
2026-03-28 09:33:14,397 WARNING pdfminer.pdfpage CropBox missing from /Page, defaulting to MediaBox
2026-03-28 09:33:14,408 INFO root SUCCESS 22-277 [31/89] → data\22-277\json\20231207_amicus_Engine_Advocacy_VIDED_7040f3.json
2026-03-28 09:33:16,529 INFO root SUCCESS 22-277 [32/89] → data\22-277\json\20231207_amicus_U.S_Senator_Ben_Ray_LujÃ¡n_2e8e86.json
2026-03-28 09:33:18,870 INFO root SUCCESS 22-277 [33/89] → data\22-277\json\20231207_amici_Article_Global_Campaign_Free_0c6645.json
2026-03-28 09:33:21,155 INFO root SUCCESS 22-277 [34/89] → data\22-277\json\20231207_amicus_Reddit_Inc_VIDED_6873a2.json
2026-03-28 09:33:23,587 INFO root SUCCESS 22-277 [35/89] → data\22-277\json\20231207_amicus_Discord_Inc_VIDED_1e9c1a.json
2026-03-28 09:33:25,778 INFO root SUCCESS 22-277 [36/89] → data\22-277\json\20231207_amici_Professors_History_VIDED_b05c04.json
2026-03-28 09:33:27,571 WARNING pdfminer.pdfpage CropBox missing from /Page, defaulting to MediaBox
2026-03-28 09:33:27,582 WARNING pdfminer.pdfpage CropBox missing from /Page, defaulting to MediaBox
2026-03-28 09:33:27,585 WARNING pdfminer.pdfpage CropBox missing from /Page, defaulting to MediaBox
2026-03-28 09:33:27,591 WARNING pdfminer.pdfpage CropBox missing from /Page, defaulting to MediaBox
2026-03-28 09:33:27,598 WARNING pdfminer.pdfpage CropBox missing from /Page, defaulting to MediaBox
2026-03-28 09:33:27,606 WARNING pdfminer.pdfpage CropBox missing from /Page, defaulting to MediaBox
2026-03-28 09:33:27,612 WARNING pdfminer.pdfpage CropBox missing from /Page, defaulting to MediaBox
2026-03-28 09:33:27,618 WARNING pdfminer.pdfpage CropBox missing from /Page, defaulting to MediaBox
2026-03-28 09:33:27,627 WARNING pdfminer.pdfpage CropBox missing from /Page, defaulting to MediaBox
2026-03-28 09:33:27,633 WARNING pdfminer.pdfpage CropBox missing from /Page, defaulting to MediaBox
2026-03-28 09:33:27,640 WARNING pdfminer.pdfpage CropBox missing from /Page, defaulting to MediaBox
2026-03-28 09:33:27,647 WARNING pdfminer.pdfpage CropBox missing from /Page, defaulting to MediaBox
2026-03-28 09:33:27,654 WARNING pdfminer.pdfpage CropBox missing from /Page, defaulting to MediaBox
2026-03-28 09:33:27,661 WARNING pdfminer.pdfpage CropBox missing from /Page, defaulting to MediaBox
2026-03-28 09:33:27,669 WARNING pdfminer.pdfpage CropBox missing from /Page, defaulting to MediaBox
2026-03-28 09:33:27,676 WARNING pdfminer.pdfpage CropBox missing from /Page, defaulting to MediaBox
2026-03-28 09:33:27,684 WARNING pdfminer.pdfpage CropBox missing from /Page, defaulting to MediaBox
2026-03-28 09:33:27,690 WARNING pdfminer.pdfpage CropBox missing from /Page, defaulting to MediaBox
2026-03-28 09:33:27,696 WARNING pdfminer.pdfpage CropBox missing from /Page, defaulting to MediaBox
2026-03-28 09:33:27,701 INFO root SUCCESS 22-277 [37/89] → data\22-277\json\20231207_amicus_American_Center_Law_Justice_b53c63.json
2026-03-28 09:33:29,700 INFO root SUCCESS 22-277 [38/89] → data\22-277\json\20231207_amicus_Chamber_Commerce_US_America_73b46f.json
2026-03-28 09:33:31,508 WARNING pdfminer.pdfpage CropBox missing from /Page, defaulting to MediaBox
2026-03-28 09:33:31,529 WARNING pdfminer.pdfpage CropBox missing from /Page, defaulting to MediaBox
2026-03-28 09:33:31,537 WARNING pdfminer.pdfpage CropBox missing from /Page, defaulting to MediaBox
2026-03-28 09:33:31,543 WARNING pdfminer.pdfpage CropBox missing from /Page, defaulting to MediaBox
2026-03-28 09:33:31,561 WARNING pdfminer.pdfpage CropBox missing from /Page, defaulting to MediaBox
2026-03-28 09:33:31,580 WARNING pdfminer.pdfpage CropBox missing from /Page, defaulting to MediaBox
2026-03-28 09:33:31,601 WARNING pdfminer.pdfpage CropBox missing from /Page, defaulting to MediaBox
2026-03-28 09:33:31,612 WARNING pdfminer.pdfpage CropBox missing from /Page, defaulting to MediaBox
2026-03-28 09:33:31,620 WARNING pdfminer.pdfpage CropBox missing from /Page, defaulting to MediaBox
2026-03-28 09:33:31,637 WARNING pdfminer.pdfpage CropBox missing from /Page, defaulting to MediaBox
2026-03-28 09:33:31,652 WARNING pdfminer.pdfpage CropBox missing from /Page, defaulting to MediaBox
2026-03-28 09:33:31,668 WARNING pdfminer.pdfpage CropBox missing from /Page, defaulting to MediaBox
2026-03-28 09:33:31,682 WARNING pdfminer.pdfpage CropBox missing from /Page, defaulting to MediaBox
2026-03-28 09:33:31,696 WARNING pdfminer.pdfpage CropBox missing from /Page, defaulting to MediaBox
2026-03-28 09:33:31,711 WARNING pdfminer.pdfpage CropBox missing from /Page, defaulting to MediaBox
2026-03-28 09:33:31,726 WARNING pdfminer.pdfpage CropBox missing from /Page, defaulting to MediaBox
2026-03-28 09:33:31,742 WARNING pdfminer.pdfpage CropBox missing from /Page, defaulting to MediaBox
2026-03-28 09:33:31,757 WARNING pdfminer.pdfpage CropBox missing from /Page, defaulting to MediaBox
2026-03-28 09:33:31,772 WARNING pdfminer.pdfpage CropBox missing from /Page, defaulting to MediaBox
2026-03-28 09:33:31,786 WARNING pdfminer.pdfpage CropBox missing from /Page, defaulting to MediaBox
2026-03-28 09:33:31,803 WARNING pdfminer.pdfpage CropBox missing from /Page, defaulting to MediaBox
2026-03-28 09:33:31,819 WARNING pdfminer.pdfpage CropBox missing from /Page, defaulting to MediaBox
2026-03-28 09:33:31,836 WARNING pdfminer.pdfpage CropBox missing from /Page, defaulting to MediaBox
2026-03-28 09:33:31,851 WARNING pdfminer.pdfpage CropBox missing from /Page, defaulting to MediaBox
2026-03-28 09:33:31,867 WARNING pdfminer.pdfpage CropBox missing from /Page, defaulting to MediaBox
2026-03-28 09:33:31,886 WARNING pdfminer.pdfpage CropBox missing from /Page, defaulting to MediaBox
2026-03-28 09:33:31,902 WARNING pdfminer.pdfpage CropBox missing from /Page, defaulting to MediaBox
2026-03-28 09:33:31,917 WARNING pdfminer.pdfpage CropBox missing from /Page, defaulting to MediaBox
2026-03-28 09:33:31,935 WARNING pdfminer.pdfpage CropBox missing from /Page, defaulting to MediaBox
2026-03-28 09:33:31,952 WARNING pdfminer.pdfpage CropBox missing from /Page, defaulting to MediaBox
2026-03-28 09:33:31,965 WARNING pdfminer.pdfpage CropBox missing from /Page, defaulting to MediaBox
2026-03-28 09:33:31,980 WARNING pdfminer.pdfpage CropBox missing from /Page, defaulting to MediaBox
2026-03-28 09:33:31,991 WARNING pdfminer.pdfpage CropBox missing from /Page, defaulting to MediaBox
2026-03-28 09:33:31,999 INFO root SUCCESS 22-277 [39/89] → data\22-277\json\20231207_amicus_Cato_Institute_VIDED_1e4c60.json
2026-03-28 09:33:34,281 INFO root SUCCESS 22-277 [40/89] → data\22-277\json\20231207_amici_Marketplace_Industry_Association_1ec1c3.json
2026-03-28 09:33:36,899 INFO root SUCCESS 22-277 [41/89] → data\22-277\json\20231207_amici_National_Security_Experts_support_83b2ac.json
2026-03-28 09:33:39,277 INFO root SUCCESS 22-277 [42/89] → data\22-277\json\20231207_amici_Reason_Foundation_VIDED_cf3f28.json
2026-03-28 09:33:41,717 INFO root SUCCESS 22-277 [43/89] → data\22-277\json\20231207_amicus_Protect_First_Foundation_VIDED_73f963.json
2026-03-28 09:33:43,939 INFO root SUCCESS 22-277 [44/89] → data\22-277\json\20231207_amicus_Center_Democracy_Technology_VIDED_9b1113.json
2026-03-28 09:33:46,988 INFO root SUCCESS 22-277 [45/89] → data\22-277\json\20231207_amici_Center_Social_Media_Politics_76e7c9.json
2026-03-28 09:33:49,296 INFO root SUCCESS 22-277 [46/89] → data\22-277\json\20231207_amici_PEN_American_Center_Library_Futures_06b9ed.json
2026-03-28 09:33:51,845 INFO root SUCCESS 22-277 [47/89] → data\22-277\json\20231207_amici_Developers_Alliance_VIDED_374ac7.json
2026-03-28 09:33:53,902 INFO root SUCCESS 22-277 [48/89] → data\22-277\json\20231207_amicus_Wikimedia_Foundation_VIDED_a2ab03.json
2026-03-28 09:33:56,520 INFO root SUCCESS 22-277 [49/89] → data\22-277\json\20231207_amicus_International_Center_Law_Economics_VIDED_893c5d.json
2026-03-28 09:33:58,664 INFO root SUCCESS 22-277 [50/89] → data\22-277\json\20231207_amicus_National_Taxpayers_Union_Foundation_VIDED_5aaf8a.json
2026-03-28 09:34:01,178 INFO root SUCCESS 22-277 [51/89] → data\22-277\json\20231207_amicus_TechFreedom_VIDED_8f3a1a.json
2026-03-28 09:34:03,647 INFO root SUCCESS 22-277 [52/89] → data\22-277\json\20231207_amicus_Francis_Fukuyama_VIDED_603714.json
2026-03-28 09:34:06,550 INFO root SUCCESS 22-277 [53/89] → data\22-277\json\20231207_amici_Chamber_Progress_VIDED_8eaab1.json
2026-03-28 09:34:09,344 INFO root SUCCESS 22-277 [54/89] → data\22-277\json\20231207_amicus_US_VIDED_5d69f1.json
2026-03-28 09:34:11,872 INFO root SUCCESS 22-277 [55/89] → data\22-277\json\20231207_amicus_Center_Business_Human_Rights_Leonard_f34028.json
2026-03-28 09:34:13,941 WARNING pdfminer.pdfpage CropBox missing from /Page, defaulting to MediaBox
2026-03-28 09:34:13,962 WARNING pdfminer.pdfpage CropBox missing from /Page, defaulting to MediaBox
2026-03-28 09:34:13,968 WARNING pdfminer.pdfpage CropBox missing from /Page, defaulting to MediaBox
2026-03-28 09:34:13,997 WARNING pdfminer.pdfpage CropBox missing from /Page, defaulting to MediaBox
2026-03-28 09:34:14,025 WARNING pdfminer.pdfpage CropBox missing from /Page, defaulting to MediaBox
2026-03-28 09:34:14,070 WARNING pdfminer.pdfpage CropBox missing from /Page, defaulting to MediaBox
2026-03-28 09:34:14,107 WARNING pdfminer.pdfpage CropBox missing from /Page, defaulting to MediaBox
2026-03-28 09:34:14,142 WARNING pdfminer.pdfpage CropBox missing from /Page, defaulting to MediaBox
2026-03-28 09:34:14,175 WARNING pdfminer.pdfpage CropBox missing from /Page, defaulting to MediaBox
2026-03-28 09:34:14,192 WARNING pdfminer.pdfpage CropBox missing from /Page, defaulting to MediaBox
2026-03-28 09:34:14,206 WARNING pdfminer.pdfpage CropBox missing from /Page, defaulting to MediaBox
2026-03-28 09:34:14,220 WARNING pdfminer.pdfpage CropBox missing from /Page, defaulting to MediaBox
2026-03-28 09:34:14,236 WARNING pdfminer.pdfpage CropBox missing from /Page, defaulting to MediaBox
2026-03-28 09:34:14,254 WARNING pdfminer.pdfpage CropBox missing from /Page, defaulting to MediaBox
2026-03-28 09:34:14,272 WARNING pdfminer.pdfpage CropBox missing from /Page, defaulting to MediaBox
2026-03-28 09:34:14,293 WARNING pdfminer.pdfpage CropBox missing from /Page, defaulting to MediaBox
2026-03-28 09:34:14,313 WARNING pdfminer.pdfpage CropBox missing from /Page, defaulting to MediaBox
2026-03-28 09:34:14,336 WARNING pdfminer.pdfpage CropBox missing from /Page, defaulting to MediaBox
2026-03-28 09:34:14,355 WARNING pdfminer.pdfpage CropBox missing from /Page, defaulting to MediaBox
2026-03-28 09:34:14,371 WARNING pdfminer.pdfpage CropBox missing from /Page, defaulting to MediaBox
2026-03-28 09:34:14,392 WARNING pdfminer.pdfpage CropBox missing from /Page, defaulting to MediaBox
2026-03-28 09:34:14,409 WARNING pdfminer.pdfpage CropBox missing from /Page, defaulting to MediaBox
2026-03-28 09:34:14,427 WARNING pdfminer.pdfpage CropBox missing from /Page, defaulting to MediaBox
2026-03-28 09:34:14,448 WARNING pdfminer.pdfpage CropBox missing from /Page, defaulting to MediaBox
2026-03-28 09:34:14,465 WARNING pdfminer.pdfpage CropBox missing from /Page, defaulting to MediaBox
2026-03-28 09:34:14,482 WARNING pdfminer.pdfpage CropBox missing from /Page, defaulting to MediaBox
2026-03-28 09:34:14,498 WARNING pdfminer.pdfpage CropBox missing from /Page, defaulting to MediaBox
2026-03-28 09:34:14,516 WARNING pdfminer.pdfpage CropBox missing from /Page, defaulting to MediaBox
2026-03-28 09:34:14,534 WARNING pdfminer.pdfpage CropBox missing from /Page, defaulting to MediaBox
2026-03-28 09:34:14,547 WARNING pdfminer.pdfpage CropBox missing from /Page, defaulting to MediaBox
2026-03-28 09:34:14,566 WARNING pdfminer.pdfpage CropBox missing from /Page, defaulting to MediaBox
2026-03-28 09:34:14,582 WARNING pdfminer.pdfpage CropBox missing from /Page, defaulting to MediaBox
2026-03-28 09:34:14,598 WARNING pdfminer.pdfpage CropBox missing from /Page, defaulting to MediaBox
2026-03-28 09:34:14,614 WARNING pdfminer.pdfpage CropBox missing from /Page, defaulting to MediaBox
2026-03-28 09:34:14,629 WARNING pdfminer.pdfpage CropBox missing from /Page, defaulting to MediaBox
2026-03-28 09:34:14,645 WARNING pdfminer.pdfpage CropBox missing from /Page, defaulting to MediaBox
2026-03-28 09:34:14,667 WARNING pdfminer.pdfpage CropBox missing from /Page, defaulting to MediaBox
2026-03-28 09:34:14,684 WARNING pdfminer.pdfpage CropBox missing from /Page, defaulting to MediaBox
2026-03-28 09:34:14,695 INFO root SUCCESS 22-277 [56/89] → data\22-277\json\20231207_amicus_Trust_Safety_Foundation_VIDED_ae21d0.json
2026-03-28 09:34:17,703 INFO root SUCCESS 22-277 [57/89] → data\22-277\json\20231207_amici_Electronic_Frontier_Foundation_1526e1.json
2026-03-28 09:34:20,631 INFO root SUCCESS 22-277 [58/89] → data\22-277\json\20231207_amicus_Professor_Christopher_Yoo_VIDED_f437e8.json
2026-03-28 09:34:23,733 INFO root SUCCESS 22-277 [59/89] → data\22-277\json\20231207_amicus_Lawyersâ_Committee_Civil_Rights_Under_9f6d29.json
2026-03-28 09:34:26,366 INFO root SUCCESS 22-277 [60/89] → data\22-277\json\20231207_amicus_American_Jewish_Committee_VIDED_d51a54.json
2026-03-28 09:34:29,057 INFO root SUCCESS 22-277 [61/89] → data\22-277\json\20231207_amicus_Anti-Defamation_League_support_neither_c77282.json
2026-03-28 09:34:31,545 INFO root SUCCESS 22-277 [62/89] → data\22-277\json\20231207_amici_New_York_VIDED_b87000.json
2026-03-28 09:34:34,237 INFO root SUCCESS 22-277 [63/89] → data\22-277\json\20231207_amici_Center_Growth_Opportunity_a368d8.json
2026-03-28 09:34:36,790 INFO root SUCCESS 22-277 [64/89] → data\22-277\json\20231207_amicus_Americans_Prosperity_Foundation_VIDED_1585fd.json
2026-03-28 09:34:38,853 INFO root SUCCESS 22-277 [65/89] → data\22-277\json\20231207_amici_Moderators_R_Law_R_Scotus_VIDED_130a1d.json
2026-03-28 09:34:40,742 WARNING pdfminer.pdfpage CropBox missing from /Page, defaulting to MediaBox
2026-03-28 09:34:40,761 WARNING pdfminer.pdfpage CropBox missing from /Page, defaulting to MediaBox
2026-03-28 09:34:40,774 WARNING pdfminer.pdfpage CropBox missing from /Page, defaulting to MediaBox
2026-03-28 09:34:40,778 WARNING pdfminer.pdfpage CropBox missing from /Page, defaulting to MediaBox
2026-03-28 09:34:40,797 WARNING pdfminer.pdfpage CropBox missing from /Page, defaulting to MediaBox
2026-03-28 09:34:40,815 WARNING pdfminer.pdfpage CropBox missing from /Page, defaulting to MediaBox
2026-03-28 09:34:40,820 WARNING pdfminer.pdfpage CropBox missing from /Page, defaulting to MediaBox
2026-03-28 09:34:40,832 WARNING pdfminer.pdfpage CropBox missing from /Page, defaulting to MediaBox
2026-03-28 09:34:40,853 WARNING pdfminer.pdfpage CropBox missing from /Page, defaulting to MediaBox
2026-03-28 09:34:40,874 WARNING pdfminer.pdfpage CropBox missing from /Page, defaulting to MediaBox
2026-03-28 09:34:40,895 WARNING pdfminer.pdfpage CropBox missing from /Page, defaulting to MediaBox
2026-03-28 09:34:40,914 WARNING pdfminer.pdfpage CropBox missing from /Page, defaulting to MediaBox
2026-03-28 09:34:40,939 WARNING pdfminer.pdfpage CropBox missing from /Page, defaulting to MediaBox
2026-03-28 09:34:40,960 WARNING pdfminer.pdfpage CropBox missing from /Page, defaulting to MediaBox
2026-03-28 09:34:40,980 WARNING pdfminer.pdfpage CropBox missing from /Page, defaulting to MediaBox
2026-03-28 09:34:40,999 WARNING pdfminer.pdfpage CropBox missing from /Page, defaulting to MediaBox
2026-03-28 09:34:41,019 WARNING pdfminer.pdfpage CropBox missing from /Page, defaulting to MediaBox
2026-03-28 09:34:41,038 WARNING pdfminer.pdfpage CropBox missing from /Page, defaulting to MediaBox
2026-03-28 09:34:41,058 WARNING pdfminer.pdfpage CropBox missing from /Page, defaulting to MediaBox
2026-03-28 09:34:41,077 WARNING pdfminer.pdfpage CropBox missing from /Page, defaulting to MediaBox
2026-03-28 09:34:41,098 WARNING pdfminer.pdfpage CropBox missing from /Page, defaulting to MediaBox
2026-03-28 09:34:41,118 WARNING pdfminer.pdfpage CropBox missing from /Page, defaulting to MediaBox
2026-03-28 09:34:41,137 WARNING pdfminer.pdfpage CropBox missing from /Page, defaulting to MediaBox
2026-03-28 09:34:41,158 WARNING pdfminer.pdfpage CropBox missing from /Page, defaulting to MediaBox
2026-03-28 09:34:41,175 WARNING pdfminer.pdfpage CropBox missing from /Page, defaulting to MediaBox
2026-03-28 09:34:41,193 WARNING pdfminer.pdfpage CropBox missing from /Page, defaulting to MediaBox
2026-03-28 09:34:41,211 WARNING pdfminer.pdfpage CropBox missing from /Page, defaulting to MediaBox
2026-03-28 09:34:41,233 WARNING pdfminer.pdfpage CropBox missing from /Page, defaulting to MediaBox
2026-03-28 09:34:41,253 WARNING pdfminer.pdfpage CropBox missing from /Page, defaulting to MediaBox
2026-03-28 09:34:41,265 INFO root SUCCESS 22-277 [66/89] → data\22-277\json\20231207_amicus_Electronic_Privacy_Information_Center_supporting_b81005.json
2026-03-28 09:34:44,189 INFO root SUCCESS 22-277 [67/89] → data\22-277\json\20240116_petitioner_Ashley_Moody_Attorney_General_Florida_6f0046.json
2026-03-28 09:34:46,772 INFO root SUCCESS 22-277 [68/89] → data\22-277\json\20240119_amicus_Digital_Progress_Institute_VIDED_(Distributed)_faf995.json
2026-03-28 09:34:49,008 INFO root SUCCESS 22-277 [69/89] → data\22-277\json\20240119_amicus_Christos_Makridis_VIDED_(Distributed)_36c79b.json
2026-03-28 09:34:51,164 INFO root SUCCESS 22-277 [70/89] → data\22-277\json\20240119_amici_Legal_Scholars_Adam_Candeub_4f9dfe.json
2026-03-28 09:34:55,097 INFO root SUCCESS 22-277 [71/89] → data\22-277\json\20240122_amici_Missouri_VIDED_(Distributed)_2c889e.json
2026-03-28 09:34:56,947 WARNING pdfminer.pdfpage CropBox missing from /Page, defaulting to MediaBox
2026-03-28 09:34:56,963 WARNING pdfminer.pdfpage CropBox missing from /Page, defaulting to MediaBox
2026-03-28 09:34:56,976 WARNING pdfminer.pdfpage CropBox missing from /Page, defaulting to MediaBox
2026-03-28 09:34:56,988 WARNING pdfminer.pdfpage CropBox missing from /Page, defaulting to MediaBox
2026-03-28 09:34:56,998 WARNING pdfminer.pdfpage CropBox missing from /Page, defaulting to MediaBox
2026-03-28 09:34:57,012 WARNING pdfminer.pdfpage CropBox missing from /Page, defaulting to MediaBox
2026-03-28 09:34:57,026 WARNING pdfminer.pdfpage CropBox missing from /Page, defaulting to MediaBox
2026-03-28 09:34:57,039 WARNING pdfminer.pdfpage CropBox missing from /Page, defaulting to MediaBox
2026-03-28 09:34:57,053 WARNING pdfminer.pdfpage CropBox missing from /Page, defaulting to MediaBox
2026-03-28 09:34:57,065 WARNING pdfminer.pdfpage CropBox missing from /Page, defaulting to MediaBox
2026-03-28 09:34:57,074 WARNING pdfminer.pdfpage CropBox missing from /Page, defaulting to MediaBox
2026-03-28 09:34:57,087 WARNING pdfminer.pdfpage CropBox missing from /Page, defaulting to MediaBox
2026-03-28 09:34:57,099 WARNING pdfminer.pdfpage CropBox missing from /Page, defaulting to MediaBox
2026-03-28 09:34:57,114 WARNING pdfminer.pdfpage CropBox missing from /Page, defaulting to MediaBox
2026-03-28 09:34:57,126 WARNING pdfminer.pdfpage CropBox missing from /Page, defaulting to MediaBox
2026-03-28 09:34:57,138 WARNING pdfminer.pdfpage CropBox missing from /Page, defaulting to MediaBox
2026-03-28 09:34:57,150 WARNING pdfminer.pdfpage CropBox missing from /Page, defaulting to MediaBox
2026-03-28 09:34:57,163 WARNING pdfminer.pdfpage CropBox missing from /Page, defaulting to MediaBox
2026-03-28 09:34:57,175 WARNING pdfminer.pdfpage CropBox missing from /Page, defaulting to MediaBox
2026-03-28 09:34:57,189 WARNING pdfminer.pdfpage CropBox missing from /Page, defaulting to MediaBox
2026-03-28 09:34:57,204 WARNING pdfminer.pdfpage CropBox missing from /Page, defaulting to MediaBox
2026-03-28 09:34:57,221 WARNING pdfminer.pdfpage CropBox missing from /Page, defaulting to MediaBox
2026-03-28 09:34:57,235 WARNING pdfminer.pdfpage CropBox missing from /Page, defaulting to MediaBox
2026-03-28 09:34:57,250 WARNING pdfminer.pdfpage CropBox missing from /Page, defaulting to MediaBox
2026-03-28 09:34:57,265 WARNING pdfminer.pdfpage CropBox missing from /Page, defaulting to MediaBox
2026-03-28 09:34:57,278 WARNING pdfminer.pdfpage CropBox missing from /Page, defaulting to MediaBox
2026-03-28 09:34:57,293 WARNING pdfminer.pdfpage CropBox missing from /Page, defaulting to MediaBox
2026-03-28 09:34:57,306 WARNING pdfminer.pdfpage CropBox missing from /Page, defaulting to MediaBox
2026-03-28 09:34:57,320 WARNING pdfminer.pdfpage CropBox missing from /Page, defaulting to MediaBox
2026-03-28 09:34:57,333 WARNING pdfminer.pdfpage CropBox missing from /Page, defaulting to MediaBox
2026-03-28 09:34:57,347 WARNING pdfminer.pdfpage CropBox missing from /Page, defaulting to MediaBox
2026-03-28 09:34:57,362 WARNING pdfminer.pdfpage CropBox missing from /Page, defaulting to MediaBox
2026-03-28 09:34:57,376 WARNING pdfminer.pdfpage CropBox missing from /Page, defaulting to MediaBox
2026-03-28 09:34:57,389 WARNING pdfminer.pdfpage CropBox missing from /Page, defaulting to MediaBox
2026-03-28 09:34:57,402 WARNING pdfminer.pdfpage CropBox missing from /Page, defaulting to MediaBox
2026-03-28 09:34:57,417 WARNING pdfminer.pdfpage CropBox missing from /Page, defaulting to MediaBox
2026-03-28 09:34:57,429 WARNING pdfminer.pdfpage CropBox missing from /Page, defaulting to MediaBox
2026-03-28 09:34:57,443 WARNING pdfminer.pdfpage CropBox missing from /Page, defaulting to MediaBox
2026-03-28 09:34:57,458 WARNING pdfminer.pdfpage CropBox missing from /Page, defaulting to MediaBox
2026-03-28 09:34:57,473 WARNING pdfminer.pdfpage CropBox missing from /Page, defaulting to MediaBox
2026-03-28 09:34:57,485 WARNING pdfminer.pdfpage CropBox missing from /Page, defaulting to MediaBox
2026-03-28 09:34:57,499 WARNING pdfminer.pdfpage CropBox missing from /Page, defaulting to MediaBox
2026-03-28 09:34:57,512 WARNING pdfminer.pdfpage CropBox missing from /Page, defaulting to MediaBox
2026-03-28 09:34:57,526 WARNING pdfminer.pdfpage CropBox missing from /Page, defaulting to MediaBox
2026-03-28 09:34:57,539 WARNING pdfminer.pdfpage CropBox missing from /Page, defaulting to MediaBox
2026-03-28 09:34:57,554 WARNING pdfminer.pdfpage CropBox missing from /Page, defaulting to MediaBox
2026-03-28 09:34:57,568 WARNING pdfminer.pdfpage CropBox missing from /Page, defaulting to MediaBox
2026-03-28 09:34:57,580 WARNING pdfminer.pdfpage CropBox missing from /Page, defaulting to MediaBox
2026-03-28 09:34:57,592 WARNING pdfminer.pdfpage CropBox missing from /Page, defaulting to MediaBox
2026-03-28 09:34:57,604 WARNING pdfminer.pdfpage CropBox missing from /Page, defaulting to MediaBox
2026-03-28 09:34:57,618 WARNING pdfminer.pdfpage CropBox missing from /Page, defaulting to MediaBox
2026-03-28 09:34:57,633 WARNING pdfminer.pdfpage CropBox missing from /Page, defaulting to MediaBox
2026-03-28 09:34:57,650 WARNING pdfminer.pdfpage CropBox missing from /Page, defaulting to MediaBox
2026-03-28 09:34:57,658 INFO root SUCCESS 22-277 [72/89] → data\22-277\json\20240122_amicus_Keep_Republic_VIDED_(Distributed)_930edf.json
2026-03-28 09:35:00,047 INFO root SUCCESS 22-277 [73/89] → data\22-277\json\20240122_amicus_World_Faith_Foundation_VIDED_(Distributed)_1218d3.json
2026-03-28 09:35:02,114 INFO root SUCCESS 22-277 [74/89] → data\22-277\json\20240122_amicus_Heartland_Institute_VIDED_(Distributed)_bfa908.json
2026-03-28 09:35:04,593 INFO root SUCCESS 22-277 [75/89] → data\22-277\json\20240122_amicus_Center_renewing_America_VIDED_(Distributed)_2ace32.json
2026-03-28 09:35:07,001 INFO root SUCCESS 22-277 [76/89] → data\22-277\json\20240123_amici_Moms_Liberty_VIDED_92c11c.json
2026-03-28 09:35:09,369 INFO root SUCCESS 22-277 [77/89] → data\22-277\json\20240123_amici_iTexasPolitics_LLC_d_b_a_Texan_1d0e7e.json
2026-03-28 09:35:11,492 WARNING pdfminer.pdfpage CropBox missing from /Page, defaulting to MediaBox
2026-03-28 09:35:11,518 WARNING pdfminer.pdfpage CropBox missing from /Page, defaulting to MediaBox
2026-03-28 09:35:11,528 WARNING pdfminer.pdfpage CropBox missing from /Page, defaulting to MediaBox
2026-03-28 09:35:11,548 WARNING pdfminer.pdfpage CropBox missing from /Page, defaulting to MediaBox
2026-03-28 09:35:11,571 WARNING pdfminer.pdfpage CropBox missing from /Page, defaulting to MediaBox
2026-03-28 09:35:11,593 WARNING pdfminer.pdfpage CropBox missing from /Page, defaulting to MediaBox
2026-03-28 09:35:11,596 WARNING pdfminer.pdfpage CropBox missing from /Page, defaulting to MediaBox
2026-03-28 09:35:11,614 WARNING pdfminer.pdfpage CropBox missing from /Page, defaulting to MediaBox
2026-03-28 09:35:11,632 WARNING pdfminer.pdfpage CropBox missing from /Page, defaulting to MediaBox
2026-03-28 09:35:11,646 WARNING pdfminer.pdfpage CropBox missing from /Page, defaulting to MediaBox
2026-03-28 09:35:11,665 WARNING pdfminer.pdfpage CropBox missing from /Page, defaulting to MediaBox
2026-03-28 09:35:11,685 WARNING pdfminer.pdfpage CropBox missing from /Page, defaulting to MediaBox
2026-03-28 09:35:11,704 WARNING pdfminer.pdfpage CropBox missing from /Page, defaulting to MediaBox
2026-03-28 09:35:11,719 WARNING pdfminer.pdfpage CropBox missing from /Page, defaulting to MediaBox
2026-03-28 09:35:11,736 WARNING pdfminer.pdfpage CropBox missing from /Page, defaulting to MediaBox
2026-03-28 09:35:11,757 WARNING pdfminer.pdfpage CropBox missing from /Page, defaulting to MediaBox
2026-03-28 09:35:11,775 WARNING pdfminer.pdfpage CropBox missing from /Page, defaulting to MediaBox
2026-03-28 09:35:11,791 WARNING pdfminer.pdfpage CropBox missing from /Page, defaulting to MediaBox
2026-03-28 09:35:11,809 WARNING pdfminer.pdfpage CropBox missing from /Page, defaulting to MediaBox
2026-03-28 09:35:11,823 INFO root SUCCESS 22-277 [78/89] → data\22-277\json\20240123_amicus_Center_Constitutional_Jurisprudence_VIDED_(Distributed)_84d945.json
2026-03-28 09:35:14,062 INFO root SUCCESS 22-277 [79/89] → data\22-277\json\20240123_amicus_American_Principles_Project_VIDED_(Distributed)_4e25d6.json
2026-03-28 09:35:15,984 WARNING pdfminer.pdfpage CropBox missing from /Page, defaulting to MediaBox
2026-03-28 09:35:15,993 WARNING pdfminer.pdfpage CropBox missing from /Page, defaulting to MediaBox
2026-03-28 09:35:16,010 WARNING pdfminer.pdfpage CropBox missing from /Page, defaulting to MediaBox
2026-03-28 09:35:16,017 WARNING pdfminer.pdfpage CropBox missing from /Page, defaulting to MediaBox
2026-03-28 09:35:16,036 WARNING pdfminer.pdfpage CropBox missing from /Page, defaulting to MediaBox
2026-03-28 09:35:16,057 WARNING pdfminer.pdfpage CropBox missing from /Page, defaulting to MediaBox
2026-03-28 09:35:16,077 WARNING pdfminer.pdfpage CropBox missing from /Page, defaulting to MediaBox
2026-03-28 09:35:16,103 WARNING pdfminer.pdfpage CropBox missing from /Page, defaulting to MediaBox
2026-03-28 09:35:16,123 WARNING pdfminer.pdfpage CropBox missing from /Page, defaulting to MediaBox
2026-03-28 09:35:16,141 WARNING pdfminer.pdfpage CropBox missing from /Page, defaulting to MediaBox
2026-03-28 09:35:16,160 WARNING pdfminer.pdfpage CropBox missing from /Page, defaulting to MediaBox
2026-03-28 09:35:16,169 WARNING pdfminer.pdfpage CropBox missing from /Page, defaulting to MediaBox
2026-03-28 09:35:16,186 WARNING pdfminer.pdfpage CropBox missing from /Page, defaulting to MediaBox
2026-03-28 09:35:16,203 WARNING pdfminer.pdfpage CropBox missing from /Page, defaulting to MediaBox
2026-03-28 09:35:16,219 WARNING pdfminer.pdfpage CropBox missing from /Page, defaulting to MediaBox
2026-03-28 09:35:16,238 WARNING pdfminer.pdfpage CropBox missing from /Page, defaulting to MediaBox
2026-03-28 09:35:16,257 WARNING pdfminer.pdfpage CropBox missing from /Page, defaulting to MediaBox
2026-03-28 09:35:16,273 WARNING pdfminer.pdfpage CropBox missing from /Page, defaulting to MediaBox
2026-03-28 09:35:16,287 WARNING pdfminer.pdfpage CropBox missing from /Page, defaulting to MediaBox
2026-03-28 09:35:16,301 WARNING pdfminer.pdfpage CropBox missing from /Page, defaulting to MediaBox
2026-03-28 09:35:16,318 WARNING pdfminer.pdfpage CropBox missing from /Page, defaulting to MediaBox
2026-03-28 09:35:16,338 WARNING pdfminer.pdfpage CropBox missing from /Page, defaulting to MediaBox
2026-03-28 09:35:16,352 WARNING pdfminer.pdfpage CropBox missing from /Page, defaulting to MediaBox
2026-03-28 09:35:16,366 WARNING pdfminer.pdfpage CropBox missing from /Page, defaulting to MediaBox
2026-03-28 09:35:16,380 WARNING pdfminer.pdfpage CropBox missing from /Page, defaulting to MediaBox
2026-03-28 09:35:16,392 WARNING pdfminer.pdfpage CropBox missing from /Page, defaulting to MediaBox
2026-03-28 09:35:16,408 WARNING pdfminer.pdfpage CropBox missing from /Page, defaulting to MediaBox
2026-03-28 09:35:16,424 WARNING pdfminer.pdfpage CropBox missing from /Page, defaulting to MediaBox
2026-03-28 09:35:16,442 WARNING pdfminer.pdfpage CropBox missing from /Page, defaulting to MediaBox
2026-03-28 09:35:16,459 WARNING pdfminer.pdfpage CropBox missing from /Page, defaulting to MediaBox
2026-03-28 09:35:16,474 WARNING pdfminer.pdfpage CropBox missing from /Page, defaulting to MediaBox
2026-03-28 09:35:16,490 WARNING pdfminer.pdfpage CropBox missing from /Page, defaulting to MediaBox
2026-03-28 09:35:16,503 WARNING pdfminer.pdfpage CropBox missing from /Page, defaulting to MediaBox
2026-03-28 09:35:16,517 WARNING pdfminer.pdfpage CropBox missing from /Page, defaulting to MediaBox
2026-03-28 09:35:16,532 WARNING pdfminer.pdfpage CropBox missing from /Page, defaulting to MediaBox
2026-03-28 09:35:16,546 WARNING pdfminer.pdfpage CropBox missing from /Page, defaulting to MediaBox
2026-03-28 09:35:16,560 WARNING pdfminer.pdfpage CropBox missing from /Page, defaulting to MediaBox
2026-03-28 09:35:16,574 WARNING pdfminer.pdfpage CropBox missing from /Page, defaulting to MediaBox
2026-03-28 09:35:16,588 WARNING pdfminer.pdfpage CropBox missing from /Page, defaulting to MediaBox
2026-03-28 09:35:16,604 WARNING pdfminer.pdfpage CropBox missing from /Page, defaulting to MediaBox
2026-03-28 09:35:16,624 WARNING pdfminer.pdfpage CropBox missing from /Page, defaulting to MediaBox
2026-03-28 09:35:16,638 WARNING pdfminer.pdfpage CropBox missing from /Page, defaulting to MediaBox
2026-03-28 09:35:16,645 INFO root SUCCESS 22-277 [80/89] → data\22-277\json\20240123_amicus_Rutherford_Institute_VIDED_(Distributed)_6d1262.json
2026-03-28 09:35:18,861 INFO root SUCCESS 22-277 [81/89] → data\22-277\json\20240123_amicus_Childrenâs_Health_Defense_VIDED_(Distributed)_dc6ebb.json
2026-03-28 09:35:21,330 INFO root SUCCESS 22-277 [82/89] → data\22-277\json\20240123_amicus_Eric_Rasmusen_VIDED_(Distributed)_0572ca.json
2026-03-28 09:35:23,604 INFO root SUCCESS 22-277 [83/89] → data\22-277\json\20240123_amicus_Donald_Trump_(Distributed)_271391.json
2026-03-28 09:35:25,983 INFO root SUCCESS 22-277 [84/89] → data\22-277\json\20240123_amicus_Center_American_Liberty_VIDED_(Distributed)_425fe0.json
2026-03-28 09:35:28,390 INFO root SUCCESS 22-277 [85/89] → data\22-277\json\20240123_amicus_Donald_Landry_VIDED_(Distributed)_5fe9ec.json
2026-03-28 09:35:30,773 INFO root SUCCESS 22-277 [86/89] → data\22-277\json\20240123_amici_Babylon_Bee_Not_Bee_VIDED_6a0c93.json
2026-03-28 09:35:33,383 INFO root SUCCESS 22-277 [87/89] → data\22-277\json\20240123_amicus_Open_Markets_Institute_(Jan_df922f.json
2026-03-28 09:35:36,212 INFO root SUCCESS 22-277 [88/89] → data\22-277\json\20240123_amicus_Populi_VIDED_(Distributed)_b86934.json
2026-03-28 09:35:38,445 INFO root SUCCESS 22-277 [89/89] → data\22-277\json\20240215_reply_Netchoice_LLC_37fcc8.json
2026-03-28 09:35:38,715 INFO root Processing Main Document: "Main Document"
2026-03-28 09:35:38,715 INFO root Skipping non-brief document: "Dec 20 2022 Response to petition from respondent Ken Paxton, Attorney General of"
2026-03-28 09:35:38,715 INFO root Processing Main Document: "Main Document"
2026-03-28 09:35:38,716 INFO root Skipping non-brief document: "Dec 20 2022 Letter dated December 20, 2022, from counsel for respondent filed. M"
2026-03-28 09:35:38,716 INFO root Processing Main Document: "Main Document"
2026-03-28 09:35:38,716 INFO root Filename: "20230103_reply_NetChoice_LLC_dba_NetChoice"
2026-03-28 09:35:38,716 INFO root Processing Main Document: "Main Document"
2026-03-28 09:35:38,716 INFO root Filename: "20230814_amicus_US_VIDED"
2026-03-28 09:35:38,716 INFO root Processing Main Document: "Main Document"
2026-03-28 09:35:38,717 INFO root Filename: "20230828_respondent_Angela_Colmenero_her_Official_Capacity_Provisional"
2026-03-28 09:35:38,717 INFO root Processing Main Document: "Main Document"
2026-03-28 09:35:38,717 INFO root Filename: "20230830_petitioner_NetChoice_LLC_dba_NetChoice"
2026-03-28 09:35:38,717 INFO root Processing Main Document: "Main Document"
2026-03-28 09:35:38,717 INFO root Filename: "20231130_petitioner_NetChoice_LLC_dba_NetChoice"
2026-03-28 09:35:38,717 INFO root Processing Main Document: "Main Document"
2026-03-28 09:35:38,717 INFO root Skipping non-brief document: "Nov 30 2023 Joint appendix filed.  (Statement of cost filed.) Main Document Proo"
2026-03-28 09:35:38,717 INFO root Processing Main Document: "Main Document"
2026-03-28 09:35:38,718 INFO root Filename: "20231130_amicus_Media_Law_Resource_Center_Inc"
2026-03-28 09:35:38,718 INFO root Processing Main Document: "Main Document"
2026-03-28 09:35:38,718 INFO root Filename: "20231205_amicus_Professor_Eric_Goldman_VIDED"
2026-03-28 09:35:38,718 INFO root Processing Main Document: "Main Document"
2026-03-28 09:35:38,718 INFO root Filename: "20231205_amici_Internet_Works_VIDED"
2026-03-28 09:35:38,718 INFO root Processing Main Document: "Main Document"
2026-03-28 09:35:38,719 INFO root Filename: "20231205_amicus_Goldwater_Institute_VIDED"
2026-03-28 09:35:38,719 INFO root Processing Main Document: "Main Document"
2026-03-28 09:35:38,719 INFO root Filename: "20231205_amicus_Washington_Legal_Foundation_VIDED"
2026-03-28 09:35:38,719 INFO root Processing Main Document: "Main Document"
2026-03-28 09:35:38,719 INFO root Filename: "20231205_amici_Professors_Richard_Hasen_Brendan_Nyhan"
2026-03-28 09:35:38,719 INFO root Processing Main Document: "Main Document"
2026-03-28 09:35:38,719 INFO root Filename: "20231205_amici_Reporters_Committee_Freedom_Press"
2026-03-28 09:35:38,719 INFO root Processing Main Document: "Main Document"
2026-03-28 09:35:38,719 INFO root Filename: "20231206_amicus_Liberty_Justice_Center_VIDED"
2026-03-28 09:35:38,720 INFO root Processing Main Document: "Main Document"
2026-03-28 09:35:38,720 INFO root Filename: "20231206_amici_Giffords_Law_Center_Prevent"
2026-03-28 09:35:38,720 INFO root Processing Main Document: "Main Document"
2026-03-28 09:35:38,720 INFO root Filename: "20231206_amicus_Foundation_Individual_Rights_Expression_VIDED"
2026-03-28 09:35:38,720 INFO root Processing Main Document: "Main Document"
2026-03-28 09:35:38,720 INFO root Filename: "20231206_amicus_Bluesky_Public_Benefit_Corporation_Chris"
2026-03-28 09:35:38,720 INFO root Processing Main Document: "Main Document"
2026-03-28 09:35:38,720 INFO root Filename: "20231206_amici_First_Amendment_Internet_Law_Scholars"
2026-03-28 09:35:38,720 INFO root Processing Main Document: "Main Document"
2026-03-28 09:35:38,721 INFO root Filename: "20231206_amicus_Becket_Fund_Religious_Liberty"
2026-03-28 09:35:38,721 INFO root Processing Main Document: "Main Document"
2026-03-28 09:35:38,721 INFO root Filename: "20231206_amicus_Yelp_Inc_VIDED"
2026-03-28 09:35:38,721 INFO root Processing Main Document: "Main Document"
2026-03-28 09:35:38,721 INFO root Filename: "20231207_amicus_Public_Knowledge_VIDED"
2026-03-28 09:35:38,721 INFO root Processing Main Document: "Main Document"
2026-03-28 09:35:38,721 INFO root Filename: "20231207_amicus_Phoenix_Center_Advanced_Legal_Economic"
2026-03-28 09:35:38,721 INFO root Processing Main Document: "Main Document"
2026-03-28 09:35:38,722 INFO root Filename: "20231207_amicus_Knight_First_Amendment_Institute"
2026-03-28 09:35:38,722 INFO root Processing Main Document: "Main Document"
2026-03-28 09:35:38,722 INFO root Filename: "20231207_amici_Article_Global_Campaign_Free"
2026-03-28 09:35:38,722 INFO root Processing Main Document: "Main Document"
2026-03-28 09:35:38,722 INFO root Filename: "20231207_amici_Professors_History_VIDED"
2026-03-28 09:35:38,722 INFO root Processing Main Document: "Main Document"
2026-03-28 09:35:38,722 INFO root Filename: "20231207_amicus_Cato_Institute_VIDED"
2026-03-28 09:35:38,722 INFO root Processing Main Document: "Main Document"
2026-03-28 09:35:38,722 INFO root Filename: "20231207_amici_Marketplace_Industry_Association"
2026-03-28 09:35:38,722 INFO root Processing Main Document: "Main Document"
2026-03-28 09:35:38,723 INFO root Filename: "20231207_amici_National_Security_Experts_support"
2026-03-28 09:35:38,723 INFO root Processing Main Document: "Main Document"
2026-03-28 09:35:38,723 INFO root Filename: "20231207_amici_Developers_Alliance_VIDED"
2026-03-28 09:35:38,723 INFO root Processing Main Document: "Main Document"
2026-03-28 09:35:38,723 INFO root Filename: "20231207_amicus_Wikimedia_Foundation_VIDED"
2026-03-28 09:35:38,723 INFO root Processing Main Document: "Main Document"
2026-03-28 09:35:38,723 INFO root Filename: "20231207_amicus_International_Center_Law_Economics_VIDED"
2026-03-28 09:35:38,723 INFO root Processing Main Document: "Main Document"
2026-03-28 09:35:38,723 INFO root Filename: "20231207_amicus_National_Taxpayers_Union_Foundation_VIDED"
2026-03-28 09:35:38,724 INFO root Processing Main Document: "Main Document"
2026-03-28 09:35:38,724 INFO root Filename: "20231207_amicus_TechFreedom_VIDED"
2026-03-28 09:35:38,724 INFO root Processing Main Document: "Main Document"
2026-03-28 09:35:38,724 INFO root Filename: "20231207_amicus_Francis_Fukuyama_VIDED"
2026-03-28 09:35:38,724 INFO root Processing Main Document: "Main Document"
2026-03-28 09:35:38,724 INFO root Filename: "20231207_amici_Chamber_Progress_VIDED"
2026-03-28 09:35:38,724 INFO root Processing Main Document: "Main Document"
2026-03-28 09:35:38,724 INFO root Filename: "20231207_amicus_US_VIDED"
2026-03-28 09:35:38,724 INFO root Processing Main Document: "Main Document"
2026-03-28 09:35:38,724 INFO root Filename: "20231207_amicus_Internet_Society_VIDED"
2026-03-28 09:35:38,725 INFO root Processing Main Document: "Main Document"
2026-03-28 09:35:38,725 INFO root Filename: "20231207_amicus_Protect_First_Foundation_VIDED"
2026-03-28 09:35:38,725 INFO root Processing Main Document: "Main Document"
2026-03-28 09:35:38,725 INFO root Filename: "20231207_amici_Former_Representative_Christopher_Cox_Senator"
2026-03-28 09:35:38,725 INFO root Processing Main Document: "Main Document"
2026-03-28 09:35:38,725 INFO root Filename: "20231207_amicus_Engine_Advocacy_VIDED"
2026-03-28 09:35:38,726 INFO root Processing Main Document: "Main Document"
2026-03-28 09:35:38,726 INFO root Filename: "20231207_amici_Economists_support_neither_party"
2026-03-28 09:35:38,726 INFO root Processing Main Document: "Main Document"
2026-03-28 09:35:38,726 INFO root Filename: "20231207_amicus_Reddit_Inc_VIDED"
2026-03-28 09:35:38,726 INFO root Processing Main Document: "Main Document"
2026-03-28 09:35:38,726 INFO root Filename: "20231207_amicus_American_Center_Law_Justice"
2026-03-28 09:35:38,726 INFO root Processing Main Document: "Main Document"
2026-03-28 09:35:38,726 INFO root Filename: "20231207_amicus_Chamber_Commerce_US_America"
2026-03-28 09:35:38,726 INFO root Processing Main Document: "Main Document"
2026-03-28 09:35:38,727 INFO root Filename: "20231207_amicus_Center_Democracy_Technology_VIDED"
2026-03-28 09:35:38,727 INFO root Processing Main Document: "Main Document"
2026-03-28 09:35:38,727 INFO root Filename: "20231207_amici_Center_Social_Media_Politics"
2026-03-28 09:35:38,727 INFO root Processing Main Document: "Main Document"
2026-03-28 09:35:38,727 INFO root Filename: "20231207_amicus_Discord_Inc_VIDED"
2026-03-28 09:35:38,727 INFO root Processing Main Document: "Main Document"
2026-03-28 09:35:38,727 INFO root Filename: "20231207_amicus_Center_Business_Human_Rights_Leonard"
2026-03-28 09:35:38,727 INFO root Processing Main Document: "Main Document"
2026-03-28 09:35:38,728 INFO root Filename: "20231207_amicus_Trust_Safety_Foundation_VIDED"
2026-03-28 09:35:38,728 INFO root Processing Main Document: "Main Document"
2026-03-28 09:35:38,728 INFO root Filename: "20231207_amici_Reason_Foundation_VIDED"
2026-03-28 09:35:38,728 INFO root Processing Main Document: "Main Document"
2026-03-28 09:35:38,728 INFO root Filename: "20231207_amicus_U.S_Senator_Ben_Ray_LujÃ¡n"
2026-03-28 09:35:38,728 INFO root Processing Main Document: "Main Document"
2026-03-28 09:35:38,728 INFO root Filename: "20231207_amici_Electronic_Frontier_Foundation"
2026-03-28 09:35:38,728 INFO root Processing Main Document: "Main Document"
2026-03-28 09:35:38,729 INFO root Filename: "20231207_amicus_Professor_Christopher_Yoo_VIDED"
2026-03-28 09:35:38,729 INFO root Processing Main Document: "Main Document"
2026-03-28 09:35:38,729 INFO root Filename: "20231207_amicus_Lawyersâ_Committee_Civil_Rights_Under"
2026-03-28 09:35:38,729 INFO root Processing Main Document: "Main Document"
2026-03-28 09:35:38,729 INFO root Filename: "20231207_amicus_American_Jewish_Committee_VIDED"
2026-03-28 09:35:38,729 INFO root Processing Main Document: "Main Document"
2026-03-28 09:35:38,729 INFO root Filename: "20231207_amicus_Anti-Defamation_League_support_neither"
2026-03-28 09:35:38,729 INFO root Processing Main Document: "Main Document"
2026-03-28 09:35:38,729 INFO root Filename: "20231207_amici_New_York_VIDED"
2026-03-28 09:35:38,729 INFO root Processing Main Document: "Main Document"
2026-03-28 09:35:38,730 INFO root Filename: "20231207_amici_Center_Growth_Opportunity"
2026-03-28 09:35:38,730 INFO root Processing Main Document: "Main Document"
2026-03-28 09:35:38,730 INFO root Filename: "20231207_amicus_Americans_Prosperity_Foundation_VIDED"
2026-03-28 09:35:38,730 INFO root Processing Main Document: "Main Document"
2026-03-28 09:35:38,730 INFO root Filename: "20231207_amici_Moderators_R_Law_R_Scotus_VIDED"
2026-03-28 09:35:38,730 INFO root Processing Main Document: "Main Document"
2026-03-28 09:35:38,730 INFO root Filename: "20231207_amicus_Electronic_Privacy_Information_Center_supporting"
2026-03-28 09:35:38,730 INFO root Processing Main Document: "Main Document"
2026-03-28 09:35:38,731 INFO root Filename: "20240116_respondent_Ken_Paxton_Attorney_General_Texas"
2026-03-28 09:35:38,731 INFO root Processing Main Document: "Main Document"
2026-03-28 09:35:38,731 INFO root Filename: "20240119_amicus_Digital_Progress_Institute_VIDED_(Distributed)"
2026-03-28 09:35:38,731 INFO root Processing Main Document: "Main Document"
2026-03-28 09:35:38,731 INFO root Filename: "20240119_amicus_Christos_Makridis_VIDED_(Distributed)"
2026-03-28 09:35:38,731 INFO root Processing Main Document: "Main Document"
2026-03-28 09:35:38,731 INFO root Filename: "20240119_amici_Legal_Scholars_Adam_Candeub_Adam"
2026-03-28 09:35:38,731 INFO root Processing Main Document: "Main Document"
2026-03-28 09:35:38,731 INFO root Filename: "20240122_amici_States_Missouri_VIDED"
2026-03-28 09:35:38,732 INFO root Processing Main Document: "Main Document"
2026-03-28 09:35:38,732 INFO root Skipping non-brief document: "Jan 22 2024 Motion of United States for leave to participate in oral argument as"
2026-03-28 09:35:38,732 INFO root Processing Main Document: "Main Document"
2026-03-28 09:35:38,732 INFO root Filename: "20240122_amicus_World_Faith_Foundation_VIDED_(Distributed)"
2026-03-28 09:35:38,732 INFO root Processing Main Document: "Main Document"
2026-03-28 09:35:38,732 INFO root Filename: "20240122_amicus_Keep_Republic_VIDED_(Distributed)"
2026-03-28 09:35:38,732 INFO root Processing Main Document: "Main Document"
2026-03-28 09:35:38,732 INFO root Filename: "20240122_amicus_Professor_Philip_Hamburger_(Distributed)"
2026-03-28 09:35:38,733 INFO root Processing Main Document: "Main Document"
2026-03-28 09:35:38,733 INFO root Filename: "20240123_amicus_Heartland_Institute_VIDED_(Distributed)"
2026-03-28 09:35:38,733 INFO root Processing Main Document: "Main Document"
2026-03-28 09:35:38,733 INFO root Filename: "20240123_amicus_Center_Constitutional_Jurisprudence_VIDED_(Distributed)"
2026-03-28 09:35:38,733 INFO root Processing Main Document: "Main Document"
2026-03-28 09:35:38,733 INFO root Filename: "20240123_amici_iTexasPolitics_LLC_d_b_a_Texan"
2026-03-28 09:35:38,733 INFO root Processing Main Document: "Main Document"
2026-03-28 09:35:38,734 INFO root Filename: "20240123_amici_Moms_Liberty_VIDED"
2026-03-28 09:35:38,734 INFO root Processing Main Document: "Main Document"
2026-03-28 09:35:38,734 INFO root Filename: "20240123_amicus_American_Principles_Project_VIDED_(Distributed)"
2026-03-28 09:35:38,734 INFO root Processing Main Document: "Main Document"
2026-03-28 09:35:38,734 INFO root Filename: "20240123_amicus_David_Mamet_(Distributed)"
2026-03-28 09:35:38,734 INFO root Processing Main Document: "Main Document"
2026-03-28 09:35:38,734 INFO root Filename: "20240123_amicus_Rutherford_Institute_VIDED_(Distributed)"
2026-03-28 09:35:38,734 INFO root Processing Main Document: "Main Document"
2026-03-28 09:35:38,735 INFO root Filename: "20240123_amicus_Life_Legal_Defense_Foundation_(Distributed)"
2026-03-28 09:35:38,735 INFO root Processing Main Document: "Main Document"
2026-03-28 09:35:38,735 INFO root Filename: "20240123_amicus_Childrenâs_Health_Defense_VIDED_(Distributed)"
2026-03-28 09:35:38,735 INFO root Processing Main Document: "Main Document"
2026-03-28 09:35:38,735 INFO root Filename: "20240123_amici_Law_History_Scholars_(Distributed)"
2026-03-28 09:35:38,735 INFO root Processing Main Document: "Main Document"
2026-03-28 09:35:38,735 INFO root Filename: "20240123_amicus_Senator_Josh_Hawley_(Distributed)"
2026-03-28 09:35:38,735 INFO root Processing Main Document: "Main Document"
2026-03-28 09:35:38,736 INFO root Filename: "20240123_amicus_Students_Columbia_Against_Censorship"
2026-03-28 09:35:38,736 INFO root Processing Main Document: "Main Document"
2026-03-28 09:35:38,736 INFO root Filename: "20240123_amicus_Eric_Rasmusen_VIDED_(Distributed)"
2026-03-28 09:35:38,736 INFO root Processing Main Document: "Main Document"
2026-03-28 09:35:38,736 INFO root Filename: "20240123_amicus_Center_American_Liberty_VIDED_(Distributed)"
2026-03-28 09:35:38,736 INFO root Processing Main Document: "Main Document"
2026-03-28 09:35:38,736 INFO root Filename: "20240123_amicus_Donald_Landry_VIDED_(Distributed)"
2026-03-28 09:35:38,736 INFO root Processing Main Document: "Main Document"
2026-03-28 09:35:38,736 INFO root Filename: "20240123_amici_Babylon_Bee_Not_Bee_VIDED"
2026-03-28 09:35:38,736 INFO root Processing Main Document: "Main Document"
2026-03-28 09:35:38,737 INFO root Filename: "20240123_amicus_Center_Renewing_America_VIDED_(Distributed)"
2026-03-28 09:35:38,737 INFO root Processing Main Document: "Main Document"
2026-03-28 09:35:38,737 INFO root Filename: "20240123_amicus_Open_Markets_Institute_(Jan"
2026-03-28 09:35:38,737 INFO root Processing Main Document: "Main Document"
2026-03-28 09:35:38,737 INFO root Filename: "20240123_amicus_Populi_VIDED_(Distributed)"
2026-03-28 09:35:38,737 INFO root Processing Main Document: "Main Document"
2026-03-28 09:35:38,737 INFO root Filename: "20240215_reply_NetChoice_LLC_dba_NetChoice"
2026-03-28 09:35:38,737 INFO root Processing Main Document: "Main Document"
2026-03-28 09:35:38,737 INFO root Skipping non-brief document: "Aug 02 2024 Judgment Issued. Main Document"
2026-03-28 09:35:38,737 INFO root Found 88 brief/reply documents for 22-555
2026-03-28 09:35:38,738 INFO root Processing 88 brief/reply documents for case 22-555
2026-03-28 09:35:41,246 INFO root SUCCESS 22-555 [1/88] → data\22-555\json\20230103_reply_NetChoice_LLC_dba_NetChoice_0ad0cb.json
2026-03-28 09:35:43,627 INFO root SUCCESS 22-555 [2/88] → data\22-555\json\20230814_amicus_US_VIDED_21e9dd.json
2026-03-28 09:35:46,042 INFO root SUCCESS 22-555 [3/88] → data\22-555\json\20230828_respondent_Angela_Colmenero_her_Official_Capacity_Provisional_4a693a.json
2026-03-28 09:35:48,240 WARNING pdfminer.pdfpage CropBox missing from /Page, defaulting to MediaBox
2026-03-28 09:35:48,261 WARNING pdfminer.pdfpage CropBox missing from /Page, defaulting to MediaBox
2026-03-28 09:35:48,265 WARNING pdfminer.pdfpage CropBox missing from /Page, defaulting to MediaBox
2026-03-28 09:35:48,278 WARNING pdfminer.pdfpage CropBox missing from /Page, defaulting to MediaBox
2026-03-28 09:35:48,296 WARNING pdfminer.pdfpage CropBox missing from /Page, defaulting to MediaBox
2026-03-28 09:35:48,305 WARNING pdfminer.pdfpage CropBox missing from /Page, defaulting to MediaBox
2026-03-28 09:35:48,332 WARNING pdfminer.pdfpage CropBox missing from /Page, defaulting to MediaBox
2026-03-28 09:35:48,356 WARNING pdfminer.pdfpage CropBox missing from /Page, defaulting to MediaBox
2026-03-28 09:35:48,386 WARNING pdfminer.pdfpage CropBox missing from /Page, defaulting to MediaBox
2026-03-28 09:35:48,410 WARNING pdfminer.pdfpage CropBox missing from /Page, defaulting to MediaBox
2026-03-28 09:35:48,437 WARNING pdfminer.pdfpage CropBox missing from /Page, defaulting to MediaBox
2026-03-28 09:35:48,463 WARNING pdfminer.pdfpage CropBox missing from /Page, defaulting to MediaBox
2026-03-28 09:35:48,488 WARNING pdfminer.pdfpage CropBox missing from /Page, defaulting to MediaBox
2026-03-28 09:35:48,511 WARNING pdfminer.pdfpage CropBox missing from /Page, defaulting to MediaBox
2026-03-28 09:35:48,535 WARNING pdfminer.pdfpage CropBox missing from /Page, defaulting to MediaBox
2026-03-28 09:35:48,562 WARNING pdfminer.pdfpage CropBox missing from /Page, defaulting to MediaBox
2026-03-28 09:35:48,586 WARNING pdfminer.pdfpage CropBox missing from /Page, defaulting to MediaBox
2026-03-28 09:35:48,611 WARNING pdfminer.pdfpage CropBox missing from /Page, defaulting to MediaBox
2026-03-28 09:35:48,632 WARNING pdfminer.pdfpage CropBox missing from /Page, defaulting to MediaBox
2026-03-28 09:35:48,646 INFO root SUCCESS 22-555 [4/88] → data\22-555\json\20230830_petitioner_NetChoice_LLC_dba_NetChoice_13abe4.json
2026-03-28 09:35:50,810 WARNING pdfminer.pdfpage CropBox missing from /Page, defaulting to MediaBox
2026-03-28 09:35:50,828 WARNING pdfminer.pdfpage CropBox missing from /Page, defaulting to MediaBox
2026-03-28 09:35:50,834 WARNING pdfminer.pdfpage CropBox missing from /Page, defaulting to MediaBox
2026-03-28 09:35:50,842 WARNING pdfminer.pdfpage CropBox missing from /Page, defaulting to MediaBox
2026-03-28 09:35:50,868 WARNING pdfminer.pdfpage CropBox missing from /Page, defaulting to MediaBox
2026-03-28 09:35:50,876 WARNING pdfminer.pdfpage CropBox missing from /Page, defaulting to MediaBox
2026-03-28 09:35:50,897 WARNING pdfminer.pdfpage CropBox missing from /Page, defaulting to MediaBox
2026-03-28 09:35:50,914 WARNING pdfminer.pdfpage CropBox missing from /Page, defaulting to MediaBox
2026-03-28 09:35:50,936 WARNING pdfminer.pdfpage CropBox missing from /Page, defaulting to MediaBox
2026-03-28 09:35:50,956 WARNING pdfminer.pdfpage CropBox missing from /Page, defaulting to MediaBox
2026-03-28 09:35:50,977 WARNING pdfminer.pdfpage CropBox missing from /Page, defaulting to MediaBox
2026-03-28 09:35:50,998 WARNING pdfminer.pdfpage CropBox missing from /Page, defaulting to MediaBox
2026-03-28 09:35:51,020 WARNING pdfminer.pdfpage CropBox missing from /Page, defaulting to MediaBox
2026-03-28 09:35:51,032 WARNING pdfminer.pdfpage CropBox missing from /Page, defaulting to MediaBox
2026-03-28 09:35:51,070 WARNING pdfminer.pdfpage CropBox missing from /Page, defaulting to MediaBox
2026-03-28 09:35:51,101 WARNING pdfminer.pdfpage CropBox missing from /Page, defaulting to MediaBox
2026-03-28 09:35:51,113 WARNING pdfminer.pdfpage CropBox missing from /Page, defaulting to MediaBox
2026-03-28 09:35:51,140 WARNING pdfminer.pdfpage CropBox missing from /Page, defaulting to MediaBox
2026-03-28 09:35:51,171 WARNING pdfminer.pdfpage CropBox missing from /Page, defaulting to MediaBox
2026-03-28 09:35:51,204 WARNING pdfminer.pdfpage CropBox missing from /Page, defaulting to MediaBox
2026-03-28 09:35:51,233 WARNING pdfminer.pdfpage CropBox missing from /Page, defaulting to MediaBox
2026-03-28 09:35:51,258 WARNING pdfminer.pdfpage CropBox missing from /Page, defaulting to MediaBox
2026-03-28 09:35:51,283 WARNING pdfminer.pdfpage CropBox missing from /Page, defaulting to MediaBox
2026-03-28 09:35:51,310 WARNING pdfminer.pdfpage CropBox missing from /Page, defaulting to MediaBox
2026-03-28 09:35:51,332 WARNING pdfminer.pdfpage CropBox missing from /Page, defaulting to MediaBox
2026-03-28 09:35:51,361 WARNING pdfminer.pdfpage CropBox missing from /Page, defaulting to MediaBox
2026-03-28 09:35:51,391 WARNING pdfminer.pdfpage CropBox missing from /Page, defaulting to MediaBox
2026-03-28 09:35:51,414 WARNING pdfminer.pdfpage CropBox missing from /Page, defaulting to MediaBox
2026-03-28 09:35:51,444 WARNING pdfminer.pdfpage CropBox missing from /Page, defaulting to MediaBox
2026-03-28 09:35:51,468 WARNING pdfminer.pdfpage CropBox missing from /Page, defaulting to MediaBox
2026-03-28 09:35:51,488 WARNING pdfminer.pdfpage CropBox missing from /Page, defaulting to MediaBox
2026-03-28 09:35:51,509 WARNING pdfminer.pdfpage CropBox missing from /Page, defaulting to MediaBox
2026-03-28 09:35:51,534 WARNING pdfminer.pdfpage CropBox missing from /Page, defaulting to MediaBox
2026-03-28 09:35:51,559 WARNING pdfminer.pdfpage CropBox missing from /Page, defaulting to MediaBox
2026-03-28 09:35:51,582 WARNING pdfminer.pdfpage CropBox missing from /Page, defaulting to MediaBox
2026-03-28 09:35:51,603 WARNING pdfminer.pdfpage CropBox missing from /Page, defaulting to MediaBox
2026-03-28 09:35:51,625 WARNING pdfminer.pdfpage CropBox missing from /Page, defaulting to MediaBox
2026-03-28 09:35:51,645 WARNING pdfminer.pdfpage CropBox missing from /Page, defaulting to MediaBox
2026-03-28 09:35:51,672 WARNING pdfminer.pdfpage CropBox missing from /Page, defaulting to MediaBox
2026-03-28 09:35:51,697 WARNING pdfminer.pdfpage CropBox missing from /Page, defaulting to MediaBox
2026-03-28 09:35:51,721 WARNING pdfminer.pdfpage CropBox missing from /Page, defaulting to MediaBox
2026-03-28 09:35:51,749 WARNING pdfminer.pdfpage CropBox missing from /Page, defaulting to MediaBox
2026-03-28 09:35:51,773 WARNING pdfminer.pdfpage CropBox missing from /Page, defaulting to MediaBox
2026-03-28 09:35:51,800 WARNING pdfminer.pdfpage CropBox missing from /Page, defaulting to MediaBox
2026-03-28 09:35:51,826 WARNING pdfminer.pdfpage CropBox missing from /Page, defaulting to MediaBox
2026-03-28 09:35:51,854 WARNING pdfminer.pdfpage CropBox missing from /Page, defaulting to MediaBox
2026-03-28 09:35:51,882 WARNING pdfminer.pdfpage CropBox missing from /Page, defaulting to MediaBox
2026-03-28 09:35:51,897 WARNING pdfminer.pdfpage CropBox missing from /Page, defaulting to MediaBox
2026-03-28 09:35:51,921 WARNING pdfminer.pdfpage CropBox missing from /Page, defaulting to MediaBox
2026-03-28 09:35:51,947 WARNING pdfminer.pdfpage CropBox missing from /Page, defaulting to MediaBox
2026-03-28 09:35:51,968 WARNING pdfminer.pdfpage CropBox missing from /Page, defaulting to MediaBox
2026-03-28 09:35:51,989 WARNING pdfminer.pdfpage CropBox missing from /Page, defaulting to MediaBox
2026-03-28 09:35:52,011 WARNING pdfminer.pdfpage CropBox missing from /Page, defaulting to MediaBox
2026-03-28 09:35:52,035 WARNING pdfminer.pdfpage CropBox missing from /Page, defaulting to MediaBox
2026-03-28 09:35:52,061 WARNING pdfminer.pdfpage CropBox missing from /Page, defaulting to MediaBox
2026-03-28 09:35:52,085 WARNING pdfminer.pdfpage CropBox missing from /Page, defaulting to MediaBox
2026-03-28 09:35:52,108 WARNING pdfminer.pdfpage CropBox missing from /Page, defaulting to MediaBox
2026-03-28 09:35:52,132 WARNING pdfminer.pdfpage CropBox missing from /Page, defaulting to MediaBox
2026-03-28 09:35:52,155 WARNING pdfminer.pdfpage CropBox missing from /Page, defaulting to MediaBox
2026-03-28 09:35:52,177 WARNING pdfminer.pdfpage CropBox missing from /Page, defaulting to MediaBox
2026-03-28 09:35:52,200 WARNING pdfminer.pdfpage CropBox missing from /Page, defaulting to MediaBox
2026-03-28 09:35:52,219 WARNING pdfminer.pdfpage CropBox missing from /Page, defaulting to MediaBox
2026-03-28 09:35:52,247 WARNING pdfminer.pdfpage CropBox missing from /Page, defaulting to MediaBox
2026-03-28 09:35:52,274 WARNING pdfminer.pdfpage CropBox missing from /Page, defaulting to MediaBox
2026-03-28 09:35:52,296 WARNING pdfminer.pdfpage CropBox missing from /Page, defaulting to MediaBox
2026-03-28 09:35:52,316 WARNING pdfminer.pdfpage CropBox missing from /Page, defaulting to MediaBox
2026-03-28 09:35:52,328 WARNING pdfminer.pdfpage CropBox missing from /Page, defaulting to MediaBox
2026-03-28 09:35:52,341 INFO root SUCCESS 22-555 [5/88] → data\22-555\json\20231130_petitioner_NetChoice_LLC_dba_NetChoice_469461.json
2026-03-28 09:35:54,850 INFO root SUCCESS 22-555 [6/88] → data\22-555\json\20231130_amicus_Media_Law_Resource_Center_Inc_6698b1.json
2026-03-28 09:35:57,227 INFO root SUCCESS 22-555 [7/88] → data\22-555\json\20231205_amicus_Professor_Eric_Goldman_VIDED_805d31.json
2026-03-28 09:35:59,436 INFO root SUCCESS 22-555 [8/88] → data\22-555\json\20231205_amici_Internet_Works_VIDED_925654.json
2026-03-28 09:36:02,304 INFO root SUCCESS 22-555 [9/88] → data\22-555\json\20231205_amicus_Goldwater_Institute_VIDED_69dc71.json
2026-03-28 09:36:04,531 WARNING pdfminer.pdfpage CropBox missing from /Page, defaulting to MediaBox
2026-03-28 09:36:04,556 WARNING pdfminer.pdfpage CropBox missing from /Page, defaulting to MediaBox
2026-03-28 09:36:04,560 WARNING pdfminer.pdfpage CropBox missing from /Page, defaulting to MediaBox
2026-03-28 09:36:04,583 WARNING pdfminer.pdfpage CropBox missing from /Page, defaulting to MediaBox
2026-03-28 09:36:04,605 WARNING pdfminer.pdfpage CropBox missing from /Page, defaulting to MediaBox
2026-03-28 09:36:04,623 WARNING pdfminer.pdfpage CropBox missing from /Page, defaulting to MediaBox
2026-03-28 09:36:04,636 WARNING pdfminer.pdfpage CropBox missing from /Page, defaulting to MediaBox
2026-03-28 09:36:04,654 WARNING pdfminer.pdfpage CropBox missing from /Page, defaulting to MediaBox
2026-03-28 09:36:04,670 WARNING pdfminer.pdfpage CropBox missing from /Page, defaulting to MediaBox
2026-03-28 09:36:04,687 WARNING pdfminer.pdfpage CropBox missing from /Page, defaulting to MediaBox
2026-03-28 09:36:04,706 WARNING pdfminer.pdfpage CropBox missing from /Page, defaulting to MediaBox
2026-03-28 09:36:04,725 WARNING pdfminer.pdfpage CropBox missing from /Page, defaulting to MediaBox
2026-03-28 09:36:04,741 WARNING pdfminer.pdfpage CropBox missing from /Page, defaulting to MediaBox
2026-03-28 09:36:04,764 WARNING pdfminer.pdfpage CropBox missing from /Page, defaulting to MediaBox
2026-03-28 09:36:04,786 WARNING pdfminer.pdfpage CropBox missing from /Page, defaulting to MediaBox
2026-03-28 09:36:04,805 WARNING pdfminer.pdfpage CropBox missing from /Page, defaulting to MediaBox
2026-03-28 09:36:04,823 WARNING pdfminer.pdfpage CropBox missing from /Page, defaulting to MediaBox
2026-03-28 09:36:04,841 WARNING pdfminer.pdfpage CropBox missing from /Page, defaulting to MediaBox
2026-03-28 09:36:04,860 WARNING pdfminer.pdfpage CropBox missing from /Page, defaulting to MediaBox
2026-03-28 09:36:04,878 WARNING pdfminer.pdfpage CropBox missing from /Page, defaulting to MediaBox
2026-03-28 09:36:04,896 WARNING pdfminer.pdfpage CropBox missing from /Page, defaulting to MediaBox
2026-03-28 09:36:04,913 WARNING pdfminer.pdfpage CropBox missing from /Page, defaulting to MediaBox
2026-03-28 09:36:04,933 WARNING pdfminer.pdfpage CropBox missing from /Page, defaulting to MediaBox
2026-03-28 09:36:04,950 WARNING pdfminer.pdfpage CropBox missing from /Page, defaulting to MediaBox
2026-03-28 09:36:04,967 INFO root SUCCESS 22-555 [10/88] → data\22-555\json\20231205_amicus_Washington_Legal_Foundation_VIDED_56a0d6.json
2026-03-28 09:36:06,949 WARNING pdfminer.pdfpage CropBox missing from /Page, defaulting to MediaBox
2026-03-28 09:36:06,966 WARNING pdfminer.pdfpage CropBox missing from /Page, defaulting to MediaBox
2026-03-28 09:36:06,975 WARNING pdfminer.pdfpage CropBox missing from /Page, defaulting to MediaBox
2026-03-28 09:36:06,978 WARNING pdfminer.pdfpage CropBox missing from /Page, defaulting to MediaBox
2026-03-28 09:36:06,989 WARNING pdfminer.pdfpage CropBox missing from /Page, defaulting to MediaBox
2026-03-28 09:36:07,003 WARNING pdfminer.pdfpage CropBox missing from /Page, defaulting to MediaBox
2026-03-28 09:36:07,014 WARNING pdfminer.pdfpage CropBox missing from /Page, defaulting to MediaBox
2026-03-28 09:36:07,025 WARNING pdfminer.pdfpage CropBox missing from /Page, defaulting to MediaBox
2026-03-28 09:36:07,036 WARNING pdfminer.pdfpage CropBox missing from /Page, defaulting to MediaBox
2026-03-28 09:36:07,047 WARNING pdfminer.pdfpage CropBox missing from /Page, defaulting to MediaBox
2026-03-28 09:36:07,058 WARNING pdfminer.pdfpage CropBox missing from /Page, defaulting to MediaBox
2026-03-28 09:36:07,069 WARNING pdfminer.pdfpage CropBox missing from /Page, defaulting to MediaBox
2026-03-28 09:36:07,080 WARNING pdfminer.pdfpage CropBox missing from /Page, defaulting to MediaBox
2026-03-28 09:36:07,092 WARNING pdfminer.pdfpage CropBox missing from /Page, defaulting to MediaBox
2026-03-28 09:36:07,101 WARNING pdfminer.pdfpage CropBox missing from /Page, defaulting to MediaBox
2026-03-28 09:36:07,113 WARNING pdfminer.pdfpage CropBox missing from /Page, defaulting to MediaBox
2026-03-28 09:36:07,126 WARNING pdfminer.pdfpage CropBox missing from /Page, defaulting to MediaBox
2026-03-28 09:36:07,140 WARNING pdfminer.pdfpage CropBox missing from /Page, defaulting to MediaBox
2026-03-28 09:36:07,154 WARNING pdfminer.pdfpage CropBox missing from /Page, defaulting to MediaBox
2026-03-28 09:36:07,170 WARNING pdfminer.pdfpage CropBox missing from /Page, defaulting to MediaBox
2026-03-28 09:36:07,185 WARNING pdfminer.pdfpage CropBox missing from /Page, defaulting to MediaBox
2026-03-28 09:36:07,199 WARNING pdfminer.pdfpage CropBox missing from /Page, defaulting to MediaBox
2026-03-28 09:36:07,214 WARNING pdfminer.pdfpage CropBox missing from /Page, defaulting to MediaBox
2026-03-28 09:36:07,227 WARNING pdfminer.pdfpage CropBox missing from /Page, defaulting to MediaBox
2026-03-28 09:36:07,240 WARNING pdfminer.pdfpage CropBox missing from /Page, defaulting to MediaBox
2026-03-28 09:36:07,256 WARNING pdfminer.pdfpage CropBox missing from /Page, defaulting to MediaBox
2026-03-28 09:36:07,271 WARNING pdfminer.pdfpage CropBox missing from /Page, defaulting to MediaBox
2026-03-28 09:36:07,287 WARNING pdfminer.pdfpage CropBox missing from /Page, defaulting to MediaBox
2026-03-28 09:36:07,304 WARNING pdfminer.pdfpage CropBox missing from /Page, defaulting to MediaBox
2026-03-28 09:36:07,320 WARNING pdfminer.pdfpage CropBox missing from /Page, defaulting to MediaBox
2026-03-28 09:36:07,333 WARNING pdfminer.pdfpage CropBox missing from /Page, defaulting to MediaBox
2026-03-28 09:36:07,350 WARNING pdfminer.pdfpage CropBox missing from /Page, defaulting to MediaBox
2026-03-28 09:36:07,364 WARNING pdfminer.pdfpage CropBox missing from /Page, defaulting to MediaBox
2026-03-28 09:36:07,382 WARNING pdfminer.pdfpage CropBox missing from /Page, defaulting to MediaBox
2026-03-28 09:36:07,399 WARNING pdfminer.pdfpage CropBox missing from /Page, defaulting to MediaBox
2026-03-28 09:36:07,414 WARNING pdfminer.pdfpage CropBox missing from /Page, defaulting to MediaBox
2026-03-28 09:36:07,427 WARNING pdfminer.pdfpage CropBox missing from /Page, defaulting to MediaBox
2026-03-28 09:36:07,440 WARNING pdfminer.pdfpage CropBox missing from /Page, defaulting to MediaBox
2026-03-28 09:36:07,465 WARNING pdfminer.pdfpage CropBox missing from /Page, defaulting to MediaBox
2026-03-28 09:36:07,478 WARNING pdfminer.pdfpage CropBox missing from /Page, defaulting to MediaBox
2026-03-28 09:36:07,492 WARNING pdfminer.pdfpage CropBox missing from /Page, defaulting to MediaBox
2026-03-28 09:36:07,507 WARNING pdfminer.pdfpage CropBox missing from /Page, defaulting to MediaBox
2026-03-28 09:36:07,519 WARNING pdfminer.pdfpage CropBox missing from /Page, defaulting to MediaBox
2026-03-28 09:36:07,534 WARNING pdfminer.pdfpage CropBox missing from /Page, defaulting to MediaBox
2026-03-28 09:36:07,550 WARNING pdfminer.pdfpage CropBox missing from /Page, defaulting to MediaBox
2026-03-28 09:36:07,565 WARNING pdfminer.pdfpage CropBox missing from /Page, defaulting to MediaBox
2026-03-28 09:36:07,578 WARNING pdfminer.pdfpage CropBox missing from /Page, defaulting to MediaBox
2026-03-28 09:36:07,591 WARNING pdfminer.pdfpage CropBox missing from /Page, defaulting to MediaBox
2026-03-28 09:36:07,605 WARNING pdfminer.pdfpage CropBox missing from /Page, defaulting to MediaBox
2026-03-28 09:36:07,621 WARNING pdfminer.pdfpage CropBox missing from /Page, defaulting to MediaBox
2026-03-28 09:36:07,636 WARNING pdfminer.pdfpage CropBox missing from /Page, defaulting to MediaBox
2026-03-28 09:36:07,652 INFO root SUCCESS 22-555 [11/88] → data\22-555\json\20231205_amici_Professors_Richard_Hasen_Brendan_Nyhan_fa3b3c.json
2026-03-28 09:36:10,311 INFO root SUCCESS 22-555 [12/88] → data\22-555\json\20231205_amici_Reporters_Committee_Freedom_Press_606241.json
2026-03-28 09:36:12,496 WARNING pdfminer.pdfpage CropBox missing from /Page, defaulting to MediaBox
2026-03-28 09:36:12,513 WARNING pdfminer.pdfpage CropBox missing from /Page, defaulting to MediaBox
2026-03-28 09:36:12,516 WARNING pdfminer.pdfpage CropBox missing from /Page, defaulting to MediaBox
2026-03-28 09:36:12,522 WARNING pdfminer.pdfpage CropBox missing from /Page, defaulting to MediaBox
2026-03-28 09:36:12,534 WARNING pdfminer.pdfpage CropBox missing from /Page, defaulting to MediaBox
2026-03-28 09:36:12,546 WARNING pdfminer.pdfpage CropBox missing from /Page, defaulting to MediaBox
2026-03-28 09:36:12,559 WARNING pdfminer.pdfpage CropBox missing from /Page, defaulting to MediaBox
2026-03-28 09:36:12,572 WARNING pdfminer.pdfpage CropBox missing from /Page, defaulting to MediaBox
2026-03-28 09:36:12,585 WARNING pdfminer.pdfpage CropBox missing from /Page, defaulting to MediaBox
2026-03-28 09:36:12,596 WARNING pdfminer.pdfpage CropBox missing from /Page, defaulting to MediaBox
2026-03-28 09:36:12,609 WARNING pdfminer.pdfpage CropBox missing from /Page, defaulting to MediaBox
2026-03-28 09:36:12,622 WARNING pdfminer.pdfpage CropBox missing from /Page, defaulting to MediaBox
2026-03-28 09:36:12,635 WARNING pdfminer.pdfpage CropBox missing from /Page, defaulting to MediaBox
2026-03-28 09:36:12,648 WARNING pdfminer.pdfpage CropBox missing from /Page, defaulting to MediaBox
2026-03-28 09:36:12,660 WARNING pdfminer.pdfpage CropBox missing from /Page, defaulting to MediaBox
2026-03-28 09:36:12,674 WARNING pdfminer.pdfpage CropBox missing from /Page, defaulting to MediaBox
2026-03-28 09:36:12,687 WARNING pdfminer.pdfpage CropBox missing from /Page, defaulting to MediaBox
2026-03-28 09:36:12,700 WARNING pdfminer.pdfpage CropBox missing from /Page, defaulting to MediaBox
2026-03-28 09:36:12,710 INFO root SUCCESS 22-555 [13/88] → data\22-555\json\20231206_amicus_Liberty_Justice_Center_VIDED_019ab5.json
2026-03-28 09:36:15,063 INFO root SUCCESS 22-555 [14/88] → data\22-555\json\20231206_amici_Giffords_Law_Center_Prevent_6bf4c0.json
2026-03-28 09:36:17,363 WARNING pdfminer.pdfpage CropBox missing from /Page, defaulting to MediaBox
2026-03-28 09:36:17,383 WARNING pdfminer.pdfpage CropBox missing from /Page, defaulting to MediaBox
2026-03-28 09:36:17,392 WARNING pdfminer.pdfpage CropBox missing from /Page, defaulting to MediaBox
2026-03-28 09:36:17,408 WARNING pdfminer.pdfpage CropBox missing from /Page, defaulting to MediaBox
2026-03-28 09:36:17,430 WARNING pdfminer.pdfpage CropBox missing from /Page, defaulting to MediaBox
2026-03-28 09:36:17,455 WARNING pdfminer.pdfpage CropBox missing from /Page, defaulting to MediaBox
2026-03-28 09:36:17,480 WARNING pdfminer.pdfpage CropBox missing from /Page, defaulting to MediaBox
2026-03-28 09:36:17,504 WARNING pdfminer.pdfpage CropBox missing from /Page, defaulting to MediaBox
2026-03-28 09:36:17,525 WARNING pdfminer.pdfpage CropBox missing from /Page, defaulting to MediaBox
2026-03-28 09:36:17,542 WARNING pdfminer.pdfpage CropBox missing from /Page, defaulting to MediaBox
2026-03-28 09:36:17,557 WARNING pdfminer.pdfpage CropBox missing from /Page, defaulting to MediaBox
2026-03-28 09:36:17,579 WARNING pdfminer.pdfpage CropBox missing from /Page, defaulting to MediaBox
2026-03-28 09:36:17,596 WARNING pdfminer.pdfpage CropBox missing from /Page, defaulting to MediaBox
2026-03-28 09:36:17,613 WARNING pdfminer.pdfpage CropBox missing from /Page, defaulting to MediaBox
2026-03-28 09:36:17,628 WARNING pdfminer.pdfpage CropBox missing from /Page, defaulting to MediaBox
2026-03-28 09:36:17,641 WARNING pdfminer.pdfpage CropBox missing from /Page, defaulting to MediaBox
2026-03-28 09:36:17,655 WARNING pdfminer.pdfpage CropBox missing from /Page, defaulting to MediaBox
2026-03-28 09:36:17,667 WARNING pdfminer.pdfpage CropBox missing from /Page, defaulting to MediaBox
2026-03-28 09:36:17,679 WARNING pdfminer.pdfpage CropBox missing from /Page, defaulting to MediaBox
2026-03-28 09:36:17,695 WARNING pdfminer.pdfpage CropBox missing from /Page, defaulting to MediaBox
2026-03-28 09:36:17,711 WARNING pdfminer.pdfpage CropBox missing from /Page, defaulting to MediaBox
2026-03-28 09:36:17,727 WARNING pdfminer.pdfpage CropBox missing from /Page, defaulting to MediaBox
2026-03-28 09:36:17,742 WARNING pdfminer.pdfpage CropBox missing from /Page, defaulting to MediaBox
2026-03-28 09:36:17,759 WARNING pdfminer.pdfpage CropBox missing from /Page, defaulting to MediaBox
2026-03-28 09:36:17,778 WARNING pdfminer.pdfpage CropBox missing from /Page, defaulting to MediaBox
2026-03-28 09:36:17,795 WARNING pdfminer.pdfpage CropBox missing from /Page, defaulting to MediaBox
2026-03-28 09:36:17,810 WARNING pdfminer.pdfpage CropBox missing from /Page, defaulting to MediaBox
2026-03-28 09:36:17,827 WARNING pdfminer.pdfpage CropBox missing from /Page, defaulting to MediaBox
2026-03-28 09:36:17,842 WARNING pdfminer.pdfpage CropBox missing from /Page, defaulting to MediaBox
2026-03-28 09:36:17,858 WARNING pdfminer.pdfpage CropBox missing from /Page, defaulting to MediaBox
2026-03-28 09:36:17,873 WARNING pdfminer.pdfpage CropBox missing from /Page, defaulting to MediaBox
2026-03-28 09:36:17,886 WARNING pdfminer.pdfpage CropBox missing from /Page, defaulting to MediaBox
2026-03-28 09:36:17,901 WARNING pdfminer.pdfpage CropBox missing from /Page, defaulting to MediaBox
2026-03-28 09:36:17,918 WARNING pdfminer.pdfpage CropBox missing from /Page, defaulting to MediaBox
2026-03-28 09:36:17,935 WARNING pdfminer.pdfpage CropBox missing from /Page, defaulting to MediaBox
2026-03-28 09:36:17,954 WARNING pdfminer.pdfpage CropBox missing from /Page, defaulting to MediaBox
2026-03-28 09:36:17,970 WARNING pdfminer.pdfpage CropBox missing from /Page, defaulting to MediaBox
2026-03-28 09:36:17,987 WARNING pdfminer.pdfpage CropBox missing from /Page, defaulting to MediaBox
2026-03-28 09:36:18,004 WARNING pdfminer.pdfpage CropBox missing from /Page, defaulting to MediaBox
2026-03-28 09:36:18,024 WARNING pdfminer.pdfpage CropBox missing from /Page, defaulting to MediaBox
2026-03-28 09:36:18,042 WARNING pdfminer.pdfpage CropBox missing from /Page, defaulting to MediaBox
2026-03-28 09:36:18,065 WARNING pdfminer.pdfpage CropBox missing from /Page, defaulting to MediaBox
2026-03-28 09:36:18,084 WARNING pdfminer.pdfpage CropBox missing from /Page, defaulting to MediaBox
2026-03-28 09:36:18,101 INFO root SUCCESS 22-555 [15/88] → data\22-555\json\20231206_amicus_Foundation_Individual_Rights_Expression_VIDED_6628fe.json
2026-03-28 09:36:20,518 INFO root SUCCESS 22-555 [16/88] → data\22-555\json\20231206_amicus_Bluesky_Public_Benefit_Corporation_Chris_6c4859.json
2026-03-28 09:36:22,489 WARNING pdfminer.pdfpage CropBox missing from /Page, defaulting to MediaBox
2026-03-28 09:36:22,500 WARNING pdfminer.pdfpage CropBox missing from /Page, defaulting to MediaBox
2026-03-28 09:36:22,785 WARNING pdfminer.pdfpage CropBox missing from /Page, defaulting to MediaBox
2026-03-28 09:36:22,939 WARNING pdfminer.pdfpage CropBox missing from /Page, defaulting to MediaBox
2026-03-28 09:36:23,028 WARNING pdfminer.pdfpage CropBox missing from /Page, defaulting to MediaBox
2026-03-28 09:36:23,114 WARNING pdfminer.pdfpage CropBox missing from /Page, defaulting to MediaBox
2026-03-28 09:36:23,197 WARNING pdfminer.pdfpage CropBox missing from /Page, defaulting to MediaBox
2026-03-28 09:36:23,290 WARNING pdfminer.pdfpage CropBox missing from /Page, defaulting to MediaBox
2026-03-28 09:36:23,438 WARNING pdfminer.pdfpage CropBox missing from /Page, defaulting to MediaBox
2026-03-28 09:36:23,463 WARNING pdfminer.pdfpage CropBox missing from /Page, defaulting to MediaBox
2026-03-28 09:36:23,466 WARNING pdfminer.pdfpage CropBox missing from /Page, defaulting to MediaBox
2026-03-28 09:36:23,472 WARNING pdfminer.pdfpage CropBox missing from /Page, defaulting to MediaBox
2026-03-28 09:36:23,476 WARNING pdfminer.pdfpage CropBox missing from /Page, defaulting to MediaBox
2026-03-28 09:36:23,482 WARNING pdfminer.pdfpage CropBox missing from /Page, defaulting to MediaBox
2026-03-28 09:36:23,488 WARNING pdfminer.pdfpage CropBox missing from /Page, defaulting to MediaBox
2026-03-28 09:36:23,496 WARNING pdfminer.pdfpage CropBox missing from /Page, defaulting to MediaBox
2026-03-28 09:36:23,503 WARNING pdfminer.pdfpage CropBox missing from /Page, defaulting to MediaBox
2026-03-28 09:36:23,510 WARNING pdfminer.pdfpage CropBox missing from /Page, defaulting to MediaBox
2026-03-28 09:36:23,516 WARNING pdfminer.pdfpage CropBox missing from /Page, defaulting to MediaBox
2026-03-28 09:36:23,523 WARNING pdfminer.pdfpage CropBox missing from /Page, defaulting to MediaBox
2026-03-28 09:36:23,529 WARNING pdfminer.pdfpage CropBox missing from /Page, defaulting to MediaBox
2026-03-28 09:36:23,537 WARNING pdfminer.pdfpage CropBox missing from /Page, defaulting to MediaBox
2026-03-28 09:36:23,544 WARNING pdfminer.pdfpage CropBox missing from /Page, defaulting to MediaBox
2026-03-28 09:36:23,550 WARNING pdfminer.pdfpage CropBox missing from /Page, defaulting to MediaBox
2026-03-28 09:36:23,558 WARNING pdfminer.pdfpage CropBox missing from /Page, defaulting to MediaBox
2026-03-28 09:36:23,564 WARNING pdfminer.pdfpage CropBox missing from /Page, defaulting to MediaBox
2026-03-28 09:36:23,571 WARNING pdfminer.pdfpage CropBox missing from /Page, defaulting to MediaBox
2026-03-28 09:36:23,578 WARNING pdfminer.pdfpage CropBox missing from /Page, defaulting to MediaBox
2026-03-28 09:36:23,585 WARNING pdfminer.pdfpage CropBox missing from /Page, defaulting to MediaBox
2026-03-28 09:36:23,592 WARNING pdfminer.pdfpage CropBox missing from /Page, defaulting to MediaBox
2026-03-28 09:36:23,598 WARNING pdfminer.pdfpage CropBox missing from /Page, defaulting to MediaBox
2026-03-28 09:36:23,605 WARNING pdfminer.pdfpage CropBox missing from /Page, defaulting to MediaBox
2026-03-28 09:36:23,612 WARNING pdfminer.pdfpage CropBox missing from /Page, defaulting to MediaBox
2026-03-28 09:36:23,618 WARNING pdfminer.pdfpage CropBox missing from /Page, defaulting to MediaBox
2026-03-28 09:36:23,625 WARNING pdfminer.pdfpage CropBox missing from /Page, defaulting to MediaBox
2026-03-28 09:36:23,631 WARNING pdfminer.pdfpage CropBox missing from /Page, defaulting to MediaBox
2026-03-28 09:36:23,638 WARNING pdfminer.pdfpage CropBox missing from /Page, defaulting to MediaBox
2026-03-28 09:36:23,640 WARNING pdfminer.pdfpage CropBox missing from /Page, defaulting to MediaBox
2026-03-28 09:36:23,641 WARNING pdfminer.pdfpage CropBox missing from /Page, defaulting to MediaBox
2026-03-28 09:36:23,644 WARNING pdfminer.pdfpage CropBox missing from /Page, defaulting to MediaBox
2026-03-28 09:36:23,648 WARNING pdfminer.pdfpage CropBox missing from /Page, defaulting to MediaBox
2026-03-28 09:36:23,652 INFO root SUCCESS 22-555 [17/88] → data\22-555\json\20231206_amici_First_Amendment_Internet_Law_Scholars_9ebd38.json
2026-03-28 09:36:25,854 INFO root SUCCESS 22-555 [18/88] → data\22-555\json\20231206_amicus_Becket_Fund_Religious_Liberty_d202e8.json
2026-03-28 09:36:28,572 INFO root SUCCESS 22-555 [19/88] → data\22-555\json\20231206_amicus_Yelp_Inc_VIDED_155f6d.json
2026-03-28 09:36:30,576 WARNING pdfminer.pdfpage CropBox missing from /Page, defaulting to MediaBox
2026-03-28 09:36:30,597 WARNING pdfminer.pdfpage CropBox missing from /Page, defaulting to MediaBox
2026-03-28 09:36:30,617 WARNING pdfminer.pdfpage CropBox missing from /Page, defaulting to MediaBox
2026-03-28 09:36:30,638 WARNING pdfminer.pdfpage CropBox missing from /Page, defaulting to MediaBox
2026-03-28 09:36:30,662 WARNING pdfminer.pdfpage CropBox missing from /Page, defaulting to MediaBox
2026-03-28 09:36:30,681 WARNING pdfminer.pdfpage CropBox missing from /Page, defaulting to MediaBox
2026-03-28 09:36:30,700 WARNING pdfminer.pdfpage CropBox missing from /Page, defaulting to MediaBox
2026-03-28 09:36:30,722 WARNING pdfminer.pdfpage CropBox missing from /Page, defaulting to MediaBox
2026-03-28 09:36:30,744 WARNING pdfminer.pdfpage CropBox missing from /Page, defaulting to MediaBox
2026-03-28 09:36:30,764 WARNING pdfminer.pdfpage CropBox missing from /Page, defaulting to MediaBox
2026-03-28 09:36:30,779 WARNING pdfminer.pdfpage CropBox missing from /Page, defaulting to MediaBox
2026-03-28 09:36:30,796 WARNING pdfminer.pdfpage CropBox missing from /Page, defaulting to MediaBox
2026-03-28 09:36:30,817 WARNING pdfminer.pdfpage CropBox missing from /Page, defaulting to MediaBox
2026-03-28 09:36:30,840 WARNING pdfminer.pdfpage CropBox missing from /Page, defaulting to MediaBox
2026-03-28 09:36:30,862 WARNING pdfminer.pdfpage CropBox missing from /Page, defaulting to MediaBox
2026-03-28 09:36:30,883 WARNING pdfminer.pdfpage CropBox missing from /Page, defaulting to MediaBox
2026-03-28 09:36:30,905 WARNING pdfminer.pdfpage CropBox missing from /Page, defaulting to MediaBox
2026-03-28 09:36:30,923 WARNING pdfminer.pdfpage CropBox missing from /Page, defaulting to MediaBox
2026-03-28 09:36:30,943 WARNING pdfminer.pdfpage CropBox missing from /Page, defaulting to MediaBox
2026-03-28 09:36:30,964 WARNING pdfminer.pdfpage CropBox missing from /Page, defaulting to MediaBox
2026-03-28 09:36:30,979 WARNING pdfminer.pdfpage CropBox missing from /Page, defaulting to MediaBox
2026-03-28 09:36:31,002 WARNING pdfminer.pdfpage CropBox missing from /Page, defaulting to MediaBox
2026-03-28 09:36:31,026 WARNING pdfminer.pdfpage CropBox missing from /Page, defaulting to MediaBox
2026-03-28 09:36:31,044 WARNING pdfminer.pdfpage CropBox missing from /Page, defaulting to MediaBox
2026-03-28 09:36:31,066 WARNING pdfminer.pdfpage CropBox missing from /Page, defaulting to MediaBox
2026-03-28 09:36:31,088 WARNING pdfminer.pdfpage CropBox missing from /Page, defaulting to MediaBox
2026-03-28 09:36:31,109 WARNING pdfminer.pdfpage CropBox missing from /Page, defaulting to MediaBox
2026-03-28 09:36:31,128 WARNING pdfminer.pdfpage CropBox missing from /Page, defaulting to MediaBox
2026-03-28 09:36:31,147 WARNING pdfminer.pdfpage CropBox missing from /Page, defaulting to MediaBox
2026-03-28 09:36:31,172 WARNING pdfminer.pdfpage CropBox missing from /Page, defaulting to MediaBox
2026-03-28 09:36:31,190 WARNING pdfminer.pdfpage CropBox missing from /Page, defaulting to MediaBox
2026-03-28 09:36:31,210 WARNING pdfminer.pdfpage CropBox missing from /Page, defaulting to MediaBox
2026-03-28 09:36:31,230 WARNING pdfminer.pdfpage CropBox missing from /Page, defaulting to MediaBox
2026-03-28 09:36:31,249 WARNING pdfminer.pdfpage CropBox missing from /Page, defaulting to MediaBox
2026-03-28 09:36:31,270 WARNING pdfminer.pdfpage CropBox missing from /Page, defaulting to MediaBox
2026-03-28 09:36:31,290 WARNING pdfminer.pdfpage CropBox missing from /Page, defaulting to MediaBox
2026-03-28 09:36:31,312 WARNING pdfminer.pdfpage CropBox missing from /Page, defaulting to MediaBox
2026-03-28 09:36:31,330 WARNING pdfminer.pdfpage CropBox missing from /Page, defaulting to MediaBox
2026-03-28 09:36:31,350 WARNING pdfminer.pdfpage CropBox missing from /Page, defaulting to MediaBox
2026-03-28 09:36:31,367 WARNING pdfminer.pdfpage CropBox missing from /Page, defaulting to MediaBox
2026-03-28 09:36:31,389 WARNING pdfminer.pdfpage CropBox missing from /Page, defaulting to MediaBox
2026-03-28 09:36:31,402 INFO root SUCCESS 22-555 [20/88] → data\22-555\json\20231207_amicus_Public_Knowledge_VIDED_46834c.json
2026-03-28 09:36:33,286 WARNING pdfminer.pdfpage CropBox missing from /Page, defaulting to MediaBox
2026-03-28 09:36:33,307 WARNING pdfminer.pdfpage CropBox missing from /Page, defaulting to MediaBox
2026-03-28 09:36:33,325 WARNING pdfminer.pdfpage CropBox missing from /Page, defaulting to MediaBox
2026-03-28 09:36:33,344 WARNING pdfminer.pdfpage CropBox missing from /Page, defaulting to MediaBox
2026-03-28 09:36:33,362 WARNING pdfminer.pdfpage CropBox missing from /Page, defaulting to MediaBox
2026-03-28 09:36:33,379 WARNING pdfminer.pdfpage CropBox missing from /Page, defaulting to MediaBox
2026-03-28 09:36:33,397 WARNING pdfminer.pdfpage CropBox missing from /Page, defaulting to MediaBox
2026-03-28 09:36:33,420 WARNING pdfminer.pdfpage CropBox missing from /Page, defaulting to MediaBox
2026-03-28 09:36:33,440 WARNING pdfminer.pdfpage CropBox missing from /Page, defaulting to MediaBox
2026-03-28 09:36:33,451 WARNING pdfminer.pdfpage CropBox missing from /Page, defaulting to MediaBox
2026-03-28 09:36:33,467 WARNING pdfminer.pdfpage CropBox missing from /Page, defaulting to MediaBox
2026-03-28 09:36:33,486 WARNING pdfminer.pdfpage CropBox missing from /Page, defaulting to MediaBox
2026-03-28 09:36:33,504 WARNING pdfminer.pdfpage CropBox missing from /Page, defaulting to MediaBox
2026-03-28 09:36:33,522 WARNING pdfminer.pdfpage CropBox missing from /Page, defaulting to MediaBox
2026-03-28 09:36:33,536 WARNING pdfminer.pdfpage CropBox missing from /Page, defaulting to MediaBox
2026-03-28 09:36:33,556 WARNING pdfminer.pdfpage CropBox missing from /Page, defaulting to MediaBox
2026-03-28 09:36:33,577 WARNING pdfminer.pdfpage CropBox missing from /Page, defaulting to MediaBox
2026-03-28 09:36:33,596 WARNING pdfminer.pdfpage CropBox missing from /Page, defaulting to MediaBox
2026-03-28 09:36:33,616 WARNING pdfminer.pdfpage CropBox missing from /Page, defaulting to MediaBox
2026-03-28 09:36:33,637 WARNING pdfminer.pdfpage CropBox missing from /Page, defaulting to MediaBox
2026-03-28 09:36:33,657 WARNING pdfminer.pdfpage CropBox missing from /Page, defaulting to MediaBox
2026-03-28 09:36:33,675 WARNING pdfminer.pdfpage CropBox missing from /Page, defaulting to MediaBox
2026-03-28 09:36:33,695 WARNING pdfminer.pdfpage CropBox missing from /Page, defaulting to MediaBox
2026-03-28 09:36:33,712 WARNING pdfminer.pdfpage CropBox missing from /Page, defaulting to MediaBox
2026-03-28 09:36:33,733 WARNING pdfminer.pdfpage CropBox missing from /Page, defaulting to MediaBox
2026-03-28 09:36:33,752 WARNING pdfminer.pdfpage CropBox missing from /Page, defaulting to MediaBox
2026-03-28 09:36:33,771 WARNING pdfminer.pdfpage CropBox missing from /Page, defaulting to MediaBox
2026-03-28 09:36:33,789 WARNING pdfminer.pdfpage CropBox missing from /Page, defaulting to MediaBox
2026-03-28 09:36:33,808 WARNING pdfminer.pdfpage CropBox missing from /Page, defaulting to MediaBox
2026-03-28 09:36:33,831 WARNING pdfminer.pdfpage CropBox missing from /Page, defaulting to MediaBox
2026-03-28 09:36:33,847 WARNING pdfminer.pdfpage CropBox missing from /Page, defaulting to MediaBox
2026-03-28 09:36:33,867 WARNING pdfminer.pdfpage CropBox missing from /Page, defaulting to MediaBox
2026-03-28 09:36:33,891 WARNING pdfminer.pdfpage CropBox missing from /Page, defaulting to MediaBox
2026-03-28 09:36:33,915 WARNING pdfminer.pdfpage CropBox missing from /Page, defaulting to MediaBox
2026-03-28 09:36:33,939 WARNING pdfminer.pdfpage CropBox missing from /Page, defaulting to MediaBox
2026-03-28 09:36:33,957 WARNING pdfminer.pdfpage CropBox missing from /Page, defaulting to MediaBox
2026-03-28 09:36:33,962 WARNING pdfminer.pdfpage CropBox missing from /Page, defaulting to MediaBox
2026-03-28 09:36:33,973 INFO root SUCCESS 22-555 [21/88] → data\22-555\json\20231207_amicus_Phoenix_Center_Advanced_Legal_Economic_44a20f.json
2026-03-28 09:36:36,085 INFO root SUCCESS 22-555 [22/88] → data\22-555\json\20231207_amicus_Knight_First_Amendment_Institute_8e229d.json
2026-03-28 09:36:38,671 INFO root SUCCESS 22-555 [23/88] → data\22-555\json\20231207_amici_Article_Global_Campaign_Free_0c6645.json
2026-03-28 09:36:40,776 INFO root SUCCESS 22-555 [24/88] → data\22-555\json\20231207_amici_Professors_History_VIDED_b05c04.json
